pair_str,config,gpusim_version,jobId,stall_icnt_to_l2,stall_l2_to_icnt,stall_core_ldst,l1D_miss_rate,l2_miss_rate,l2_rshr_entry_fail,l2_rshr_merge_fail,l2_total_accesses,mem_count,empty_warp,stall_warp,idle_warp,scoreboard_warp,tot_warp_insn,runtime,instructions,l2_bw,avg_mem_lat,avg_core_to_l2,avg_l2_to_core,avg_mrq_latency,dram_eff,dram_bw,row_buffer_locality,mem_idle,total_cmd
parb_mriq-0-parb_sad-1,TITANV-PAE-CONCURRENT-SEP_RW-LSRR-INTRA_0:0.5:0.5_RATIO-CAP_15793160_CYCLE,commit_4ce9f_modified_0,8,81569561,0,793440383,0.9465,0.8443,8861,0,56850746,12257902,14285705,131575136,19996002,581125234,2565671531,[[] [1566 4813025 4215824] [4384104 2162538 475459 3336519] ],[[] [45056 21735183780 21739133980] [11264876160 355721760 93505200 11264876160] ],[[] [19.8130 2.2130 2.1534] [132.9624 403.2193 458.2520 147.0184] ],[[] [273 530 3028] [339 5224 1438 249] ],[[] [45 164 1880] [97 4211 755 75] ],[[] [10 49 10] [71 9 10 34] ],[[] [15 82 232] [143 328 287 37] ],[0.4846 0.4849 0.4839 0.484 0.4853 0.4851 0.485 0.4854 0.486 0.4847 0.4853 0.4857 0.4846 0.4847 0.4845 0.485 0.4848 0.4846 0.4846 0.4857 0.4847 0.4842 0.4844 0.4843],[0.2531 0.2532 0.2531 0.2531 0.2532 0.2532 0.2531 0.2531 0.2545 0.2545 0.2546 0.2545 0.2545 0.2545 0.2545 0.2545 0.2532 0.2531 0.2531 0.2531 0.2531 0.2531 0.2532 0.2531],[0.100357 0.100530 0.099279 0.099889 0.098923 0.099191 0.100315 0.100446 0.094567 0.094065 0.093963 0.094824 0.095018 0.094752 0.094935 0.093965 0.100160 0.099470 0.099135 0.100728 0.100196 0.099980 0.099865 0.100312],[3814746 3815171 3813827 3813594 3818532 3817126 3816650 3819290 3802871 3794299 3801268 3799438 3795568 3795340 3794259 3798456 3815267 3817157 3814263 3821867 3815023 3811204 3811563 3813618],[7337363 7337363 7337363 7337363 7337363 7337363 7337363 7337363 7337363 7337363 7337363 7337363 7337363 7337363 7337363 7337363 7337363 7337363 7337363 7337363 7337363 7337363 7337363 7337363 7337363 7337363 7337363 7337363 7337363 7337363 7337363 7337363 7337363 7337363 7337363 7337363 7337363 7337363 7337363 7337363 7337363 7337363 7337363 7337363 7337363 7337363 7337363 7337363]
parb_mriq-0-parb_sad-1,TITANV-PAE-CONCURRENT-SEP_RW-LSRR-INTRA_0:0.25:0.75_RATIO-CAP_15793160_CYCLE,commit_4ce9f_modified_0,7,178687537,0,916948785,0.9336,0.8713,90973,0,87668887,23497723,3400347,311844862,8178082,1157157466,2580955571,[[] [1683 6111807 6113406] [3559415 2269618 521131 3560001 2268921 518404] ],[[] [45056 21735183780 21739133980] [11264876160 355721760 93505200 11264876160 355721760 93505200] ],[[] [18.4356 1.7427 1.4850] [163.7490 384.1998 418.5260 163.9584 384.3159 420.7251] ],[[] [271 855 1202] [662 9077 2531 665 8992 2530] ],[[] [41 178 335] [401 8005 1753 404 7922 1768] ],[[] [11 13 11] [89 11 12 88 11 11] ],[[] [12 207 260] [243 337 294 246 336 292] ],[0.5928 0.5939 0.5942 0.5936 0.5938 0.5943 0.5933 0.5936 0.5906 0.5912 0.5909 0.5912 0.5913 0.5917 0.5906 0.5904 0.5933 0.5936 0.5931 0.5937 0.5938 0.5932 0.5934 0.5933],[0.3363 0.3363 0.3364 0.3364 0.3363 0.3363 0.3363 0.3363 0.3357 0.3356 0.3358 0.3357 0.3357 0.3357 0.3358 0.3356 0.3362 0.3362 0.3361 0.3361 0.3361 0.3361 0.3361 0.3362],[0.054536 0.054505 0.054362 0.054067 0.054682 0.054327 0.054677 0.054377 0.054378 0.054882 0.054395 0.054582 0.054544 0.054522 0.054596 0.054611 0.054469 0.054324 0.054721 0.054557 0.054739 0.054608 0.054604 0.054709],[3999186 4006712 4007349 4003220 4005866 4009283 4001449 4005853 3992965 3995922 3992344 3997172 3995308 3999186 3990802 3992618 4003857 4006581 4002573 4007126 4008807 4004332 4005069 4002482],[8994067 8994067 8994067 8994067 8994067 8994067 8994067 8994067 8994067 8994067 8994067 8994067 8994067 8994067 8994067 8994067 8994067 8994067 8994067 8994067 8994067 8994067 8994067 8994067 8994067 8994067 8994067 8994067 8994067 8994067 8994067 8994067 8994067 8994067 8994067 8994067 8994067 8994067 8994067 8994067 8994067 8994067 8994067 8994067 8994067 8994067 8994067 8994067]
parb_mriq-0-parb_sad-1,TITANV-PAE-CONCURRENT-SEP_RW-LSRR-INTRA_0:0.75:0.25_RATIO-CAP_15793160_CYCLE,commit_4ce9f_modified_0,9,34717952,0,353785020,0.9296,0.9504,3598,0,40609911,11865415,4341932,21696502,12371630,332613162,3091439534,[[] [1560 3956755 3890736 6426 4027011] [7297826 1834596 442633] ],[[] [45056 21735183780 21739133980 45056 21735183780] [11264876160 355721760 93505200] ],[[] [19.8892 2.6919 2.3333 4.7806 2.2544] [60.6863 474.3008 491.4278] ],[[] [279 911 2300 1290 4567] [159 1266 574] ],[[] [50 446 1562 214 3538] [18 595 74] ],[[] [11 23 9 11 10] [9 10 10] ],[[] [16 113 173 302 211] [13 293 284] ],[0.3968 0.3963 0.3966 0.3969 0.3974 0.3969 0.3963 0.3969 0.397 0.3963 0.3971 0.3971 0.3968 0.3963 0.3964 0.3955 0.3969 0.3972 0.3968 0.3973 0.397 0.3969 0.3973 0.3975],[0.1703 0.1703 0.1702 0.1702 0.1702 0.1702 0.1703 0.1702 0.1712 0.1712 0.1711 0.171 0.171 0.171 0.171 0.171 0.1702 0.1702 0.1702 0.1702 0.1702 0.1702 0.1702 0.1702],[0.099899 0.099612 0.099766 0.099631 0.100065 0.099157 0.099721 0.100757 0.094082 0.093203 0.093951 0.094045 0.094400 0.094057 0.093720 0.094088 0.100084 0.099277 0.099072 0.099806 0.099691 0.100269 0.099405 0.099680],[5383069 5379506 5377923 5379479 5383300 5383120 5377779 5384541 5367694 5364948 5366456 5367964 5367675 5364861 5366421 5362961 5381977 5385277 5380293 5382225 5382272 5381992 5384552 5386105],[8416773 8416773 8416773 8416773 8416773 8416773 8416773 8416773 8416773 8416773 8416773 8416773 8416773 8416773 8416773 8416773 8416773 8416773 8416773 8416773 8416773 8416773 8416773 8416773 8416773 8416773 8416773 8416773 8416773 8416773 8416773 8416773 8416773 8416773 8416773 8416773 8416773 8416773 8416773 8416773 8416773 8416773 8416773 8416773 8416773 8416773 8416773 8416773]
parb_sad-0-parb_sad-1,TITANV-PAE-CONCURRENT-SEP_RW-LSRR-INTRA_0:0.75:0.25_RATIO-CAP_14668852_CYCLE,commit_4ce9f_modified_0,3,48027372,0,395009132,0.9322,0.9803,7278,0,73910819,22046519,10646929,78363944,24536214,1630371239,750498366,[[] [58161 26874 13231 51579 28461 12999 51399 28414 12902 51069 28435 13102 50330 28234 13002 50909 28248 12884 50670 28213 13175 49822 28421 13026 46212 28271 13215 44619 29227 13091 45415 28669 12941 44883 29452 13191 44890 28384 13181 45007 29582 12968 44663 28742 12903 45261 28495 13005 44680 28759 13161 44724 27962 13084 44693 28959 12955 45331 28533 13125 44788 29431 12961 45015 28571 13126 44993 29182 13018 44875 28789 13072 44802 28710 13020 45133 28663 13044 44848 28769 13165 44978 28352 13154 44706 29291 13221 44609 28688 13151 45110 28796 13200 44872 28362 12979 44692 28384 13104 44986 28669 12931 45180 29269 13079 44687 28723 13072 45185 28454 13169 44985 28688 13306 45025 29210 13059 45309 28563 12963 44794 28816 13432 45053 28422 13160 44991 28078 13210 44619 29090 13250 44730 28208 12982 45060 28472 12986 45328 28615 12816 45233 28711 12991 45022 28970 13115 44812 28819 13090 44692 28617 13273 44859 28529 13061 45085 28728 12911 44642 28994 13050 44983 28296 13233 44895 28920 49206 53059 58801 55892 53575 57108 57847 52836 57990 59045 50736 57539 59029 49015 55950 52873 50633 54774 54466 51143 53902 54097 48094 54458 48882 45800 57103 52110 45943 55168 54813 47123 55077 50478 45319 55967 46284 45554 54151 48267 44823 56118 46443 46257 51668 38623 54037 61761 37488 54128 61428 38784 53179 60770 38146 52827] [4896813 2360188 532571] ],[[] [138709296 4380156 1151370 138709296 4380156 1151370 138709296 4380156 1151370 138709296 4380156 1151370 138709296 4380156 1151370 138709296 4380156 1151370 138709296 4380156 1151370 138709296 4380156 1151370 138709296 4380156 1151370 138709296 4380156 1151370 138709296 4380156 1151370 138709296 4380156 1151370 138709296 4380156 1151370 138709296 4380156 1151370 138709296 4380156 1151370 138709296 4380156 1151370 138709296 4380156 1151370 138709296 4380156 1151370 138709296 4380156 1151370 138709296 4380156 1151370 138709296 4380156 1151370 138709296 4380156 1151370 138709296 4380156 1151370 138709296 4380156 1151370 138709296 4380156 1151370 138709296 4380156 1151370 138709296 4380156 1151370 138709296 4380156 1151370 138709296 4380156 1151370 138709296 4380156 1151370 138709296 4380156 1151370 138709296 4380156 1151370 138709296 4380156 1151370 138709296 4380156 1151370 138709296 4380156 1151370 138709296 4380156 1151370 138709296 4380156 1151370 138709296 4380156 1151370 138709296 4380156 1151370 138709296 4380156 1151370 138709296 4380156 1151370 138709296 4380156 1151370 138709296 4380156 1151370 138709296 4380156 1151370 138709296 4380156 1151370 138709296 4380156 1151370 138709296 4380156 1151370 138709296 4380156 1151370 138709296 4380156 1151370 138709296 4380156 1151370 138709296 4380156 1151370 138709296 4380156 1151370 138709296 4380156 1151370 138709296 4380156 1151370 138709296 4380156 1151370 138709296 4380156 1151370 138709296 4380156 1151370 138709296 4380156 1151370 138709296 4380156 1151370 138709296 4380156 1151370 138709296 4380156 1151370 138709296 4380156 1151370 138709296 4380156 1151370 138709296 4380156 1151370 138709296 4380156 1151370 138709296 4380156 1151370 138709296 4380156 1151370 138709296 4380156 1151370 138709296 4380156 1151370 138709296 4380156 1151370 138709296 4380156 1151370 138709296 4380156 1151370 138709296 4380156 1151370 138709296 4380156 1151370 138709296] [11264876160 355721760 93505200] ],[[] [118.7237 404.4374 214.6377 96.3726 381.8858 218.4685 92.3052 382.5175 220.1110 91.9182 382.2350 216.7510 93.0756 384.9561 218.4181 91.9416 384.7654 220.4185 92.3934 385.2427 215.5501 93.9783 382.4232 218.0157 101.2965 384.4523 214.8976 104.9165 371.8771 216.9332 103.1012 379.1151 219.4476 104.3233 369.0361 215.2886 104.3036 382.9218 215.4519 104.0290 367.4143 218.9908 104.8200 378.1522 220.0939 103.4418 381.4301 218.3677 104.7835 377.9287 215.7793 104.6873 388.7008 217.0492 104.7427 375.3186 219.2105 103.2923 380.9221 216.3712 104.5411 369.2994 219.1090 104.0174 380.4155 216.3547 104.0648 372.4505 218.1496 104.3316 377.5349 217.2485 104.5085 378.5737 218.1161 103.7250 379.1945 217.7148 104.3842 377.7973 215.7138 104.0790 383.3539 215.8942 104.7260 371.0645 214.8001 104.9606 378.8640 215.9434 103.8051 377.4431 215.1418 104.3317 383.2188 218.8051 104.7485 382.9218 216.7179 104.0810 379.1151 219.6174 103.6341 371.3434 217.1322 104.7809 378.4024 217.2485 103.6260 381.9797 215.6483 104.0629 378.8640 213.4279 103.9943 372.0935 217.4647 103.3221 380.5220 219.0752 104.5031 377.1811 211.4258 103.9194 382.4098 215.7957 104.0763 387.0949 214.9790 104.9337 373.6284 214.3300 104.6698 385.3109 218.7546 103.9067 381.7383 218.6872 103.2856 379.8305 221.5880 103.4991 378.5605 218.6030 103.9978 375.1761 216.5362 104.4646 377.1418 216.9497 104.7657 379.8040 213.9586 104.3688 380.9756 217.4314 103.8423 378.3365 219.9576 104.9002 374.8655 217.6147 104.0880 384.1126 214.6053 104.2851 375.8247 57.9637 93.5600 182.1246 50.8100 92.6359 187.5352 49.0928 93.9519 184.6902 48.0967 97.8528 186.1331 48.1098 101.2541 191.4098 53.7112 97.9608 195.5284 52.1403 97.0380 198.6959 52.4959 103.1899 196.6510 58.0965 108.2947 187.5449 54.4976 107.9944 194.1264 51.8102 105.3032 194.4437 56.2596 109.4678 191.3544 61.3575 108.9065 197.7695 58.8367 110.6552 190.8333 61.1475 107.2779 207.2677 73.5280 91.7018 175.8133 71.4930 91.3064 176.7551 69.1040 92.9243 178.6785 70.2597 93.3254] [77.3786 369.0987 408.5668] ],[[] [992 365 208 741 380 210 668 385 208 710 385 208 711 383 207 710 384 206 760 380 206 765 384 209 715 382 209 780 385 209 852 386 210 772 384 210 779 386 210 775 382 210 777 382 208 823 384 209 743 386 209 746 387 208 765 386 211 789 387 209 742 390 209 777 389 209 799 386 209 762 385 210 756 385 208 802 384 209 750 383 209 795 385 210 760 386 211 716 385 208 794 385 209 719 390 209 752 384 209 801 389 210 798 386 209 787 384 209 827 383 209 802 384 210 791 382 209 833 383 209 816 384 211 742 383 208 808 385 210 758 385 210 749 387 209 769 391 209 773 387 209 776 385 208 798 380 208 779 389 208 745 387 209 819 387 209 790 382 209 744 384 209 811 380 210 797 386 835 1697 1414 840 984 1407 638 1204 1055 654 1271 971 714 1175 1227 798 697 1297 566 903 1115 587 1007 1059 634 576 1159 551 746 990 581 743 1141 609 639 1130 561 640 945 571 654 1118 580 735 782 583 889 1068 576 816 1006 621 784 996 624 590] [213 1524 793] ],[[] [742 54 24 597 45 25 526 46 24 568 47 25 570 44 24 567 46 23 618 45 24 622 47 25 573 46 25 637 44 24 708 45 25 630 45 25 636 47 25 633 45 26 634 45 24 681 44 25 602 45 25 603 47 24 623 48 25 647 45 25 601 47 24 633 46 25 657 47 24 620 46 26 613 46 24 660 45 24 608 44 24 652 46 25 617 46 25 574 44 24 652 45 25 575 45 25 609 46 24 658 46 25 656 46 25 645 45 24 684 45 24 660 45 25 649 46 25 691 46 24 674 46 25 597 46 24 664 46 25 616 45 25 607 45 25 626 47 25 630 47 25 634 46 24 656 45 24 637 46 23 604 46 24 676 45 24 648 45 24 602 44 25 666 44 25 655 46 202 1269 474 169 650 492 98 846 301 107 905 279 122 809 367 137 422 421 71 611 326 82 683 295 85 332 339 76 482 260 83 479 355 96 388 318 69 398 267 69 401 341 74 478 215 127 625 291 65 567 253 74 535 260 69 429] [66 852 214] ],[[] [103 22 9 14 15 9 12 12 9 11 15 8 11 14 8 11 14 8 12 14 8 12 14 8 11 14 9 12 15 9 12 14 9 11 14 8 12 14 8 12 14 9 11 13 8 12 13 8 10 14 9 11 14 9 11 13 9 11 13 8 11 14 8 12 14 8 11 14 9 11 14 9 12 15 8 11 14 8 11 14 8 11 14 8 12 13 9 11 14 8 11 13 9 12 14 9 12 14 8 12 14 8 12 13 8 11 14 9 12 14 8 11 15 9 11 14 8 11 14 8 12 14 9 13 14 8 13 14 9 11 14 8 11 14 8 11 14 9 11 15 8 11 14 8 11 13 8 11 14 8 11 14 8 12 13 8 11 14 9 11 15 8 13 14 8 11 14 24 18 9 9 21 9 9 21 9 9 18 9 9 19 9 9 20 9 9 22 9 9 21 9 9 16 9 9 18 9 9 17 9 9 16 9 9 19 9 9 18 9 9 19 9 21 31 10 10 28 10 9 28 10 9 20] [10 11 13] ],[[] [9 198 7 14 238 10 12 241 8 13 241 8 11 244 7 15 240 7 12 239 8 15 240 9 14 240 9 14 245 9 14 248 10 12 243 11 14 245 10 13 238 9 18 242 10 12 243 9 12 244 9 15 245 9 14 243 11 13 246 11 13 247 10 14 244 11 14 240 9 12 247 10 14 239 9 15 246 11 13 243 11 17 244 11 15 243 12 12 244 10 13 242 9 13 246 10 16 246 11 15 246 11 12 244 10 13 242 11 15 242 11 15 239 10 14 242 10 14 243 10 16 241 12 14 244 9 13 244 10 15 244 11 12 246 9 15 244 9 18 240 9 13 237 9 14 241 8 12 249 10 13 245 11 16 248 10 14 242 9 14 244 9 16 241 10 14 242 257 273 310 288 284 306 256 280 304 254 289 290 273 271 304 292 273 303 273 262 297 250 283 298 284 258 299 255 250 298 270 258 291 275 245 299 262 263 292 281 253 297 276 256 250 214 296 301 277 282 301 281 298 296 290 198] [163 301 293] ],[0.5622 0.5616 0.5625 0.5621 0.5623 0.5636 0.5617 0.5623 0.5759 0.5748 0.575 0.5752 0.5759 0.5753 0.5743 0.5751 0.5617 0.5617 0.5619 0.5609 0.562 0.5618 0.5619 0.5632],[0.4035 0.402 0.4035 0.4039 0.4039 0.4034 0.4032 0.4035 0.4122 0.4109 0.4114 0.4118 0.4125 0.4111 0.4115 0.4119 0.4031 0.4028 0.4028 0.4034 0.4034 0.4027 0.4026 0.4046],[0.109346 0.112208 0.111394 0.108938 0.110013 0.110400 0.110115 0.108933 0.101463 0.102942 0.101525 0.100336 0.100078 0.101903 0.100300 0.100362 0.110499 0.110443 0.112799 0.110527 0.110710 0.109664 0.111040 0.109327],[1775310 1790954 1783807 1770045 1774425 1790103 1778806 1775035 1782718 1788304 1780887 1779720 1777639 1786473 1780931 1779395 1780857 1785059 1786932 1773609 1775174 1782797 1785873 1773470],[5526953 5526953 5526953 5526953 5526953 5526953 5526953 5526953 5526953 5526953 5526953 5526953 5526953 5526953 5526953 5526953 5526953 5526953 5526953 5526953 5526953 5526953 5526953 5526953 5526953 5526953 5526953 5526953 5526953 5526953 5526953 5526953 5526953 5526953 5526953 5526953 5526953 5526953 5526953 5526953 5526953 5526953 5526953 5526953 5526953 5526953 5526953 5526953]
parb_sad-0-parb_sad-1,TITANV-PAE-CONCURRENT-SEP_RW-LSRR-INTRA_0:0.25:0.75_RATIO-CAP_14668852_CYCLE,commit_4ce9f_modified_0,1,110353164,0,844172048,0.9332,0.9266,47183,0,57784538,16155416,9778869,137699301,17713996,1494211807,553470447,[[] [155409 33041 16777 144232 33809 14041 151145 33014 16247 147761 32862 13976 150952 32724 15720 143435 33377 15125 147816 33268 14162 148905 32570 14512 147267 33474 14880 146255 33357 14538 149409 33367 16004 144838 33170 15646 147740 33516 13926 151567 33993 15688 145272 33767 14698 146782 33056 14319 147373 33949 14650 148126 33253 14268 110709 71452 75463 95045 66529 74417 85913 63328 78349 85574 64205 75656 78132 62520 79019 81294 64316 73263 80821 63529 74657 74146 65657 76263 78460 64183 69394 77665 64349 76545 74415 63176 77289 80894 61852 66050 66003 71308 55616 100371 77766 52015 94749 77583 48525 65937] [3585515 2687560 624206] ],[[] [138709296 4380156 1151370 138709296 4380156 1151370 138709296 4380156 1151370 138709296 4380156 1151370 138709296 4380156 1151370 138709296 4380156 1151370 138709296 4380156 1151370 138709296 4380156 1151370 138709296 4380156 1151370 138709296 4380156 1151370 138709296 4380156 1151370 138709296 4380156 1151370 138709296 4380156 1151370 138709296 4380156 1151370 138709296 4380156 1151370 138709296 4380156 1151370 138709296 4380156 1151370 138709296 4380156 1151370 138709296 4380156 1151370 138709296 4380156 1151370 138709296 4380156 1151370 138709296 4380156 1151370 138709296 4380156 1151370 138709296 4380156 1151370 138709296 4380156 1151370 138709296 4380156 1151370 138709296 4380156 1151370 138709296 4380156 1151370 138709296 4380156 1151370 138709296 4380156 1151370 138709296 4380156 1151370 138709296 4380156 1151370 138709296 4380156 1151370 138709296] [11264876160 355721760 93505200] ],[[] [45.1502 328.9504 169.2717 45.4915 321.4190 202.2557 43.0613 329.2195 174.7936 46.7741 330.7422 203.1963 44.7240 332.1370 180.6534 47.9267 325.5193 187.7601 45.9160 326.7059 200.5276 45.7215 333.7074 195.6913 46.0361 324.6953 190.8516 46.2318 325.7743 195.2040 45.1355 325.7365 177.4476 46.9110 327.6711 181.5079 46.2734 324.2884 203.9259 44.9540 319.7379 181.0219 47.2424 321.8779 193.2149 46.2091 328.8011 198.3289 46.2229 320.0935 193.8479 46.7345 326.8532 199.0378 61.0576 150.1035 37.5512 54.9191 161.0625 37.9965 56.6696 169.1642 36.0901 55.9931 166.8751 37.3742 60.8093 171.4273 35.7836 58.0209 166.5590 38.5992 58.1932 168.6326 37.8743 63.4300 163.2209 37.0767 59.8464 166.8940 40.7496 60.4254 166.4837 36.9402 63.0087 169.6199 36.5846 57.9432 173.1886 42.8103 70.9716 152.3889 48.1899 49.3452 139.6756 51.5261 52.2489 140.0358 55.2319 75.0075] [133.1088 324.6191 349.5527] ],[[] [425 456 293 318 454 208 287 462 261 313 462 214 270 446 245 241 452 226 274 461 218 260 448 222 252 461 228 255 454 224 285 449 234 246 456 235 282 460 213 293 454 245 281 454 225 251 455 218 250 457 221 263 462 219 683 1689 1237 791 1475 1221 815 1563 1023 806 1551 1238 725 1581 1225 1014 1539 1086 997 1553 1210 713 1572 1229 1154 1516 1072 1084 1548 1235 818 1580 1233 1286 1489 830 397 1559 1137 1114 1280 969 740 1346 873 305] [512 11070 3372] ],[[] [176 79 78 126 73 24 84 74 56 111 71 27 67 67 40 56 69 38 89 70 30 58 65 33 60 69 39 79 68 34 78 69 38 61 70 41 89 76 27 83 68 48 82 70 35 64 71 30 55 65 34 67 69 32 308 635 290 293 514 291 314 545 216 314 507 288 288 585 290 526 500 247 513 545 289 318 571 289 675 522 243 609 542 289 428 557 289 807 489 138 159 608 250 688 385 191 422 437 146 142] [321 9991 2493] ],[[] [103 18 37 56 18 9 73 24 28 70 19 12 73 18 27 53 18 12 54 18 13 71 18 14 63 19 13 47 20 15 79 16 20 58 16 16 62 20 10 80 16 18 68 17 13 57 19 12 62 17 11 68 18 11 66 10 8 16 8 8 15 8 8 14 8 8 14 8 8 12 8 8 13 8 8 11 8 8 12 8 8 12 8 8 11 8 8 12 8 8 13 18 8 16 9 8 17 9 8 14] [48 11 11] ],[[] [91 283 14 33 289 8 44 290 12 27 296 8 27 291 12 15 296 11 33 296 9 23 294 9 19 295 9 22 297 10 25 290 11 15 296 12 33 290 9 32 297 15 18 296 11 19 294 10 23 302 9 19 304 9 251 317 332 257 322 331 262 322 313 257 321 329 250 307 331 250 325 314 248 320 336 235 311 328 243 323 311 246 319 335 238 312 328 250 328 312 185 311 323 260 311 305 232 304 306 103] [107 346 315] ],[0.5261 0.5256 0.5269 0.5267 0.5263 0.5267 0.5252 0.5262 0.5255 0.5257 0.5253 0.5263 0.5251 0.5261 0.5248 0.5255 0.5265 0.5256 0.5267 0.5267 0.527 0.5261 0.5258 0.526],[0.404 0.4035 0.4041 0.4041 0.404 0.4037 0.4038 0.404 0.403 0.403 0.4029 0.4038 0.403 0.4029 0.4028 0.4031 0.404 0.4034 0.4034 0.4038 0.4039 0.403 0.4032 0.4037],[0.079380 0.080109 0.080143 0.079753 0.078741 0.080552 0.079897 0.079803 0.079340 0.079898 0.080028 0.079129 0.079466 0.079957 0.080318 0.079459 0.079205 0.080719 0.080235 0.079405 0.079386 0.080322 0.080399 0.079771],[1346860 1349213 1351651 1348252 1344047 1351673 1341236 1348684 1348256 1351453 1347540 1345330 1343918 1350220 1345657 1344968 1349479 1348494 1352479 1349588 1352370 1353596 1351077 1349406],[4900053 4900053 4900053 4900053 4900053 4900053 4900053 4900053 4900053 4900053 4900053 4900053 4900053 4900053 4900053 4900053 4900053 4900053 4900053 4900053 4900053 4900053 4900053 4900053 4900053 4900053 4900053 4900053 4900053 4900053 4900053 4900053 4900053 4900053 4900053 4900053 4900053 4900053 4900053 4900053 4900053 4900053 4900053 4900053 4900053 4900053 4900053 4900053]
parb_sad-0-parb_sad-1,TITANV-PAE-CONCURRENT-SEP_RW-LSRR-INTRA_0:0.5:0.5_RATIO-CAP_14668852_CYCLE,commit_4ce9f_modified_0,2,101868722,0,872238945,0.9330,0.9185,41980,0,65945420,18270848,12206369,126497704,22123299,1592935012,625553832,[[] [89083 30449 14327 86158 32767 14254 84244 31854 14417 85552 32437 14136 85512 32498 14091 86363 32448 15116 85224 32601 14733 85827 32491 14283 85251 32135 14457 86327 32257 14428 85106 32614 14554 84923 32407 14760 86155 32723 14964 85671 32414 14353 86721 32946 14182 85427 32833 14287 86322 32220 14525 85749 32755 14343 85422 32815 14356 85079 32258 14794 86409 32824 14947 84787 33143 14700 85635 32795 14512 85128 33121 14545 86913 32879 14766 86818 32669 14895 84983 32538 14539 87771 32522 14382 84964 33100 15048 84677 32434 14903 86112 33341 15525 72247 66297 72855 67940 61228 73569 65352 61624 72679 62408 63079 72090 61369 60087 71991 67792 63779 69422 63903 62196 73355 62866 62229 68484 61078 60628 68891 58668 61549 71218 59839 61248 71381 61273 62396 69717 57352 64083 75205 60072 55974 33507 87480 74563 46651 65099 72849 44924 67309 73203 30408 50731] [4189098 2632769 581666] ],[[] [138709296 4380156 1151370 138709296 4380156 1151370 138709296 4380156 1151370 138709296 4380156 1151370 138709296 4380156 1151370 138709296 4380156 1151370 138709296 4380156 1151370 138709296 4380156 1151370 138709296 4380156 1151370 138709296 4380156 1151370 138709296 4380156 1151370 138709296 4380156 1151370 138709296 4380156 1151370 138709296 4380156 1151370 138709296 4380156 1151370 138709296 4380156 1151370 138709296 4380156 1151370 138709296 4380156 1151370 138709296 4380156 1151370 138709296 4380156 1151370 138709296 4380156 1151370 138709296 4380156 1151370 138709296 4380156 1151370 138709296 4380156 1151370 138709296 4380156 1151370 138709296 4380156 1151370 138709296 4380156 1151370 138709296 4380156 1151370 138709296 4380156 1151370 138709296 4380156 1151370 138709296 4380156 1151370 138709296 4380156 1151370 138709296 4380156 1151370 138709296 4380156 1151370 138709296 4380156 1151370 138709296 4380156 1151370 138709296 4380156 1151370 138709296 4380156 1151370 138709296 4380156 1151370 138709296 4380156 1151370 138709296 4380156 1151370 138709296 4380156 1151370 138709296 4380156 1151370 138709296 4380156 1151370 138709296 4380156 1151370 138709296 4380156 1151370 138709296 4380156 1151370 138709296 4380156 1151370 138709296] [11264876160 355721760 93505200] ],[[] [81.1546 356.9526 198.2182 75.4237 331.7011 199.2333 77.6314 341.2084 196.9808 77.2632 335.0757 200.8964 77.3065 334.4468 201.5380 78.6986 334.9621 187.8719 81.3995 333.3901 192.7559 79.7180 334.5188 198.8288 80.7665 338.2247 196.4358 79.1406 336.9455 196.8306 81.5142 333.2572 195.1266 80.6390 335.3859 192.4033 79.7693 332.1472 189.7803 79.6839 335.3135 197.8591 77.8406 329.8990 200.2448 79.9924 331.0344 198.7731 79.7200 337.3324 195.5161 79.2854 331.8227 197.9971 79.8442 331.2159 197.8178 80.3611 336.9351 191.9611 79.3588 331.1251 189.9961 81.1524 327.9380 193.1886 79.2654 331.4179 195.6913 79.6040 328.1559 195.2473 79.0718 330.5712 192.3251 78.7302 332.6962 190.6594 80.2675 334.0356 195.3279 78.0224 334.2000 197.4602 80.3126 328.3641 188.7209 80.7825 335.1067 190.5571 78.6943 325.9906 182.9225 92.2829 162.3936 38.9777 76.1105 174.9430 38.4344 75.2441 173.8151 38.9051 77.0707 169.8156 39.2230 77.6172 178.2554 39.2769 69.6969 167.9253 40.7304 73.6116 172.2054 38.5466 74.6572 172.1116 41.2882 76.8528 176.6579 41.0443 79.9522 174.0125 39.7032 78.3234 174.8727 39.6126 76.4628 171.6479 40.5580 81.6556 167.1490 37.5984 78.0120 191.3599 84.3879 56.6852 145.6438 57.4506 75.9872 149.0773 59.6592 73.4375 148.3711 88.1389 97.1933] [116.2248 331.4039 374.8829] ],[[] [831 417 228 453 450 225 376 464 233 403 451 226 406 462 221 446 455 236 420 452 240 434 459 229 429 447 223 431 446 228 377 450 232 383 463 235 411 464 231 382 451 223 429 455 231 381 457 232 468 455 224 427 468 233 393 459 226 414 448 226 423 464 228 370 449 228 409 452 229 433 443 230 447 457 224 424 453 232 347 446 235 566 467 225 362 458 236 390 447 225 477 461 231 374 1462 1184 1165 1512 1206 1092 1565 1193 1242 1405 1203 1461 1229 1163 1456 1403 1166 1980 1502 1162 1814 1506 1078 1632 1510 1010 1845 1528 1035 2059 1520 940 1997 1532 943 1611 1526 1092 1128 1118 267 1659 1242 839 881 1101 606 926 1023 347 458] [309 6267 1715] ],[[] [530 61 32 235 74 29 181 76 31 184 77 31 205 72 28 233 74 31 184 74 34 207 71 31 209 68 29 219 65 31 154 69 31 165 77 33 188 71 29 149 72 30 208 80 31 169 75 33 202 74 29 218 83 32 172 79 29 192 68 29 211 77 28 143 70 33 187 74 30 213 69 32 217 76 27 199 74 29 145 69 37 316 74 28 145 72 33 174 76 31 252 73 30 168 534 295 653 539 283 590 588 281 744 444 279 971 366 275 979 437 272 1502 484 273 1348 498 239 1163 500 209 1384 523 201 1594 507 180 1534 527 183 1157 500 240 743 339 39 1275 377 145 597 321 86 647 286 49 321] [128 5230 1006] ],[[] [143 20 18 81 25 18 59 26 23 82 24 17 62 22 15 74 24 27 95 24 27 85 25 19 77 22 16 67 26 18 83 32 21 78 25 23 81 28 24 95 22 15 85 26 21 70 26 18 124 25 17 73 33 24 81 27 18 81 23 19 77 28 21 87 24 16 84 28 20 79 26 18 91 26 18 88 28 25 62 24 17 109 27 18 78 28 24 77 23 15 85 35 22 66 14 9 26 8 8 20 8 8 19 8 8 19 8 8 15 8 8 16 8 8 12 8 8 13 8 8 12 8 8 13 8 8 12 8 8 13 8 8 14 9 8 17 9 9 19 9 9 20 9 8 11] [31 10 10] ],[[] [30 257 13 33 259 13 19 271 14 20 262 14 19 277 13 28 269 14 24 266 15 25 277 14 24 277 14 28 277 14 20 262 16 25 276 14 28 272 13 16 269 13 23 258 13 20 269 15 34 268 13 19 263 13 28 263 15 23 270 13 21 273 13 20 271 15 21 262 14 23 266 16 32 264 14 16 265 14 22 268 15 46 279 14 18 272 15 22 260 15 26 265 14 77 310 322 272 308 332 269 313 334 259 322 336 261 320 324 259 325 319 259 324 319 259 322 320 261 318 324 262 318 333 252 318 320 261 315 316 262 314 325 261 295 136 280 305 306 258 301 275 259 291 113 20] [137 342 302] ],[0.5386 0.5369 0.5389 0.5394 0.5386 0.5382 0.5371 0.538 0.5429 0.5429 0.5428 0.5441 0.5439 0.543 0.5436 0.5448 0.5376 0.5376 0.538 0.5382 0.5396 0.538 0.5379 0.5387],[0.3986 0.3978 0.3986 0.3988 0.3989 0.3985 0.3987 0.3989 0.4008 0.4004 0.4005 0.4015 0.4009 0.4001 0.4003 0.4011 0.3986 0.3978 0.3978 0.3986 0.3987 0.3975 0.3976 0.3984],[0.088183 0.089488 0.088884 0.087907 0.088053 0.088767 0.088679 0.088029 0.083905 0.084472 0.085369 0.083787 0.084511 0.085423 0.085348 0.082967 0.087046 0.088732 0.089075 0.087153 0.088394 0.089050 0.089145 0.088159],[1592218 1586351 1590545 1592733 1586746 1584975 1572485 1586607 1588174 1596386 1591635 1591534 1596496 1595396 1598513 1599204 1589238 1590317 1592659 1584820 1594969 1592871 1593565 1592849],[5275837 5275837 5275837 5275837 5275837 5275837 5275837 5275837 5275837 5275837 5275837 5275837 5275837 5275837 5275837 5275837 5275837 5275837 5275837 5275837 5275837 5275837 5275837 5275837 5275837 5275837 5275837 5275837 5275837 5275837 5275837 5275837 5275837 5275837 5275837 5275837 5275837 5275837 5275837 5275837 5275837 5275837 5275837 5275837 5275837 5275837 5275837 5275837]
nvd_conv-0-parb_sad-1,TITANV-PAE-CONCURRENT-SEP_RW-LSRR-INTRA_0:0.75:0.25_RATIO-CAP_14668852_CYCLE,commit_4ce9f_modified_0,15,265238116,0,639866376,0.9827,0.9259,157962,0,166369004,80226792,1656025,406549234,14942694,2612593667,960691656,[[] [204310 222730 217015 224710 217973 226022 219106 224805 214595 227455 213796 226120 213714 226246 213174 224617 217720 224886 214486 224523 218108 224048 214978 227245 218387 225775 214409 227983 214760 225367 219676 226995 216972 226802 216562 226695 438924 468185 443302 438947 425168 437698 431549 429586 393387 426935 215999] [7950255 3526359 856575] ],[[] [405798912 365518848 405798912 365518848 405798912 365518848 405798912 365518848 405798912 365518848 405798912 365518848 405798912 365518848 405798912 365518848 405798912 365518848 405798912 365518848 405798912 365518848 405798912 365518848 405798912 365518848 405798912 365518848 405798912 365518848 405798912 365518848 405798912 365518848 405798912 365518848 405798912 365518848 405798912 365518848 405798912 365518848 405798912 365518848 405798912 365518848 405798912] [11264876160 355721760 93505200] ],[[] [496.9179 457.3698 467.6740 453.3264 465.4667 450.6862 463.1239 453.1591 472.8199 447.8954 474.5984 450.4677 474.7036 450.2603 475.9882 453.5080 466.1381 452.9802 473.1346 453.7283 465.4251 454.7194 472.0268 448.2721 464.5829 451.2000 473.3798 446.8577 472.4080 452.0141 461.9957 448.7621 467.7394 449.1639 468.4952 449.3654 231.3667 217.5956 229.1627 232.1028 238.8848 232.7523 235.3008 237.1622 258.0079 238.6086 469.8258] [65.2133 247.5905 254.6717] ],[[] [2855 968 3149 971 3135 960 3171 970 3132 984 3096 976 3102 978 3119 932 3184 959 3113 975 3132 993 3127 944 3139 1001 3115 961 3156 945 3161 970 3150 965 3126 979 6884 2292 5021 1948 5968 2004 5346 2052 6698 2040 3184] [984 2476 1694] ],[[] [2137 324 2514 325 2501 329 2538 323 2495 337 2447 325 2461 335 2477 304 2550 322 2474 319 2499 340 2488 312 2502 351 2480 322 2511 310 2529 338 2515 335 2489 332 5950 1418 4218 1083 5105 1146 4541 1158 5786 1168 2471] [560 1729 940] ],[[] [39 21 25 21 24 19 23 21 27 23 29 21 26 21 24 21 25 20 26 21 23 21 27 22 24 22 23 22 26 20 24 19 25 20 23 22 11 10 10 10 10 11 10 12 15 11 70] [22 10 12] ],[[] [201 231 185 232 186 228 187 231 186 232 190 232 188 231 189 228 185 232 187 232 186 231 188 231 187 230 188 229 190 230 188 230 186 231 186 232 236 262 230 259 231 261 226 260 231 259 189] [231 271 264] ],[0.7018 0.7015 0.7018 0.7018 0.702 0.7021 0.7013 0.7015 0.7111 0.7115 0.7117 0.7117 0.7117 0.7117 0.7114 0.7112 0.7019 0.7015 0.7018 0.7017 0.7021 0.7021 0.7013 0.7016],[0.6882 0.6878 0.6883 0.6884 0.6885 0.6882 0.6877 0.688 0.6955 0.6957 0.6962 0.6962 0.6959 0.6957 0.6956 0.6955 0.688 0.6876 0.6882 0.688 0.6884 0.6884 0.6877 0.6879],[0.096033 0.095860 0.095974 0.095739 0.096169 0.095755 0.096005 0.095909 0.087976 0.088355 0.087877 0.087467 0.087768 0.087940 0.088032 0.088390 0.096313 0.096367 0.096596 0.097074 0.096157 0.095830 0.096283 0.096879],[228091 230611 230309 229693 229901 234515 229849 227453 259342 258641 257066 256229 260357 263464 260002 257571 233911 234821 232976 232136 233980 233010 231256 231666],[8848912 8848912 8848912 8848912 8848912 8848912 8848912 8848912 8848912 8848912 8848912 8848912 8848912 8848912 8848912 8848912 8848912 8848912 8848912 8848912 8848912 8848912 8848912 8848912 8848912 8848912 8848912 8848912 8848912 8848912 8848912 8848912 8848912 8848912 8848912 8848912 8848912 8848912 8848912 8848912 8848912 8848912 8848912 8848912 8848912 8848912 8848912 8848912]
nvd_conv-0-parb_sad-1,TITANV-PAE-CONCURRENT-SEP_RW-LSRR-INTRA_0:0.25:0.75_RATIO-CAP_14668852_CYCLE,commit_4ce9f_modified_0,13,163512582,0,627184576,0.9719,0.8936,23492,0,101745235,43768539,40866,314992366,4370125,1584431939,656981448,[[] [241916 273607 236150 274702 237334 270038 240848 272748 237488 272289 238815 272023 240512 275203 236470 532758 511103 779656 507070 771813 457532 623463] [3952821 3256138 773510] ],[[] [405798912 365518848 405798912 365518848 405798912 365518848 405798912 365518848 405798912 365518848 405798912 365518848 405798912 365518848 405798912 365518848 405798912 365518848 405798912 365518848 405798912 365518848] [11264876160 355721760 93505200] ],[[] [420.1415 372.2950 430.3428 370.8225 427.8076 377.2340 421.9204 373.4414 427.8846 374.1504 425.1829 374.4330 422.4818 370.1061 429.7007 191.1661 198.7887 130.6364 200.3564 131.9363 222.0588 163.3551] [146.4096 267.8427 282.0276] ],[[] [875 357 835 350 823 349 865 352 842 346 839 348 859 363 831 929 3444 1432 3323 1399 2037 1070] [1050 14391 4487] ],[[] [344 87 294 79 286 80 314 85 302 77 293 75 307 90 296 235 2462 356 2357 345 1224 239] [751 13371 3571] ],[[] [33 19 37 19 35 20 41 17 38 19 37 20 43 20 35 13 10 9 10 9 11 10] [86 9 9] ],[[] [171 119 182 119 176 118 182 118 180 120 177 120 181 118 181 221 255 297 254 292 236 248] [174 311 296] ],[0.6638 0.6639 0.6639 0.6641 0.6644 0.6642 0.6637 0.6638 0.6657 0.6659 0.6658 0.6658 0.6658 0.6659 0.6658 0.6658 0.6636 0.6636 0.6637 0.6637 0.6637 0.6638 0.6637 0.6638],[0.6502 0.6502 0.6502 0.6504 0.6507 0.6504 0.6502 0.6504 0.6505 0.6503 0.6504 0.6505 0.6505 0.6504 0.6503 0.6505 0.6499 0.65 0.6501 0.6501 0.65 0.6502 0.6501 0.6501],[0.105113 0.104995 0.105582 0.104823 0.105288 0.105330 0.104662 0.104241 0.100318 0.099919 0.099644 0.100183 0.100555 0.099743 0.100037 0.099188 0.104807 0.105939 0.105981 0.106029 0.105007 0.105077 0.105050 0.104830],[148876 146434 145113 147256 147453 146936 146166 144703 167157 171400 167394 168373 167877 169856 169136 167615 145999 144640 145856 146107 146454 145409 145820 146593],[5669230 5669230 5669230 5669230 5669230 5669230 5669230 5669230 5669230 5669230 5669230 5669230 5669230 5669230 5669230 5669230 5669230 5669230 5669230 5669230 5669230 5669230 5669230 5669230 5669230 5669230 5669230 5669230 5669230 5669230 5669230 5669230 5669230 5669230 5669230 5669230 5669230 5669230 5669230 5669230 5669230 5669230 5669230 5669230 5669230 5669230 5669230 5669230]
nvd_conv-0-parb_sad-1,TITANV-PAE-CONCURRENT-SEP_RW-LSRR-INTRA_0:0.5:0.5_RATIO-CAP_14668852_CYCLE,commit_4ce9f_modified_0,14,204837454,0,701717099,0.9776,0.9120,42463,0,124631106,56924598,1176868,388847988,5919826,1793817794,766719432,[[] [206736 225577 207747 221185 212727 226604 209349 227934 208267 228165 209999 232925 208262 228788 209461 226894 206613 233732 206810 229694 209290 340255 491607 513590 494037 496016 481963 495504 458625 457063 436082] [4709825 3647205 882895] ],[[] [405798912 365518848 405798912 365518848 405798912 365518848 405798912 365518848 405798912 365518848 405798912 365518848 405798912 365518848 405798912 365518848 405798912 365518848 405798912 365518848 405798912 365518848 405798912 365518848 405798912 365518848 405798912 365518848 405798912 365518848 405798912] [11264876160 355721760 93505200] ],[[] [491.3571 451.5010 488.5638 460.4674 477.2996 449.5588 484.9425 446.8948 487.4442 446.4649 483.3303 437.2623 487.1992 445.2234 484.5131 448.9053 491.2482 435.7532 490.6466 443.4401 484.9618 299.3917 206.6537 198.3620 205.5995 205.3961 210.7796 205.6063 221.4610 222.8852 232.9783] [114.7469 239.8169 247.2530] ],[[] [1790 580 1734 575 1776 583 1747 599 1742 588 1761 598 1748 572 1728 576 1672 603 1620 595 1769 1165 6295 1983 5717 2023 4829 1763 5710 1667 3453] [763 7984 2877] ],[[] [1078 110 1038 101 1098 118 1074 123 1057 114 1074 120 1040 109 1024 108 967 122 902 114 1047 469 5284 981 4705 1024 3870 812 4767 774 2699] [395 7060 2112] ],[[] [75 24 72 27 69 28 72 25 77 25 76 27 79 25 70 24 59 24 81 27 82 19 9 10 10 10 9 9 10 12 10] [85 9 12] ],[[] [204 222 206 224 202 217 201 219 204 222 203 225 205 220 206 221 207 226 207 226 205 242 248 273 249 271 251 263 237 255 219] [225 300 273] ],[0.7083 0.7079 0.7079 0.7079 0.7084 0.7077 0.7082 0.7081 0.713 0.7126 0.7129 0.7128 0.7128 0.713 0.7132 0.713 0.7079 0.7078 0.7083 0.7076 0.7077 0.7078 0.7084 0.708],[0.6983 0.698 0.6981 0.698 0.6981 0.6977 0.6981 0.6982 0.7011 0.701 0.7012 0.701 0.7009 0.7008 0.7012 0.701 0.6976 0.6977 0.6979 0.6973 0.6973 0.6976 0.698 0.6977],[0.085089 0.085012 0.084937 0.085209 0.084743 0.085260 0.084885 0.085359 0.077044 0.077184 0.077266 0.077385 0.077567 0.077762 0.077229 0.076674 0.085761 0.085570 0.085562 0.085994 0.085703 0.085726 0.084952 0.085247],[117986 115993 115890 117670 120593 117759 118204 117456 133849 130803 132020 132975 134448 135445 135073 135383 120863 119024 122055 120610 122695 121019 122101 120884],[6546126 6546126 6546126 6546126 6546126 6546126 6546126 6546126 6546126 6546126 6546126 6546126 6546126 6546126 6546126 6546126 6546126 6546126 6546126 6546126 6546126 6546126 6546126 6546126 6546126 6546126 6546126 6546126 6546126 6546126 6546126 6546126 6546126 6546126 6546126 6546126 6546126 6546126 6546126 6546126 6546126 6546126 6546126 6546126 6546126 6546126 6546126 6546126]
parb_mriq-0-parb_sad-0,TITANV-PAE-CONCURRENT-SEP_RW-LSRR-INTRA_0:0.5:0.5_RATIO-CAP_15793160_CYCLE,commit_4ce9f_modified_0,5,994271,0,357378927,0.9296,0.9556,33,0,43375320,12810664,42352337,54953039,55191180,302706053,2223305483,[[] [1329 4371145 4050757] [70255 22132 13591 64237 21805 13767 65783 21923 13665 63711 21810 13656 63501 21673 13776 65273 21761 13711 63731 21854 13681 64051 21676 13677 63865 21489 13581 63391 21714 13612 63426 22065 13401 65227 22161 13699 63840 21822 13668 63889 21681 13598 64032 21804 13705 63813 21921 13661 63544 21632 13701 63733 21623 13569 63840 21726 13587 63784 21847 13847 63939 22350 13599 63652 21805 13672 64251 22193 13587 64039 21865 13770 63711 22066 13654 63779 21691 13621 63911 21662 13666 63581 22240 13625 63450 21543 13605 64021 21881 13807 63978 21616 13774 63516 21720 13586 63741 22031 13472 49810 21644 12964 49498 21669 12857 49313 21243 13362 49286 21149 13024 49214 21721 13251 49337 21397 12865 49114 21656 13238 49436 21658 13077 48825 21394 13306 48951 21373 13006 48883 21658 13315 49480 21193 13252 49183 21369 16123 63676 21572 13739 63687 21781 13650 63937 21906 13599 63698 21610 13653 63360 21852 13846 63812 21758 13805 63734 21807 13898 63581 22066 13825 63568 22062 13884 63836 21674 13633 63956 22199 14700 63720 21890 13753 63779 22399 13703 65531 21636 13772 65731 21644 13702 63228 21574 13646 63735 22413 13536 63653 21780 13715 63488 22129 13702 63648 21914 13595 63612 21693 13731 63933 23737 13852 63974 22191 13525 63080 21922 13691 63926 22023 13655 63927 21948 13599 63659 21951 13715 63667 21606 13652 63748 21856 13698 63648 21846 13595 63715 21830 13676 63517 21639 13681 63821 22973 12951 50250 21552 13005 50243 21825 13132 50107 21430 12914 49903 21714 12861 50052 21696 13085 50238 21726 12882 50005 21481 13024 50480 21189 12831 49271 21379 12914] ],[[] [45056 21735183780 21739133980] [138709296 4380156 1151370 138709296 4380156 1151370 138709296 4380156 1151370 138709296 4380156 1151370 138709296 4380156 1151370 138709296 4380156 1151370 138709296 4380156 1151370 138709296 4380156 1151370 138709296 4380156 1151370 138709296 4380156 1151370 138709296 4380156 1151370 138709296 4380156 1151370 138709296 4380156 1151370 138709296 4380156 1151370 138709296 4380156 1151370 138709296 4380156 1151370 138709296 4380156 1151370 138709296 4380156 1151370 138709296 4380156 1151370 138709296 4380156 1151370 138709296 4380156 1151370 138709296 4380156 1151370 138709296 4380156 1151370 138709296 4380156 1151370 138709296 4380156 1151370 138709296 4380156 1151370 138709296 4380156 1151370 138709296 4380156 1151370 138709296 4380156 1151370 138709296 4380156 1151370 138709296 4380156 1151370 138709296 4380156 1151370 138709296 4380156 1151370 138709296 4380156 1151370 138709296 4380156 1151370 138709296 4380156 1151370 138709296 4380156 1151370 138709296 4380156 1151370 138709296 4380156 1151370 138709296 4380156 1151370 138709296 4380156 1151370 138709296 4380156 1151370 138709296 4380156 1151370 138709296 4380156 1151370 138709296 4380156 1151370 138709296 4380156 1151370 138709296 4380156 1151370 138709296 4380156 1151370 138709296 4380156 1151370 138709296 4380156 1151370 138709296 4380156 1151370 138709296 4380156 1151370 138709296 4380156 1151370 138709296 4380156 1151370 138709296 4380156 1151370 138709296 4380156 1151370 138709296 4380156 1151370 138709296 4380156 1151370 138709296 4380156 1151370 138709296 4380156 1151370 138709296 4380156 1151370 138709296 4380156 1151370 138709296 4380156 1151370 138709296 4380156 1151370 138709296 4380156 1151370 138709296 4380156 1151370 138709296 4380156 1151370 138709296 4380156 1151370 138709296 4380156 1151370 138709296 4380156 1151370 138709296 4380156 1151370 138709296 4380156 1151370 138709296 4380156 1151370 138709296 4380156 1151370 138709296 4380156 1151370 138709296 4380156 1151370 138709296 4380156 1151370 138709296 4380156 1151370 138709296 4380156 1151370 138709296 4380156 1151370 138709296 4380156 1151370 138709296 4380156 1151370 138709296 4380156 1151370 138709296 4380156 1151370 138709296 4380156 1151370 138709296 4380156 1151370 138709296 4380156 1151370 138709296 4380156 1151370] ],[[] [23.3463 2.4367 2.2412] [102.5297 491.0921 209.8565 80.0173 498.4568 207.1737 75.7995 495.7739 208.7201 78.0066 498.3426 208.8577 78.2017 501.4927 207.0383 76.0129 499.4647 208.0198 77.8568 497.3392 208.4760 77.4607 501.4233 208.5370 77.6694 505.7867 210.0110 78.3011 500.5458 209.5328 78.2264 492.5833 212.8319 76.0500 490.4495 208.2021 77.7095 498.0685 208.6743 77.6571 501.3076 209.7485 77.4741 498.4797 208.1109 77.7592 495.8191 208.7812 78.0980 502.4432 208.1717 77.8592 502.6523 210.1968 77.7335 500.2693 209.9183 77.8042 497.4986 205.9767 77.5819 486.3021 209.7331 77.9535 498.4568 208.6132 77.1526 489.7423 209.9183 77.4656 497.0890 207.1285 77.8982 492.5610 208.8882 77.8103 501.0765 209.3943 77.6448 501.7473 208.7048 78.0067 488.7073 209.3328 78.2355 504.5189 209.6406 77.5162 496.7255 206.5735 77.5563 502.8151 207.0684 78.1494 500.4075 209.9338 77.8326 493.3435 211.7102 99.0429 502.1646 220.0062 99.5648 501.5853 221.8371 99.8853 511.6439 213.4531 100.0086 513.9180 218.9926 100.0925 500.3845 215.2411 99.7682 507.9615 221.6992 100.3119 501.8864 215.4525 99.6896 501.8400 218.1051 100.9749 508.0327 214.3514 100.8687 508.5319 219.2957 100.9839 501.8400 214.2065 99.8059 512.8510 215.2249 100.4835 508.6270 176.9001 77.9434 503.8407 207.5959 77.9155 499.0061 208.9494 77.6084 496.1586 209.7331 77.9092 502.9547 208.9035 78.3370 497.3847 205.9916 77.7845 499.5336 206.6034 77.8604 498.4111 205.2209 78.0284 492.5610 206.3045 78.0661 492.6503 205.4278 77.7336 501.4695 209.2100 77.5661 489.6100 194.0245 77.8751 496.5213 207.3846 77.7742 485.2382 208.1413 75.7206 502.3503 207.0985 75.4715 502.1646 208.1565 78.5175 503.7940 209.0107 77.8544 484.9352 210.7092 77.9522 499.0290 207.9592 78.1500 491.1587 208.1565 77.9680 495.9775 209.7948 78.0170 501.0303 207.7168 77.6229 457.8865 205.9024 77.5731 489.7865 210.8806 78.6847 495.7965 208.3237 77.6049 493.5227 208.8729 77.6061 495.2092 209.7331 77.9208 495.1415 207.9592 77.9520 503.0478 208.9188 77.8240 497.2937 208.2173 77.9439 497.5213 209.7948 77.8957 497.8860 208.5522 78.1071 502.2807 208.4760 77.7422 473.1141 220.2270 98.0534 504.3082 219.3126 98.0517 498.0001 217.1916 98.3853 507.1792 220.8580 98.7044 500.5458 221.7681 98.4566 500.9611 217.9717 98.1012 500.2693 221.4066 98.5614 505.9751 218.9926 97.6127 512.9478 222.2867 100.1606 508.3891 220.8580] ],[[] [220 475 521] [417 314 200 334 316 200 340 315 200 302 315 200 295 315 200 336 315 200 337 316 200 349 316 200 326 316 200 296 315 200 325 317 201 226 313 200 336 315 200 339 314 200 360 315 200 339 316 200 331 317 199 332 314 200 339 315 199 336 318 200 351 315 199 345 316 207 191 320 200 358 316 200 330 318 200 340 314 200 353 317 199 352 316 200 310 313 200 349 314 200 346 313 199 320 315 200 350 320 209 289 326 203 340 325 203 331 329 203 333 326 203 324 326 203 335 326 203 320 328 203 337 326 203 328 326 203 434 328 203 442 329 203 482 326 203 474 328 280 335 316 200 321 315 200 355 315 199 333 317 200 296 314 200 339 316 199 330 317 200 337 317 199 322 316 200 355 317 200 349 318 229 345 316 200 345 317 199 338 317 200 348 314 199 302 320 200 326 314 200 331 318 200 342 315 200 322 317 199 341 319 199 338 349 213 346 316 200 312 315 200 343 313 200 339 315 200 335 317 200 320 317 200 346 315 200 332 316 200 326 315 200 348 316 200 338 339 204 359 329 203 361 324 203 350 326 203 353 325 203 361 328 203 375 328 203 353 327 203 377 327 203 441 328 206] ],[[] [43 157 189] [155 58 19 197 61 19 204 60 19 167 61 19 160 58 19 200 59 19 201 60 19 214 60 19 190 60 19 161 59 19 190 60 20 89 57 19 202 62 19 204 61 19 225 59 19 204 61 19 196 61 19 196 59 19 203 61 18 201 61 19 216 58 18 210 62 23 54 60 19 223 60 19 195 63 19 206 59 19 218 61 19 217 59 19 176 58 19 215 59 19 210 59 19 186 60 19 214 61 23 153 64 22 204 69 21 195 70 22 196 67 22 189 68 22 200 68 22 185 71 22 201 68 21 192 66 22 298 68 22 304 71 22 346 68 22 337 69 68 200 61 19 186 60 19 220 62 19 198 61 19 161 59 19 205 61 19 196 60 19 201 60 19 188 59 19 219 64 19 213 61 27 209 59 19 209 61 19 202 59 19 212 60 19 167 63 19 191 59 19 194 63 19 207 61 19 187 61 18 206 61 19 204 62 22 211 57 19 177 59 19 207 58 19 203 60 19 199 63 19 185 62 19 211 60 19 197 63 19 190 60 19 213 62 19 203 61 23 223 68 22 225 67 21 213 68 22 216 68 22 225 69 22 238 69 22 217 69 22 241 70 22 304 68 22] ],[[] [7 42 18] [123 20 7 10 20 7 10 21 7 9 21 7 9 21 7 9 20 7 9 21 7 9 20 7 9 21 7 8 20 7 8 20 8 9 19 7 8 20 7 8 20 7 9 21 7 8 20 7 9 20 7 9 20 7 9 20 7 8 21 7 9 20 7 9 18 10 9 19 7 9 20 7 8 20 7 8 20 7 8 20 7 9 21 7 8 21 7 8 20 7 9 19 7 8 20 7 9 21 11 9 19 8 9 20 8 9 21 8 10 20 7 9 20 7 9 21 8 9 20 8 10 22 8 9 20 8 10 22 8 11 21 8 10 21 8 11 20 13 8 19 7 8 19 7 9 18 7 9 19 7 8 19 7 8 21 7 8 21 7 9 21 7 8 21 7 9 19 7 9 20 21 9 20 7 9 18 7 8 20 7 9 20 7 8 20 7 8 20 7 10 19 7 9 20 7 8 21 7 8 20 7 8 21 12 8 19 7 8 21 7 9 19 7 9 20 7 9 19 7 8 20 7 9 20 7 9 19 7 9 20 7 9 19 7 9 23 8 9 20 8 9 21 8 10 20 8 10 21 8 9 21 8 11 20 8 9 20 8 10 20 8 11 20 7] ],[[] [14 37 72] [14 132 6 4 132 6 4 133 6 4 130 6 4 133 6 4 136 6 4 131 6 4 132 6 4 132 6 4 136 6 5 136 6 8 136 6 4 129 6 4 129 6 4 133 6 4 130 6 5 132 5 4 132 6 4 131 6 5 134 6 4 134 6 5 134 8 8 140 6 4 133 6 4 132 6 4 131 6 4 135 6 4 135 6 4 131 6 5 131 6 4 131 5 5 132 6 4 136 8 6 143 6 5 131 6 5 138 6 5 136 6 5 136 6 5 135 6 5 135 6 5 133 6 6 141 6 5 137 6 5 139 6 5 134 6 5 133 23 4 135 6 4 136 6 4 133 6 4 137 6 5 134 6 5 132 5 5 134 6 5 134 5 4 135 6 4 132 6 4 138 21 6 136 6 4 135 5 4 140 6 4 129 6 4 136 6 4 135 6 4 134 6 4 128 6 4 134 6 4 137 6 4 152 14 6 138 6 6 134 6 4 135 6 5 134 6 4 131 6 5 130 6 4 133 6 4 130 6 4 130 6 5 136 6 4 146 6 5 139 6 5 134 6 5 137 6 4 134 6 5 138 6 5 138 6 5 138 6 4 135 6 5 138 10] ],[0.4527 0.4513 0.4555 0.4616 0.4608 0.4568 0.4511 0.4564 0.4613 0.4618 0.4597 0.4691 0.465 0.4634 0.4615 0.4684 0.4583 0.4538 0.4535 0.4601 0.4576 0.4571 0.4579 0.4648],[0.1253 0.1246 0.1256 0.126 0.1259 0.1257 0.1249 0.1258 0.1308 0.1305 0.1304 0.1314 0.1304 0.1303 0.1307 0.1314 0.1251 0.1248 0.1246 0.1254 0.1251 0.1249 0.1245 0.1263],[0.255769 0.261328 0.256031 0.252281 0.250240 0.253238 0.259867 0.251166 0.244859 0.245615 0.249143 0.242104 0.246655 0.248552 0.247101 0.244067 0.255613 0.256455 0.259968 0.255000 0.253076 0.260519 0.257949 0.249740],[4566360 4569111 4573826 4580563 4583232 4573233 4564043 4570495 4531536 4536741 4527329 4543887 4547331 4542434 4537761 4541386 4586312 4577061 4577281 4588184 4585075 4584936 4588276 4589416],[5968203 5968203 5968203 5968203 5968203 5968203 5968203 5968203 5968203 5968203 5968203 5968203 5968203 5968203 5968203 5968203 5968203 5968203 5968203 5968203 5968203 5968203 5968203 5968203 5968203 5968203 5968203 5968203 5968203 5968203 5968203 5968203 5968203 5968203 5968203 5968203 5968203 5968203 5968203 5968203 5968203 5968203 5968203 5968203 5968203 5968203 5968203 5968203]
parb_mriq-0-parb_sad-0,TITANV-PAE-CONCURRENT-SEP_RW-LSRR-INTRA_0:0.25:0.75_RATIO-CAP_15793160_CYCLE,commit_4ce9f_modified_0,4,1443372,0,552583238,0.9306,0.9560,1,0,66261582,19506272,34620690,168654340,46694220,953143230,2449166756,[[] [1509 5749413 5704142] [55222 21681 12883 51372 21882 13219 50893 21667 13151 50573 21713 13105 50661 21860 12880 50663 21485 12985 50186 21312 13022 50673 21679 13002 50471 21348 12925 50482 22194 13266 50840 21580 13135 50418 21718 12951 50328 21769 12910 50161 21667 13126 50349 21502 12991 50330 21429 13056 50475 21482 13014 50408 21443 13221 50547 21651 12943 50346 23322 12876 50278 21468 13128 50401 22053 13011 50374 21332 13009 50584 21755 12920 50288 22241 12894 50815 21361 13032 50197 21682 13015 50695 21295 13110 50448 21765 13151 50482 21812 13058 50491 21201 12993 50505 21666 13092 50256 21457 12988 50421 21483 12944 50560 21756 13020 50575 21462 13050 50277 21655 12997 50469 21436 13024 50179 22262 13034 50023 21582 12980 50409 21267 13071 50268 21235 13091 50303 21555 13175 50378 21913 12922 50512 21346 12922 50318 21545 12985 50386 21471 12972 50442 21928 12990 50691 22364 12933 50224 21359 13010 50210 21999 13110 50584 21811 12984 50326 21701 13027 50712 21583 12977 50456 21570 13259 50535 21461 12991 50259 21167 13011 50411 21385 13068 49527 22097 13008 48461 21361 12983 47446 21638 12945 47875 21465 13087 48289 21464 12837 48020 21687 12913 47500 21229 13000 47266 21429 13116 47158 21866 12968 47293 24190 13204 50270 21408 13093 50154 21744 13082 50412 22172 12884 50780 21682 13054 50199 22083 13042 50315 21697 13105 50482 21741 13072 50481 21765 13002 50256 21458 12938 50172 22389 13057 50769 21488 13043 50765 21542 13035 50393 21502 13000 50451 21451 13039 50232 21367 13122 50506 21841 13090 50464 21615 13122 50339 21669 12982 50532 21967 13244 50664 21760 12978 50852 21463 13083 50842 21162 13099 50465 21491 13006 50456 21912 13073 50352 21570 13210 50373 21882 13012 50453 21514 13214 50349 21649 13094 50247 23162 13249 50361 21696 13193 50437 21595 13177 50360 21347 13018 50329 21567 13160 50528 21556 12917 50705 21763 13172 50434 21432 13023 50515 21454 12964 50667 21755 13099 50391 22026 13055 50332 21427 13026 50322 21490 12967 50317 21663 13218 50840 21377 13045 50558 21489 13061 50360 21750 13225 50242 21774 13073 50442 22307 13105 50299 22284 13258 50912 21579 13079 50218 21561 13146 50698 21684 13020 50407 21836 13088 50388 21680 13135 50266 21845 13089 50350 21882 13058 50609 21508 13209 50364 21385 13045 50325 22149 12822 48138 21318 12927 48714 21962 12785 47712 22011 12909 47815 21906 12942 47650 21760 12861 47874 21487 12798 47528 21393 13122 47630 21747 13035 47739 21784 13051] ],[[] [45056 21735183780 21739133980] [138709296 4380156 1151370 138709296 4380156 1151370 138709296 4380156 1151370 138709296 4380156 1151370 138709296 4380156 1151370 138709296 4380156 1151370 138709296 4380156 1151370 138709296 4380156 1151370 138709296 4380156 1151370 138709296 4380156 1151370 138709296 4380156 1151370 138709296 4380156 1151370 138709296 4380156 1151370 138709296 4380156 1151370 138709296 4380156 1151370 138709296 4380156 1151370 138709296 4380156 1151370 138709296 4380156 1151370 138709296 4380156 1151370 138709296 4380156 1151370 138709296 4380156 1151370 138709296 4380156 1151370 138709296 4380156 1151370 138709296 4380156 1151370 138709296 4380156 1151370 138709296 4380156 1151370 138709296 4380156 1151370 138709296 4380156 1151370 138709296 4380156 1151370 138709296 4380156 1151370 138709296 4380156 1151370 138709296 4380156 1151370 138709296 4380156 1151370 138709296 4380156 1151370 138709296 4380156 1151370 138709296 4380156 1151370 138709296 4380156 1151370 138709296 4380156 1151370 138709296 4380156 1151370 138709296 4380156 1151370 138709296 4380156 1151370 138709296 4380156 1151370 138709296 4380156 1151370 138709296 4380156 1151370 138709296 4380156 1151370 138709296 4380156 1151370 138709296 4380156 1151370 138709296 4380156 1151370 138709296 4380156 1151370 138709296 4380156 1151370 138709296 4380156 1151370 138709296 4380156 1151370 138709296 4380156 1151370 138709296 4380156 1151370 138709296 4380156 1151370 138709296 4380156 1151370 138709296 4380156 1151370 138709296 4380156 1151370 138709296 4380156 1151370 138709296 4380156 1151370 138709296 4380156 1151370 138709296 4380156 1151370 138709296 4380156 1151370 138709296 4380156 1151370 138709296 4380156 1151370 138709296 4380156 1151370 138709296 4380156 1151370 138709296 4380156 1151370 138709296 4380156 1151370 138709296 4380156 1151370 138709296 4380156 1151370 138709296 4380156 1151370 138709296 4380156 1151370 138709296 4380156 1151370 138709296 4380156 1151370 138709296 4380156 1151370 138709296 4380156 1151370 138709296 4380156 1151370 138709296 4380156 1151370 138709296 4380156 1151370 138709296 4380156 1151370 138709296 4380156 1151370 138709296 4380156 1151370 138709296 4380156 1151370 138709296 4380156 1151370 138709296 4380156 1151370 138709296 4380156 1151370 138709296 4380156 1151370 138709296 4380156 1151370 138709296 4380156 1151370 138709296 4380156 1151370 138709296 4380156 1151370 138709296 4380156 1151370 138709296 4380156 1151370 138709296 4380156 1151370 138709296 4380156 1151370 138709296 4380156 1151370 138709296 4380156 1151370 138709296 4380156 1151370 138709296 4380156 1151370 138709296 4380156 1151370 138709296 4380156 1151370 138709296 4380156 1151370 138709296 4380156 1151370 138709296 4380156 1151370 138709296 4380156 1151370 138709296 4380156 1151370 138709296 4380156 1151370 138709296 4380156 1151370 138709296 4380156 1151370 138709296 4380156 1151370 138709296 4380156 1151370 138709296 4380156 1151370 138709296 4380156 1151370 138709296 4380156 1151370 138709296 4380156 1151370 138709296 4380156 1151370 138709296 4380156 1151370 138709296 4380156 1151370 138709296 4380156 1151370 138709296 4380156 1151370 138709296 4380156 1151370 138709296 4380156 1151370 138709296 4380156 1151370 138709296 4380156 1151370 138709296 4380156 1151370 138709296 4380156 1151370 138709296 4380156 1151370 138709296 4380156 1151370 138709296 4380156 1151370 138709296 4380156 1151370 138709296 4380156 1151370 138709296 4380156 1151370 138709296 4380156 1151370 138709296 4380156 1151370] ],[[] [20.5614 1.8526 1.5915] [129.7598 501.3076 221.3894 100.8632 496.7028 215.7622 97.9644 501.6316 216.8778 98.2593 500.5688 217.6391 98.0371 497.2027 221.4410 98.0089 505.8809 219.6504 98.9252 509.9874 219.0263 97.9623 501.3539 219.3632 98.3757 509.1274 220.6700 98.3421 489.7202 214.9977 97.6496 503.6539 217.1420 98.4608 500.4536 220.2270 98.6552 499.2811 220.9264 98.9684 501.6316 217.2909 98.5958 505.4809 219.5489 98.6147 507.2029 218.4559 98.3527 505.9515 219.1609 98.4773 506.8718 215.7295 98.2096 502.0023 220.3631 98.5803 466.0343 221.5098 98.7289 506.2815 217.2578 98.5032 492.8514 219.2114 98.5499 509.5092 219.2451 98.1286 499.6024 220.7554 98.7154 488.6854 221.2006 97.7037 508.8175 218.8582 98.8851 501.2845 219.1441 97.9047 510.3945 217.5561 98.3992 499.3729 216.8778 98.2447 498.2969 218.4224 98.3002 512.6575 219.5151 98.2851 501.6547 217.8552 98.7691 506.5410 219.5996 98.4489 505.9280 220.3461 98.1813 499.5795 219.0599 98.1370 506.4230 218.5563 98.7217 501.9095 219.4476 98.3492 507.0373 218.9926 98.9176 488.2244 218.8246 99.1493 503.6072 219.7350 98.4815 511.0665 218.2052 98.7394 511.8366 217.8718 98.6798 504.2380 216.4827 98.5390 496.0002 220.7213 98.2746 509.1751 220.7213 98.6565 504.4721 219.6504 98.5356 506.2108 219.8705 98.4049 495.6609 219.5658 97.8881 485.9977 220.5335 98.8259 508.8652 219.2283 98.8687 494.0612 217.5561 98.1468 498.3197 219.6673 98.6561 500.8456 218.9422 97.8961 503.5839 219.7858 98.3806 503.8874 215.1113 98.2268 506.4466 219.5489 98.7632 513.4810 219.2114 98.4654 508.2465 218.2553 100.0864 491.8700 219.2620 102.1454 508.8175 219.6842 104.3953 502.3039 220.3291 103.4598 506.3523 217.9384 102.5569 506.3759 222.1828 103.0930 501.1689 220.8751 104.2669 511.9813 219.3969 104.7831 507.2029 217.4565 105.0524 497.0663 219.9383 104.7103 449.3117 216.0073 98.7446 507.7004 217.8385 98.9699 499.8552 218.0217 98.4726 490.2062 221.3722 97.7620 501.2845 218.4893 98.8965 492.1818 218.6904 98.6532 500.9380 217.6391 98.3238 499.9242 218.1885 98.3410 499.3729 219.3632 98.7843 506.5174 220.4483 98.9405 485.4550 218.4391 97.7589 505.8103 218.6736 97.7787 504.5424 218.8078 98.4975 505.4809 219.3969 98.3843 506.6827 218.7407 98.8224 508.6747 217.3571 98.2710 497.6352 217.8885 98.3772 502.8383 217.3571 98.6154 501.5853 219.7011 98.2417 494.7809 215.3549 97.9039 499.4876 219.7688 97.6084 506.3994 218.0051 97.6276 513.6023 217.7388 98.3691 505.7397 219.2957 98.3928 496.0228 218.1718 98.5929 503.8874 215.9092 98.5488 496.7028 219.1946 98.3956 505.1990 215.8438 98.5988 502.0486 217.8219 98.7684 469.2536 215.2736 98.5784 500.9611 216.1874 98.4085 503.3040 216.4499 98.5742 509.1512 219.0936 98.6136 503.9575 216.7295 98.2404 504.2147 220.8067 97.9066 499.4188 216.5320 98.4357 507.1319 219.0094 98.2718 506.6119 220.0062 97.9739 499.6024 217.7388 98.4465 493.4555 218.4726 98.6291 507.2502 218.9590 98.6670 505.7632 219.9553 98.6554 501.7242 215.7785 97.6496 508.4367 218.6401 98.1943 505.7867 218.3723 98.5773 499.7173 215.6643 98.8057 499.1665 218.1718 98.4292 487.2395 217.6391 98.6907 487.7424 215.1275 97.4753 503.6772 218.0717 98.8591 504.0977 216.9603 97.8989 501.2383 219.0599 98.4854 497.7492 217.9218 98.5134 501.3308 217.1420 98.7311 497.5441 217.9051 98.5969 496.7028 218.4224 98.0983 505.3399 215.9255 98.5756 508.2465 218.6401 98.6306 490.7152 222.4427 102.8978 509.8438 220.6359 101.6433 494.8935 223.0864 103.7360 493.7918 220.9435 103.4965 496.1586 220.3802 103.9000 499.4876 221.7681 103.4235 505.8338 222.8598 104.1602 508.0564 217.3571 103.9630 499.7862 218.8078 103.7095 498.9373 218.5396] ],[[] [219 348 435] [666 325 203 619 326 203 613 326 202 623 324 203 650 325 203 624 325 202 616 327 203 621 329 202 635 324 202 611 333 210 604 324 203 621 325 202 626 325 202 606 325 203 616 328 202 619 328 203 610 325 202 608 324 202 608 324 203 624 337 205 607 325 202 630 323 203 625 324 202 613 323 203 625 322 203 614 326 202 610 324 202 630 325 202 608 325 205 589 329 203 625 327 202 614 323 203 626 324 202 627 322 202 627 325 202 623 329 202 617 325 202 614 324 202 623 336 207 566 329 203 607 327 203 626 324 202 621 325 203 625 324 202 623 322 202 620 325 203 625 325 202 636 324 202 603 336 204 612 327 202 617 325 202 617 326 202 624 326 202 619 323 202 622 326 203 625 326 202 608 325 202 622 326 204 553 326 203 522 328 203 543 332 204 543 327 204 537 329 203 519 328 203 545 327 203 527 326 203 510 324 203 584 340 204 606 326 202 622 328 202 617 324 202 621 328 202 608 324 202 616 327 203 629 324 202 625 325 202 627 326 203 644 335 202 657 326 202 631 324 202 621 328 202 596 325 202 628 326 202 620 326 203 630 324 203 629 327 203 617 328 204 602 322 202 643 325 203 613 322 202 618 327 202 634 325 202 634 328 202 632 324 202 636 326 203 625 329 203 615 340 206 618 325 202 620 324 202 602 324 202 618 324 202 623 325 202 612 325 202 609 327 202 617 325 202 616 326 203 589 329 203 605 326 203 616 329 202 629 327 203 618 323 202 630 326 202 618 326 203 616 323 203 612 324 202 619 333 206 573 326 203 637 325 202 621 326 203 617 327 202 618 326 202 613 322 203 619 325 203 616 323 203 623 328 203 613 326 203 625 329 203 531 327 203 557 325 203 566 327 203 545 328 203 524 326 203 533 325 204 532 324 203 581 327 205] ],[[] [40 79 98] [355 64 21 482 67 21 477 69 21 488 66 21 515 67 21 489 68 21 480 67 22 486 68 21 499 65 21 475 68 24 468 63 21 486 66 21 491 67 21 471 68 21 481 66 21 484 71 22 474 67 21 472 68 21 473 65 21 485 62 22 471 65 21 494 66 21 490 66 21 478 65 21 490 65 21 478 68 21 475 68 21 494 68 21 471 68 22 450 61 22 489 68 21 479 66 22 491 66 21 491 65 21 492 67 21 488 68 21 482 67 21 479 67 21 487 67 23 430 66 21 472 66 22 490 65 21 485 67 21 489 67 21 487 64 21 485 66 21 490 66 21 501 66 21 466 61 22 476 67 21 482 67 21 482 67 21 489 67 21 483 67 21 486 68 21 490 67 21 473 66 21 487 65 22 416 62 21 385 69 22 407 71 22 407 69 22 401 70 22 382 68 22 407 69 22 391 68 22 374 67 22 447 74 22 470 66 21 487 67 21 481 65 21 486 68 21 473 66 21 480 68 22 494 66 21 488 66 21 491 67 21 504 63 21 522 68 21 496 66 21 486 70 21 460 67 21 493 67 21 484 67 22 493 66 22 493 69 21 481 69 22 459 61 21 508 68 22 477 65 21 482 67 21 498 67 21 499 67 21 496 65 21 501 67 22 489 70 22 479 62 22 482 66 21 484 66 21 465 65 21 483 67 21 486 67 21 477 67 21 473 66 21 480 67 21 480 69 22 446 61 21 468 66 21 480 69 21 493 68 21 482 67 21 494 67 21 483 67 22 482 65 21 477 66 21 484 67 22 431 64 21 502 67 21 486 67 21 482 68 21 482 68 21 477 65 21 483 66 22 480 65 21 488 68 21 476 64 22 487 69 22 395 67 22 420 66 22 429 68 22 410 69 22 389 69 22 396 67 22 395 66 22 445 66 22] ],[[] [7 17 14] [167 22 8 10 21 8 9 20 8 9 21 8 9 21 8 9 21 7 9 22 7 9 22 8 9 21 8 9 22 12 10 20 8 9 20 8 9 21 8 9 20 7 9 23 8 9 20 8 10 21 8 9 21 8 9 21 8 13 23 8 10 21 8 9 21 8 9 22 8 9 21 8 10 21 8 9 21 8 9 20 8 9 21 8 10 20 9 12 21 8 9 21 7 9 20 7 9 21 8 9 20 8 9 20 7 9 23 8 9 20 7 9 20 8 9 21 9 10 21 8 9 22 7 9 21 8 9 21 8 9 20 8 9 22 8 9 21 8 9 20 8 9 22 7 12 21 8 10 20 8 9 19 8 9 21 8 9 21 8 10 20 7 9 21 7 9 21 8 9 21 8 9 22 8 11 19 8 10 21 8 10 22 8 9 20 8 9 21 8 10 21 8 11 21 8 10 20 7 10 21 8 10 21 8 10 22 8 9 21 8 10 21 8 9 22 8 10 21 8 10 21 8 9 21 8 11 22 7 9 21 8 13 24 8 10 21 8 9 20 8 9 21 7 9 20 8 9 20 8 9 21 7 11 20 8 9 20 8 9 21 8 16 19 8 9 20 8 9 21 8 9 22 8 9 21 8 9 22 8 9 21 8 9 21 7 9 21 8 9 22 9 9 19 8 10 21 8 10 21 7 9 20 8 10 22 7 9 21 8 9 21 8 11 20 8 10 20 8 17 21 8 10 22 8 10 21 8 10 21 8 9 21 8 9 21 8 9 21 8 9 21 8 9 21 8 9 22 9 16 21 8 9 21 8 9 21 8 9 21 8 9 20 8 9 20 8 9 21 7 10 21 8 9 21 8 10 19 7 11 21 8 9 22 7 11 21 7 10 21 8 9 21 8 10 20 8 10 20 8 11 21 7 10 20 8] ],[[] [11 66 79] [14 138 6 5 136 6 5 134 6 5 132 6 4 135 6 5 134 5 6 139 6 5 136 6 5 136 6 4 143 8 6 142 6 4 138 6 6 135 6 5 137 6 5 139 6 5 135 6 5 134 6 5 134 6 5 137 6 8 150 7 5 138 6 5 135 6 5 131 6 5 136 6 4 132 6 5 137 6 5 133 6 5 132 5 5 136 7 7 147 6 5 139 6 5 134 6 5 134 6 5 136 6 5 137 6 5 140 6 4 133 6 5 134 6 5 143 8 6 142 6 5 141 6 5 133 6 5 135 6 5 132 6 5 135 5 4 138 6 5 136 6 5 134 6 7 153 6 5 137 6 5 136 6 5 135 6 5 134 5 5 132 6 5 132 6 5 135 6 5 140 6 5 138 7 5 145 6 5 137 6 5 138 6 5 138 6 6 138 6 5 137 6 5 135 6 6 135 6 6 134 6 6 146 6 5 139 6 4 140 6 5 136 6 5 136 6 5 136 6 5 137 6 5 132 6 4 136 6 5 138 6 14 148 6 5 135 6 5 134 6 4 136 6 5 135 6 5 136 6 5 137 6 5 135 6 4 139 6 5 136 6 7 141 6 5 133 6 5 133 6 5 137 6 5 132 6 5 138 5 4 135 6 5 134 6 5 135 6 6 150 7 5 139 6 5 132 6 5 138 6 4 136 6 5 132 6 5 136 5 5 140 6 5 137 6 4 134 6 8 148 6 5 136 6 5 138 6 5 135 6 5 134 6 5 137 6 5 138 6 5 135 6 6 132 6 5 140 8 6 142 6 5 136 6 5 133 6 5 135 6 4 137 6 5 137 6 4 138 6 5 137 6 5 138 6 7 148 6 6 137 6 5 137 5 6 137 6 5 137 6 5 136 6 6 135 6 6 136 6 6 136 6 6 141 8] ],[0.4533 0.4528 0.457 0.4632 0.4605 0.4564 0.4502 0.4555 0.4598 0.4608 0.4578 0.4671 0.463 0.4613 0.458 0.4673 0.4603 0.4551 0.4549 0.4617 0.4602 0.4589 0.4586 0.4673],[0.1401 0.1394 0.1404 0.141 0.1409 0.1407 0.1398 0.1408 0.1466 0.1461 0.146 0.1473 0.1461 0.146 0.1464 0.1472 0.1399 0.1395 0.1393 0.1402 0.1398 0.1397 0.1393 0.1413],[0.253280 0.259416 0.253509 0.250641 0.248426 0.250425 0.256515 0.248868 0.242549 0.243464 0.247722 0.239404 0.244697 0.245901 0.245625 0.242504 0.251984 0.253793 0.257615 0.252474 0.251023 0.258481 0.254810 0.247896],[5975439 5986160 5992416 6002642 5996989 5986244 5963577 5977124 5915431 5926437 5909954 5934989 5938267 5929509 5918493 5930892 6011970 5995694 5997013 6012120 6014000 6007336 6013631 6019374],[8115370 8115370 8115370 8115370 8115370 8115370 8115370 8115370 8115370 8115370 8115370 8115370 8115370 8115370 8115370 8115370 8115370 8115370 8115370 8115370 8115370 8115370 8115370 8115370 8115370 8115370 8115370 8115370 8115370 8115370 8115370 8115370 8115370 8115370 8115370 8115370 8115370 8115370 8115370 8115370 8115370 8115370 8115370 8115370 8115370 8115370 8115370 8115370]
parb_mriq-0-parb_sad-0,TITANV-PAE-CONCURRENT-SEP_RW-LSRR-INTRA_0:0.75:0.25_RATIO-CAP_15793160_CYCLE,commit_4ce9f_modified_0,6,1095388,0,242629396,0.9290,0.9544,670,0,29394570,8696900,28063113,13360254,46207354,272633115,2088561632,[[] [1477 3853837 3855595] [107669 22628 14778 105043 21996 14821 104190 22175 14641 104183 22091 14773 104017 22301 14704 103791 21979 14754 104048 22128 14796 103738 22214 14657 104125 21746 14867 103929 22292 14743 103766 23438 14662 103656 22366 14864 103844 22371 14625 103562 22416 14784 103768 22069 14764 103576 22098 14671 103772 22242 14720 103782 22237 14693 103515 22254 14625 103843 22590 14754 103734 22273 14656 78649 22207 12782 67046 21378 12735 66917 21731 12769 66879 21927 13000 66902 21774 12823 66947 21458 12991 66915 21880 12729 66540 21750 13103 60568 27910 14522 104159 22471 14694 103891 22036 14683 103779 22351 14684 103761 22339 14754 103586 22341 14719 103732 22106 14840 103591 22210 14639 103617 22426 14922 103884 22169 14635 103408 21946 14715 102874 22841 14674 103713 22585 14539 103495 22318 14808 103722 22251 14741 103769 22469 14641 103612 22379 14633 103635 22081 14722 103332 21949 14687 103811 22229 14789 103734 22217 14647 103747 22333 14225 68103 22544 12968 66975 21195 12948 66982 21310 12796 66877 21739 12952 66976 21304 12857 66991 21776 12833 66923 21268 12729 64474 21346 13126 60575] ],[[] [45056 21735183780 21739133980] [138709296 4380156 1151370 138709296 4380156 1151370 138709296 4380156 1151370 138709296 4380156 1151370 138709296 4380156 1151370 138709296 4380156 1151370 138709296 4380156 1151370 138709296 4380156 1151370 138709296 4380156 1151370 138709296 4380156 1151370 138709296 4380156 1151370 138709296 4380156 1151370 138709296 4380156 1151370 138709296 4380156 1151370 138709296 4380156 1151370 138709296 4380156 1151370 138709296 4380156 1151370 138709296 4380156 1151370 138709296 4380156 1151370 138709296 4380156 1151370 138709296 4380156 1151370 138709296 4380156 1151370 138709296 4380156 1151370 138709296 4380156 1151370 138709296 4380156 1151370 138709296 4380156 1151370 138709296 4380156 1151370 138709296 4380156 1151370 138709296 4380156 1151370 138709296 4380156 1151370 138709296 4380156 1151370 138709296 4380156 1151370 138709296 4380156 1151370 138709296 4380156 1151370 138709296 4380156 1151370 138709296 4380156 1151370 138709296 4380156 1151370 138709296 4380156 1151370 138709296 4380156 1151370 138709296 4380156 1151370 138709296 4380156 1151370 138709296 4380156 1151370 138709296 4380156 1151370 138709296 4380156 1151370 138709296 4380156 1151370 138709296 4380156 1151370 138709296 4380156 1151370 138709296 4380156 1151370 138709296 4380156 1151370 138709296 4380156 1151370 138709296 4380156 1151370 138709296 4380156 1151370 138709296 4380156 1151370 138709296 4380156 1151370 138709296 4380156 1151370 138709296 4380156 1151370 138709296 4380156 1151370 138709296 4380156 1151370 138709296 4380156 1151370 138709296] ],[[] [21.0069 2.7638 2.3546] [66.8531 480.3275 193.0004 49.0032 494.1285 192.4405 47.7444 490.1399 194.8064 47.6297 492.0036 193.0657 47.6791 487.3706 193.9717 47.7785 494.5107 193.3144 47.6708 491.1809 192.7656 47.8014 489.2793 194.5937 47.6267 499.8092 191.8450 47.7091 487.5674 193.4586 47.7678 463.7278 194.5273 47.8377 485.9542 191.8837 47.7482 485.8456 195.0195 47.8782 484.8702 192.9221 47.7950 492.4940 193.1834 47.8599 491.8477 194.4080 47.7917 488.6634 193.7609 47.7945 488.7733 194.1169 47.9088 488.3999 195.0195 47.7679 481.1355 193.3144 47.8018 487.9833 194.6070 62.8040 489.4336 223.1388 73.5171 508.4129 223.9623 73.6450 500.1542 223.3660 73.6708 495.6835 219.3969 73.6569 499.1665 222.4253 73.4973 506.5174 219.5489 73.6219 496.7482 224.0679 74.1569 499.7173 217.6723 81.6235 389.4250 196.4027 47.6156 483.6835 194.1037 47.7207 493.2316 194.2491 47.7884 486.2803 194.2359 47.7819 486.5415 193.3144 47.8701 486.4980 193.7740 47.7923 491.6697 192.1941 47.8514 489.3675 194.8330 47.8424 484.6540 191.1379 47.7431 490.2725 194.8862 47.9525 495.2543 193.8267 48.1969 475.8483 194.3683 47.8203 481.2420 196.1730 47.9329 486.9993 192.6094 47.8162 488.4657 193.4848 47.7945 483.7265 194.8064 47.8506 485.6719 194.9129 47.8460 492.2264 193.7345 48.0026 495.1866 194.1962 47.7708 488.9492 192.8569 47.8077 489.2133 194.7266 47.7854 486.6722 200.5033 72.3895 482.1172 219.9383 73.5881 512.8026 220.2780 73.5850 510.0352 222.8947 73.5903 499.9702 220.2100 73.5251 510.1789 221.8371 73.5155 499.1206 222.2520 73.6200 511.0425 224.0679 76.4927 509.1751 217.2909 81.5557] ],[[] [225 950 1745] [210 302 198 171 301 197 174 302 198 174 302 198 179 302 198 176 301 197 180 301 198 180 304 197 179 304 198 181 304 198 221 307 198 179 304 198 181 301 197 179 301 198 178 302 198 177 301 198 177 301 198 180 301 198 177 301 198 180 305 197 178 302 198 165 328 203 191 328 203 176 327 203 187 325 203 175 325 203 174 328 203 179 328 204 208 328 203 239 639 198 178 304 197 176 301 197 177 302 198 178 303 198 177 304 197 174 303 197 180 303 198 176 302 198 181 303 197 177 303 197 178 304 198 181 301 198 179 302 198 177 305 198 186 301 198 176 304 197 178 302 198 181 302 197 179 301 198 176 304 198 180 303 200 158 326 203 181 329 203 178 330 203 183 326 203 178 327 203 186 328 203 193 328 203 220 329 203 230] ],[[] [46 477 1223] [41 51 17 34 53 17 39 53 17 40 51 17 43 51 17 41 52 17 45 52 17 44 53 17 44 53 17 46 52 17 60 51 17 44 53 17 46 51 17 44 53 17 43 51 17 42 51 17 43 51 17 45 52 17 43 52 17 45 55 17 43 51 17 30 58 22 56 70 22 41 66 21 52 65 22 40 68 22 40 70 22 44 69 22 71 68 22 103 298 17 44 53 17 41 51 17 43 53 17 44 53 17 42 52 17 39 51 17 46 52 17 41 52 17 46 52 17 43 53 17 42 49 17 46 53 17 45 51 17 43 55 17 51 50 17 41 53 17 43 52 17 47 54 17 45 51 17 42 52 17 45 51 19 24 60 22 46 70 22 43 70 22 48 67 22 44 68 22 51 68 22 57 69 22 84 69 22 91] ],[[] [7 40 10] [39 19 7 8 18 7 8 18 7 7 20 7 7 19 7 7 18 7 7 18 7 8 19 7 8 19 7 8 20 7 9 14 7 7 19 7 7 19 7 7 18 7 7 19 7 7 18 7 7 20 7 7 18 7 7 18 7 7 19 7 7 19 7 7 19 7 8 21 8 8 22 8 8 21 8 8 20 8 8 20 8 8 21 8 9 20 8 9 29 7 7 20 7 7 20 7 7 19 7 7 18 7 7 19 7 7 19 7 7 19 7 7 18 7 7 18 7 7 19 7 7 17 7 7 17 7 7 20 7 7 18 7 7 19 7 7 18 7 7 20 7 7 18 7 7 20 7 7 19 7 7 18 7 7 19 8 8 22 8 8 21 8 8 22 8 8 19 8 8 21 8 8 21 8 9 19 7 10] ],[[] [14 109 119] [7 129 6 4 123 6 4 129 6 4 129 6 4 130 6 4 128 6 4 128 6 4 130 5 4 131 6 4 128 6 132 149 6 4 129 6 4 129 5 4 129 6 4 129 6 4 130 6 4 127 6 4 129 6 4 129 6 5 128 6 4 128 6 4 154 6 4 138 6 4 141 6 4 138 6 4 133 6 3 132 6 3 138 6 4 138 6 5 127 5 4 127 6 4 126 5 4 126 6 4 129 6 4 130 5 4 131 6 5 131 6 4 128 6 4 129 6 4 129 6 104 138 6 4 128 6 4 123 6 4 130 6 4 126 5 4 129 6 5 128 6 4 127 5 4 127 6 4 129 6 4 131 5 4 145 6 4 135 6 4 139 6 4 133 6 4 141 6 4 139 6 4 137 6 4 142 6 12] ],[0.4569 0.4547 0.46 0.4668 0.4638 0.4613 0.4548 0.4589 0.4662 0.4667 0.4651 0.4738 0.4718 0.4711 0.4677 0.4756 0.4624 0.4592 0.4601 0.4655 0.4631 0.4627 0.4645 0.4696],[0.09379 0.09325 0.09408 0.09435 0.09434 0.09415 0.09355 0.09425 0.09782 0.0976 0.09758 0.09836 0.09753 0.09755 0.09775 0.09831 0.09365 0.09345 0.0933 0.09392 0.09366 0.09359 0.09331 0.09461],[0.256144 0.261179 0.255606 0.253186 0.249912 0.253086 0.258794 0.251606 0.245261 0.248874 0.251665 0.243316 0.248738 0.247395 0.248316 0.244989 0.254228 0.256396 0.258590 0.255183 0.253995 0.259538 0.256856 0.250004],[4516904 4519527 4522070 4528753 4525604 4523542 4513491 4514550 4496540 4501905 4495914 4506304 4507569 4506189 4501177 4506127 4527741 4522982 4524331 4531702 4529413 4525599 4530547 4528550],[5464071 5464071 5464071 5464071 5464071 5464071 5464071 5464071 5464071 5464071 5464071 5464071 5464071 5464071 5464071 5464071 5464071 5464071 5464071 5464071 5464071 5464071 5464071 5464071 5464071 5464071 5464071 5464071 5464071 5464071 5464071 5464071 5464071 5464071 5464071 5464071 5464071 5464071 5464071 5464071 5464071 5464071 5464071 5464071 5464071 5464071 5464071 5464071]
nvd_conv-0-parb_mriq-0,TITANV-PAE-CONCURRENT-SEP_RW-LSRR-INTRA_0:0.5:0.5_RATIO-CAP_15793160_CYCLE,commit_4ce9f_modified_0,17,108920850,0,299126728,0.9990,0.8939,19872,0,130315076,71992964,160669,121077154,7005968,302151882,2395084835,[[] [179888 181809 177129 182948 178502 181407 176644 185527 177376 181502 177914 181825 176333 188893 177437 182208 175546 182546 177710 183714 177950 180242 177753 180165 178222 181676 177038 181820 177218 181678 177648 188587 176553 182272 176414 182150 177071 188645 177597 182094 177042 181046 177017 183488 176415 179769 178494 180020 190826] [2846 4419934 4256959] ],[[] [405798912 365518848 405798912 365518848 405798912 365518848 405798912 365518848 405798912 365518848 405798912 365518848 405798912 365518848 405798912 365518848 405798912 365518848 405798912 365518848 405798912 365518848 405798912 365518848 405798912 365518848 405798912 365518848 405798912 365518848 405798912 365518848 405798912 365518848 405798912 365518848 405798912 365518848 405798912 365518848 405798912 365518848 405798912 365518848 405798912 365518848 405798912 365518848 405798912] [45056 21735183780 21739133980] ],[[] [564.8451 560.1776 573.6398 556.8130 569.2103 561.5062 575.1209 549.0425 572.8029 561.2067 571.0397 560.1980 576.1631 539.3467 572.5194 559.0656 578.6971 557.9273 571.7125 554.4592 570.5479 565.1704 571.2009 565.5317 569.5495 560.6236 573.9277 560.1935 573.3448 560.6673 572.0296 540.0467 575.4730 558.8520 575.9055 559.3182 573.7236 539.9132 572.0866 559.4037 573.8453 562.6648 573.9091 555.2024 575.6445 566.6613 568.9536 565.8042 532.1338] [10.7941 2.4126 2.1355] ],[[] [1540 430 1658 428 1571 430 1586 445 1607 430 1546 429 1600 465 1623 429 1620 429 1642 447 1700 470 1696 472 1763 431 1587 431 1587 427 1489 453 1576 430 1616 429 1470 455 1566 430 1613 428 1639 435 1695 473 1705 475 1846] [454 1207 1683] ],[[] [889 37 967 38 914 39 914 45 935 37 883 37 924 58 943 38 940 38 985 41 1132 53 1125 52 1095 38 920 38 926 36 845 52 913 39 939 38 826 45 898 37 955 39 959 39 1100 53 1139 50 1292] [153 579 877] ],[[] [22 11 25 11 23 11 26 12 24 11 22 11 24 11 22 11 25 11 24 12 38 12 36 12 38 11 23 11 22 11 22 12 22 11 23 11 21 11 24 11 22 11 25 11 38 12 37 13 35] [9 39 14] ],[[] [190 199 191 196 191 198 190 200 190 200 190 199 190 195 191 198 189 196 189 198 176 204 176 204 191 198 190 197 189 199 189 197 189 198 190 198 188 194 189 198 190 197 190 198 185 204 174 205 162] [50 161 221] ],[0.7988 0.7985 0.7984 0.7988 0.7983 0.7986 0.7987 0.7987 0.7983 0.7991 0.7984 0.7983 0.7979 0.7986 0.799 0.7987 0.7986 0.7983 0.7986 0.7985 0.7984 0.7985 0.7979 0.7983],[0.7431 0.7431 0.7429 0.7429 0.743 0.7429 0.7431 0.743 0.7449 0.745 0.7444 0.7443 0.7445 0.7444 0.7451 0.7449 0.7427 0.7428 0.7426 0.7426 0.7426 0.7426 0.7427 0.7428],[0.115847 0.116303 0.115733 0.115942 0.115405 0.115865 0.116748 0.116230 0.105743 0.105369 0.106565 0.105653 0.105499 0.105344 0.106040 0.106037 0.115121 0.114417 0.113899 0.113959 0.113766 0.113461 0.115122 0.115113],[474446 472495 469778 473817 470152 473383 473941 474594 460324 464474 464130 463648 459094 464657 463986 461623 476156 474542 477665 477228 475381 478825 472047 474425],[6257351 6257351 6257351 6257351 6257351 6257351 6257351 6257351 6257351 6257351 6257351 6257351 6257351 6257351 6257351 6257351 6257351 6257351 6257351 6257351 6257351 6257351 6257351 6257351 6257351 6257351 6257351 6257351 6257351 6257351 6257351 6257351 6257351 6257351 6257351 6257351 6257351 6257351 6257351 6257351 6257351 6257351 6257351 6257351 6257351 6257351 6257351 6257351]
nvd_conv-0-parb_mriq-0,TITANV-PAE-CONCURRENT-SEP_RW-LSRR-INTRA_0:0.25:0.75_RATIO-CAP_15793160_CYCLE,commit_4ce9f_modified_0,16,31064563,0,259665332,0.9991,0.8908,161,0,111776204,61757708,626857,87971174,21099731,420690999,2309593379,[[] [196901 234335 203551 234341 204291 234786 198305 243573 199698 234367 200621 233517 200920 233818 200574 199515 180065 199683 180161 199221 178182 200207 203477 232825 199045 234083 198157 234016 203017 233642 210863 233423 202388 233933 209312 233201 202438 229302 209083 198754 210065 195640] [2313 4834104 4023437] ],[[] [405798912 365518848 405798912 365518848 405798912 365518848 405798912 365518848 405798912 365518848 405798912 365518848 405798912 365518848 405798912 365518848 405798912 365518848 405798912 365518848 405798912 365518848 405798912 365518848 405798912 365518848 405798912 365518848 405798912 365518848 405798912 365518848 405798912 365518848 405798912 365518848 405798912 365518848 405798912 365518848 405798912 365518848] [45056 21735183780 21739133980] ],[[] [516.1246 434.6211 499.3564 434.5418 497.5235 433.7156 512.4673 418.0659 508.8157 434.5710 506.4625 436.0742 505.7394 435.5762 506.7374 510.4895 563.9077 510.1646 563.7061 511.4067 569.7567 508.8417 498.6956 437.5705 510.5220 435.0221 512.8749 435.1456 500.5730 435.7304 481.9792 436.1685 502.1166 435.3516 485.5536 436.7622 502.1201 444.0820 485.7593 512.6284 483.4709 520.7906] [13.2815 2.2059 2.2594] ],[[] [428 242 473 242 490 242 445 265 469 242 477 242 480 242 488 261 713 263 704 263 743 266 872 266 463 242 458 242 492 241 572 242 487 242 527 241 487 246 890 267 899 265] [383 1780 2232] ],[[] [72 20 86 21 92 21 75 33 87 21 88 21 90 21 86 24 236 27 236 27 221 28 377 35 85 21 82 21 92 21 155 21 92 21 106 21 92 21 380 28 389 27] [115 1209 1378] ],[[] [13 8 12 8 12 8 12 8 13 8 12 8 12 8 12 9 19 9 18 9 24 9 21 9 12 8 12 8 12 8 13 8 12 8 12 8 13 8 19 9 18 9] [9 13 11] ],[[] [144 67 142 66 144 67 146 73 146 67 146 66 147 66 155 96 169 93 169 93 178 95 152 70 146 67 147 67 147 66 149 66 146 66 143 66 147 74 155 96 156 95] [27 126 178] ],[0.6908 0.6903 0.69 0.6903 0.6908 0.6904 0.6902 0.6905 0.6986 0.6983 0.6985 0.6984 0.6984 0.6984 0.6987 0.6982 0.6907 0.6903 0.6904 0.6901 0.6903 0.6899 0.69 0.6904],[0.634 0.634 0.634 0.634 0.634 0.634 0.6339 0.634 0.6341 0.6341 0.6341 0.6341 0.6341 0.6341 0.634 0.6341 0.6341 0.6341 0.6341 0.6341 0.6341 0.6342 0.6341 0.6341],[0.194433 0.195035 0.194533 0.194374 0.194494 0.193812 0.194090 0.195155 0.185336 0.185662 0.184770 0.184883 0.183767 0.185429 0.184709 0.184283 0.198589 0.198812 0.196906 0.197611 0.197855 0.197687 0.197300 0.198233],[611367 606572 603573 608356 609660 606025 609737 609491 702552 699411 704435 704015 703651 702212 706625 702028 607239 604221 606068 604592 602822 599637 603510 606775],[6302336 6302336 6302336 6302336 6302336 6302336 6302336 6302336 6302336 6302336 6302336 6302336 6302336 6302336 6302336 6302336 6302336 6302336 6302336 6302336 6302336 6302336 6302336 6302336 6302336 6302336 6302336 6302336 6302336 6302336 6302336 6302336 6302336 6302336 6302336 6302336 6302336 6302336 6302336 6302336 6302336 6302336 6302336 6302336 6302336 6302336 6302336 6302336]
nvd_conv-0-parb_mriq-0,TITANV-PAE-CONCURRENT-SEP_RW-LSRR-INTRA_0:0.75:0.25_RATIO-CAP_15793160_CYCLE,commit_4ce9f_modified_0,18,224501993,0,384185800,0.9988,0.9140,6422,0,167354530,92423266,185994,352154711,7427439,1005091397,2564810531,[[] [193359 201157 190623 203114 190142 202903 182630 201969 188903 200110 190798 202865 187786 203591 186561 202008 184226 201038 186400 206504 187131 203873 188116 202884 187920 203738 188125 204520 192942 201696 180031 199566 184666 203005 188773 201825 192406 201051 185389 204276 187867 204519 186102 203186 190638 204472 188673 202030 186621 206738 189075 204226 187760 203117 189154 201055 188756 201764 188707 200953 180822 201863 177005] [3183 6239218 5997258] ],[[] [405798912 365518848 405798912 365518848 405798912 365518848 405798912 365518848 405798912 365518848 405798912 365518848 405798912 365518848 405798912 365518848 405798912 365518848 405798912 365518848 405798912 365518848 405798912 365518848 405798912 365518848 405798912 365518848 405798912 365518848 405798912 365518848 405798912 365518848 405798912 365518848 405798912 365518848 405798912 365518848 405798912 365518848 405798912 365518848 405798912 365518848 405798912 365518848 405798912 365518848 405798912 365518848 405798912 365518848 405798912 365518848 405798912 365518848 405798912 365518848 405798912 365518848 405798912] [45056 21735183780 21739133980] ],[[] [525.0754 506.4443 532.6243 501.5462 533.9079 502.1276 555.6619 504.4337 537.5431 509.1620 532.1450 502.1883 540.6215 500.3839 543.9285 504.3154 551.0118 506.7498 544.4622 493.2871 542.4982 499.7302 539.7336 502.1250 540.2495 499.9694 539.6934 498.1122 526.0017 505.1610 563.6900 510.5742 549.6133 501.8908 537.7811 504.7997 527.8103 506.7774 547.4487 498.7488 540.4583 498.1382 545.2898 501.3976 532.6199 498.2663 538.0608 504.2715 544.0141 492.7964 536.8323 498.8420 540.5222 501.5679 536.5492 506.7501 537.8937 504.8990 538.1002 507.0016 561.2993 504.6537 573.3800] [9.6513 1.7091 1.5158] ],[[] [2726 845 2734 859 2695 889 2560 874 2702 850 2752 863 2680 882 2726 855 2629 863 2659 885 2672 881 2711 884 2666 876 2697 875 2821 887 2635 882 2642 869 2700 867 2799 859 2655 879 2694 882 2679 873 2738 869 2728 872 2678 913 2697 879 2681 874 2720 855 2703 872 2700 879 2613 882 2578] [521 1278 1186] ],[[] [2063 252 2091 268 2047 277 1862 264 2048 249 2102 262 2024 267 2043 260 1967 255 1996 275 2016 268 2065 264 2016 265 2050 267 2169 277 1942 271 1963 267 2053 259 2154 250 1978 268 2049 273 2002 262 2093 264 2082 261 2025 288 2041 266 2031 262 2062 252 2048 266 2052 277 1922 284 1882] [195 510 374] ],[[] [51 16 33 16 39 17 60 15 43 15 36 15 44 16 59 15 50 16 49 16 44 16 35 16 39 16 35 16 42 17 39 17 56 15 35 17 31 16 55 16 34 17 58 16 33 15 35 16 43 17 42 15 38 16 40 16 42 17 35 17 48 17 49] [9 45 19] ],[[] [183 219 182 217 183 217 190 217 183 218 182 216 184 218 186 218 184 217 185 216 184 217 182 217 184 217 183 217 181 217 191 217 187 216 183 217 183 217 187 217 183 217 186 216 183 215 183 218 183 216 184 218 184 217 184 218 183 216 184 216 191 217 189] [53 206 218] ],[0.7398 0.7395 0.7396 0.7401 0.7397 0.7393 0.7401 0.7401 0.7476 0.7484 0.7482 0.748 0.7479 0.7483 0.7487 0.7481 0.7405 0.7406 0.7408 0.7412 0.7412 0.741 0.7401 0.74],[0.6973 0.6972 0.6974 0.6975 0.6975 0.6974 0.6973 0.6973 0.7058 0.7059 0.7059 0.7059 0.706 0.7059 0.7059 0.7058 0.6974 0.6978 0.6976 0.6977 0.6977 0.6977 0.6976 0.6973],[0.111858 0.111563 0.111871 0.111636 0.111991 0.111825 0.111053 0.111334 0.099250 0.098622 0.098967 0.098635 0.098978 0.098674 0.098717 0.098900 0.110058 0.110505 0.110652 0.110433 0.110481 0.111044 0.110695 0.111265],[555245 554017 552511 556169 554043 551837 556672 560463 554326 559766 561437 558924 556299 561305 564019 558285 566797 565886 568533 573053 571301 571704 561205 563681],[8701096 8701096 8701096 8701096 8701096 8701096 8701096 8701096 8701096 8701096 8701096 8701096 8701096 8701096 8701096 8701096 8701096 8701096 8701096 8701096 8701096 8701096 8701096 8701096 8701096 8701096 8701096 8701096 8701096 8701096 8701096 8701096 8701096 8701096 8701096 8701096 8701096 8701096 8701096 8701096 8701096 8701096 8701096 8701096 8701096 8701096 8701096 8701096]
nvd_conv-0-parb_sad-0,TITANV-PAE-CONCURRENT-SEP_RW-LSRR-INTRA_0:0.5:0.5_RATIO-CAP_996275_CYCLE,commit_4ce9f_modified_0,11,6500555,0,26560830,0.9852,0.9081,1566,0,6747821,3325553,233456,18672634,1267576,88544732,38622318,[[] [217389 224269] [81729 59035 52182 71916 57400 43166 68390 27629] ],[[] [405798912 365518848] [138709296 4380156 1151370 138709296 4380156 1151370 138709296 4380156] ],[[] [467.3152 454.2144] [86.2072 184.5594 54.7308 72.1567 189.8091 66.1596 73.3188 394.8561] ],[[] [2156 640] [1088 1218 912 763 1015 551 788 367] ],[[] [1494 135] [650 488 393 500 316 67 562 42] ],[[] [48 18] [215 16 34 64 12 14 49 11] ],[[] [194 218] [181 253 207 154 259 262 294 243] ],[0.7587 0.7586 0.759 0.7585 0.7588 0.7586 0.7589 0.7589 0.7614 0.7608 0.7617 0.7608 0.762 0.7604 0.7604 0.7627 0.7582 0.7583 0.7592 0.7596 0.7588 0.758 0.7589 0.7588],[0.7241 0.7235 0.7244 0.7233 0.7245 0.7244 0.7239 0.7243 0.7273 0.7266 0.7271 0.7273 0.7266 0.7263 0.7269 0.7276 0.7243 0.7236 0.7239 0.7245 0.7238 0.7227 0.723 0.7242],[0.097537 0.095556 0.094143 0.099756 0.095054 0.097401 0.095634 0.097291 0.086118 0.089129 0.087904 0.088090 0.087968 0.090598 0.091635 0.087294 0.097559 0.101115 0.099371 0.096397 0.097908 0.102132 0.098605 0.100751],[16560 17099 16533 16906 16421 16256 16718 16645 16635 16838 16478 15838 17165 16466 16054 16824 16408 16695 16783 17052 16755 16982 17057 16679],[326894 326894 326894 326894 326894 326894 326894 326894 326894 326894 326894 326894 326894 326894 326894 326894 326894 326894 326894 326894 326894 326894 326894 326894 326894 326894 326894 326894 326894 326894 326894 326894 326894 326894 326894 326894 326894 326894 326894 326894 326894 326894 326894 326894 326894 326894 326894 326894]
nvd_conv-0-parb_sad-0,TITANV-PAE-CONCURRENT-SEP_RW-LSRR-INTRA_0:0.75:0.25_RATIO-CAP_996275_CYCLE,commit_4ce9f_modified_0,12,9368805,0,24021271,0.9884,0.9210,5785,0,6461416,3212892,871950,17827042,3209740,100358446,38475006,[[] [218587 237257] [137016 66470 31313 92636 61201 47323 66821] ],[[] [405798912 365518848] [138709296 4380156 1151370 138709296 4380156 1151370 138709296] ],[[] [464.3409 429.3662] [51.8793 163.9155 91.0867 55.9941 178.0200 60.3488 74.1600] ],[[] [3346 1086] [1627 1399 532 846 1138 653 219] ],[[] [2670 425] [1158 648 164 484 410 118 69] ],[[] [31 18] [53 16 13 17 17 14 11] ],[[] [193 224] [190 258 133 182 260 248 77] ],[0.7234 0.7197 0.7208 0.7208 0.7217 0.7217 0.7221 0.7219 0.7324 0.7324 0.7314 0.7324 0.7292 0.7295 0.7317 0.7318 0.7224 0.7217 0.7228 0.7211 0.7233 0.7228 0.7232 0.7237],[0.6396 0.6385 0.6394 0.639 0.6397 0.6388 0.6399 0.6403 0.6489 0.6488 0.6478 0.649 0.6471 0.6473 0.6478 0.6482 0.639 0.638 0.6384 0.6389 0.6406 0.6386 0.6397 0.6399],[0.102572 0.099517 0.099253 0.101193 0.101003 0.101444 0.102067 0.098508 0.090167 0.089976 0.092552 0.092316 0.091830 0.091723 0.088408 0.090420 0.101288 0.100631 0.100367 0.100491 0.097782 0.098692 0.098420 0.098362],[43925 42969 43218 43114 42857 43338 43291 43117 43277 42991 43226 43122 42431 42706 43233 43166 43588 44190 44162 43473 43225 44144 43873 43890],[356182 356182 356182 356182 356182 356182 356182 356182 356182 356182 356182 356182 356182 356182 356182 356182 356182 356182 356182 356182 356182 356182 356182 356182 356182 356182 356182 356182 356182 356182 356182 356182 356182 356182 356182 356182 356182 356182 356182 356182 356182 356182 356182 356182 356182 356182 356182 356182]
nvd_conv-0-parb_sad-0,TITANV-PAE-CONCURRENT-SEP_RW-LSRR-INTRA_0:0.25:0.75_RATIO-CAP_996275_CYCLE,commit_4ce9f_modified_0,10,4075561,0,30067914,0.9846,0.9014,293,0,6951742,3359108,144201,16646247,2223412,88697375,43280565,[[] [215242 257535] [65955 54334 42581 67806 40350 25682 55167 42960 25236 56523] ],[[] [405798912 365518848] [138709296 4380156 1151370 138709296 4380156 1151370 138709296 4380156 1151370 138709296] ],[[] [472.1365 395.4743] [106.7037 200.4173 67.0298 76.5146 269.8630 111.1390 91.3047 253.4668 113.1047 88.1387] ],[[] [923 362] [1240 1094 688 1201 639 309 902 662 308 740] ],[[] [345 55] [813 369 126 902 123 34 741 115 33 579] ],[[] [33 13] [195 19 18 47 14 11 28 12 11 28] ],[[] [193 134] [196 236 209 158 245 176 188 259 174 169] ],[0.7407 0.7394 0.7414 0.7428 0.7419 0.739 0.7414 0.7421 0.7416 0.7414 0.7421 0.7409 0.7418 0.7404 0.7414 0.7404 0.7407 0.7401 0.7412 0.7412 0.7416 0.7406 0.742 0.7443],[0.6978 0.6964 0.6971 0.6971 0.6973 0.6961 0.6972 0.6982 0.6982 0.6982 0.6977 0.6987 0.6985 0.6972 0.6986 0.6985 0.6976 0.6975 0.6977 0.6982 0.6984 0.697 0.6976 0.6985],[0.127605 0.131902 0.130820 0.131010 0.129180 0.130760 0.125773 0.127696 0.122780 0.118235 0.124904 0.126624 0.122475 0.127008 0.122050 0.123765 0.129947 0.134177 0.135277 0.131588 0.131805 0.131482 0.131989 0.132111],[22973 22979 23447 23858 23550 22917 23198 23265 22663 22431 22929 22098 22446 22172 22437 21856 22850 22554 23083 22873 22772 23142 23176 24359],[337618 337618 337618 337618 337618 337618 337618 337618 337618 337618 337618 337618 337618 337618 337618 337618 337618 337618 337618 337618 337618 337618 337618 337618 337618 337618 337618 337618 337618 337618 337618 337618 337618 337618 337618 337618 337618 337618 337618 337618 337618 337618 337618 337618 337618 337618 337618 337618]
