pair_str,config,gpusim_version,jobId,stall_icnt_to_l2,stall_l2_to_icnt,stall_core_ldst,l1D_miss_rate,l2_miss_rate,l2_rshr_entry_fail,l2_rshr_merge_fail,l2_total_accesses,mem_count,empty_warp,stall_warp,idle_warp,scoreboard_warp,tot_warp_insn,runtime,instructions,l2_bw,avg_mem_lat,avg_core_to_l2,avg_l2_to_core,avg_mrq_latency,dram_eff,dram_bw,row_buffer_locality,mem_idle,total_cmd,regs,smem
parb_sad-1,TITANV-SEP_RW-PAE-CONCURRENT-INTRA_0:12:0_CTA-MIX_0:2:0_KIDX,commit_649de_modified_0,815057,77140271,0,19727368,0.9121,0.9998,45334,0,22708051,8874931,1329041,966334,4994564,702608133,11963520,[[] [2257582] [] ],[[] [355721760] [] ],[[] [386.2488] [] ],[[] [8910] [] ],[[] [7841] [] ],[[] [11] [] ],[[] [336] [] ],[0.5752 0.5754 0.5757 0.5751 0.5751 0.5754 0.5756 0.5752 0.571 0.5714 0.5713 0.5708 0.571 0.5711 0.5712 0.5709 0.575 0.5753 0.5754 0.5752 0.5747 0.5754 0.5753 0.575],[0.5743 0.5745 0.5747 0.5743 0.5743 0.5745 0.5747 0.5744 0.57 0.5702 0.5703 0.5698 0.5699 0.57 0.5701 0.5698 0.5741 0.5743 0.5745 0.5742 0.5738 0.5745 0.5745 0.5741],[0.037938 0.037649 0.037834 0.037863 0.037507 0.037670 0.037141 0.038284 0.041095 0.041692 0.040930 0.041209 0.041678 0.040907 0.040583 0.040858 0.038249 0.037831 0.038055 0.037566 0.038206 0.037338 0.036966 0.038053],[2507 2567 2886 2561 2581 2664 2628 2379 4176 4797 4022 4423 4412 4662 4741 4747 2577 2905 2840 2852 2625 2814 2437 2642],[1599122 1599122 1599122 1599122 1599122 1599122 1599122 1599122 1599122 1599122 1599122 1599122 1599122 1599122 1599122 1599122 1599122 1599122 1599122 1599122 1599122 1599122 1599122 1599122 1599122 1599122 1599122 1599122 1599122 1599122 1599122 1599122 1599122 1599122 1599122 1599122 1599122 1599122 1599122 1599122 1599122 1599122 1599122 1599122 1599122 1599122 1599122 1599122],[31 32 58],[0 0 32]
parb_sad-1,TITANV-SEP_RW-PAE-CONCURRENT-INTRA_0:10:0_CTA-MIX_0:2:0_KIDX,commit_649de_modified_0,815056,77438572,0,19727368,0.9121,0.9998,28701,0,22708852,8875732,1020569,800429,4914884,691278826,11963520,[[] [2224085] [] ],[[] [355721760] [] ],[[] [392.0799] [] ],[[] [7339] [] ],[[] [6266] [] ],[[] [9] [] ],[[] [337] [] ],[0.5812 0.5807 0.5804 0.5812 0.5809 0.5804 0.5805 0.5809 0.5781 0.5778 0.5778 0.5778 0.5779 0.5779 0.5777 0.5778 0.581 0.5803 0.5805 0.5806 0.5805 0.5804 0.5807 0.5808],[0.58 0.5796 0.5793 0.58 0.5798 0.5795 0.5795 0.5798 0.5769 0.5766 0.5767 0.5767 0.5767 0.5766 0.5766 0.5767 0.5797 0.5792 0.5793 0.5794 0.5793 0.5793 0.5796 0.5796],[0.037614 0.037810 0.037944 0.037625 0.037630 0.037834 0.038523 0.037971 0.039697 0.040299 0.040568 0.040148 0.040184 0.040209 0.040385 0.040320 0.037959 0.037647 0.038034 0.037530 0.037911 0.037503 0.038054 0.037683],[3618 3537 3294 3693 3592 2918 3133 3291 4249 4337 4024 3935 4574 4708 4021 4168 4226 3465 3674 3977 3789 3594 3484 4009],[1575395 1575395 1575395 1575395 1575395 1575395 1575395 1575395 1575395 1575395 1575395 1575395 1575395 1575395 1575395 1575395 1575395 1575395 1575395 1575395 1575395 1575395 1575395 1575395 1575395 1575395 1575395 1575395 1575395 1575395 1575395 1575395 1575395 1575395 1575395 1575395 1575395 1575395 1575395 1575395 1575395 1575395 1575395 1575395 1575395 1575395 1575395 1575395],[31 32 58],[0 0 32]
parb_sad-1,TITANV-SEP_RW-PAE-CONCURRENT-INTRA_0:8:0_CTA-MIX_0:2:0_KIDX,commit_649de_modified_0,815055,75541059,0,19727368,0.9121,0.9998,7972,0,22708233,8875113,852478,646886,4924829,673542887,11963520,[[] [2163780] [] ],[[] [355721760] [] ],[[] [402.9963] [] ],[[] [6032] [] ],[[] [4977] [] ],[[] [9] [] ],[[] [334] [] ],[0.5893 0.5889 0.5893 0.5895 0.5894 0.5891 0.589 0.589 0.5926 0.5925 0.5925 0.5927 0.5927 0.5926 0.5925 0.5926 0.5892 0.5891 0.5889 0.5892 0.5891 0.589 0.5891 0.5894],[0.5881 0.5879 0.5882 0.5883 0.588 0.5879 0.5879 0.5879 0.5917 0.5916 0.5916 0.5918 0.5918 0.5916 0.5916 0.5915 0.5881 0.588 0.5879 0.5881 0.588 0.5879 0.588 0.5882],[0.038779 0.038537 0.039173 0.039444 0.039338 0.039919 0.039249 0.038802 0.037636 0.038007 0.038407 0.038362 0.038056 0.038333 0.038364 0.038040 0.038866 0.039183 0.039695 0.039119 0.039250 0.039442 0.039335 0.037954],[4057 3341 3513 4107 4300 3407 3444 3662 2730 2689 2705 2645 2594 2665 2557 3132 3513 3518 3298 3473 3570 3532 3335 3724],[1532679 1532679 1532679 1532679 1532679 1532679 1532679 1532679 1532679 1532679 1532679 1532679 1532679 1532679 1532679 1532679 1532679 1532679 1532679 1532679 1532679 1532679 1532679 1532679 1532679 1532679 1532679 1532679 1532679 1532679 1532679 1532679 1532679 1532679 1532679 1532679 1532679 1532679 1532679 1532679 1532679 1532679 1532679 1532679 1532679 1532679 1532679 1532679],[31 32 58],[0 0 32]
parb_sad-1,TITANV-SEP_RW-PAE-CONCURRENT-INTRA_0:8:0_CTA-MIX_0:3:0_KIDX,commit_649de_modified_0,815061,2466255,0,4920480,0.9096,0.9992,0,0,5664800,2202960,1130624,44820,1808947,131810117,3320520,[[] [432911] [] ],[[] [93505200] [] ],[[] [502.4758] [] ],[[] [592] [] ],[[] [71] [] ],[[] [11] [] ],[[] [288] [] ],[0.6704 0.671 0.6711 0.6708 0.6713 0.671 0.6714 0.671 0.6714 0.6712 0.6711 0.6714 0.671 0.6711 0.6713 0.671 0.671 0.6712 0.6711 0.6707 0.6714 0.6714 0.671 0.6709],[0.6645 0.6646 0.6647 0.6646 0.6647 0.6648 0.6646 0.6648 0.6649 0.6645 0.6647 0.6648 0.6649 0.6647 0.6647 0.6649 0.6643 0.6646 0.6647 0.6643 0.6647 0.6646 0.6646 0.6645],[0.048295 0.048123 0.049523 0.049117 0.048591 0.048042 0.048055 0.048784 0.048360 0.049999 0.048857 0.046510 0.046987 0.047687 0.048074 0.047066 0.048058 0.048757 0.048467 0.048815 0.048983 0.049200 0.048396 0.048315],[2931 3107 3135 3042 3155 3072 3327 3039 3170 3279 3095 3165 3013 3109 3225 2953 3273 3172 3082 3104 3278 3294 3159 3137],[306646 306646 306646 306646 306646 306646 306646 306646 306646 306646 306646 306646 306646 306646 306646 306646 306646 306646 306646 306646 306646 306646 306646 306646 306646 306646 306646 306646 306646 306646 306646 306646 306646 306646 306646 306646 306646 306646 306646 306646 306646 306646 306646 306646 306646 306646 306646 306646],[31 32 58],[0 0 32]
parb_sad-1,TITANV-SEP_RW-PAE-CONCURRENT-INTRA_0:14:0_CTA-MIX_0:2:0_KIDX,commit_649de_modified_0,815058,81600460,0,19727368,0.9121,0.9998,35159,0,22708034,8874914,1474273,1120764,5214331,716547020,11963520,[[] [2305353] [] ],[[] [355721760] [] ],[[] [378.2448] [] ],[[] [11829] [] ],[[] [10721] [] ],[[] [13] [] ],[[] [341] [] ],[0.569 0.5688 0.5688 0.5691 0.569 0.5688 0.5689 0.569 0.5649 0.5649 0.5647 0.5647 0.565 0.565 0.565 0.5648 0.5689 0.5688 0.5686 0.5688 0.5687 0.5688 0.5687 0.5689],[0.5682 0.568 0.568 0.5682 0.5681 0.568 0.568 0.5682 0.564 0.5639 0.5638 0.5637 0.564 0.5639 0.5639 0.5638 0.568 0.5679 0.5678 0.5679 0.5678 0.5679 0.5677 0.5679],[0.036775 0.037657 0.036844 0.036752 0.036790 0.037581 0.037321 0.036749 0.040055 0.040040 0.040407 0.040182 0.040203 0.039961 0.040523 0.040061 0.037409 0.037527 0.036995 0.037271 0.037569 0.037535 0.037407 0.037764],[2493 2568 2482 2601 2673 2619 2793 2542 3687 4344 3463 3866 3878 4037 4223 4092 2887 2825 2554 2659 2667 2713 2919 3044],[1632960 1632960 1632960 1632960 1632960 1632960 1632960 1632960 1632960 1632960 1632960 1632960 1632960 1632960 1632960 1632960 1632960 1632960 1632960 1632960 1632960 1632960 1632960 1632960 1632960 1632960 1632960 1632960 1632960 1632960 1632960 1632960 1632960 1632960 1632960 1632960 1632960 1632960 1632960 1632960 1632960 1632960 1632960 1632960 1632960 1632960 1632960 1632960],[31 32 58],[0 0 32]
parb_sad-1,TITANV-SEP_RW-PAE-CONCURRENT-INTRA_0:6:0_CTA-MIX_0:2:0_KIDX,commit_649de_modified_0,815054,44004727,0,19727368,0.9118,0.9998,13567,0,22699667,8866547,1107945,394623,3268977,623894967,11963520,[[] [2004498] [] ],[[] [355721760] [] ],[[] [434.8552] [] ],[[] [2308] [] ],[[] [1541] [] ],[[] [9] [] ],[[] [297] [] ],[0.6043 0.6043 0.6041 0.6045 0.6046 0.6042 0.6047 0.6049 0.617 0.6167 0.6163 0.6171 0.6173 0.6175 0.6173 0.6166 0.6044 0.6046 0.6047 0.6046 0.6048 0.6046 0.6046 0.6048],[0.6029 0.6029 0.6027 0.6031 0.603 0.6028 0.6031 0.6034 0.6157 0.6154 0.615 0.6159 0.6161 0.6161 0.616 0.6152 0.6029 0.6032 0.6032 0.6031 0.6033 0.6032 0.6033 0.6034],[0.050176 0.050748 0.052944 0.051008 0.052074 0.051380 0.050629 0.050251 0.040578 0.040656 0.041619 0.039899 0.040689 0.039908 0.040681 0.040636 0.051181 0.052196 0.050805 0.051335 0.050809 0.051267 0.049945 0.050845],[4388 4322 4005 4167 4426 4195 4585 4515 3183 3296 3271 3352 3220 3554 2937 3631 4204 4136 4246 4208 4353 4318 3984 4091],[1419854 1419854 1419854 1419854 1419854 1419854 1419854 1419854 1419854 1419854 1419854 1419854 1419854 1419854 1419854 1419854 1419854 1419854 1419854 1419854 1419854 1419854 1419854 1419854 1419854 1419854 1419854 1419854 1419854 1419854 1419854 1419854 1419854 1419854 1419854 1419854 1419854 1419854 1419854 1419854 1419854 1419854 1419854 1419854 1419854 1419854 1419854 1419854],[31 32 58],[0 0 32]
parb_sad-1,TITANV-SEP_RW-PAE-CONCURRENT-INTRA_0:4:0_CTA-MIX_0:2:0_KIDX,commit_649de_modified_0,815053,33423336,0,19681920,0.9101,0.9998,3579,0,22659444,8826324,1836751,197644,2466674,566903115,11963520,[[] [1827057] [] ],[[] [355721760] [] ],[[] [476.2422] [] ],[[] [1336] [] ],[[] [645] [] ],[[] [10] [] ],[[] [294] [] ],[0.6448 0.6447 0.6449 0.6449 0.6446 0.6445 0.6447 0.6447 0.6498 0.65 0.6505 0.6502 0.6493 0.6496 0.6492 0.6495 0.6447 0.6446 0.6448 0.6449 0.6446 0.6447 0.6444 0.6445],[0.643 0.6429 0.6431 0.6432 0.6427 0.6428 0.6427 0.6429 0.6483 0.6483 0.6489 0.6485 0.6478 0.648 0.6476 0.6478 0.6427 0.643 0.6429 0.643 0.6429 0.6429 0.6426 0.6426],[0.047914 0.048384 0.047912 0.047937 0.047066 0.048375 0.047183 0.047910 0.042659 0.042891 0.043454 0.043141 0.042724 0.042073 0.043223 0.042963 0.047163 0.047479 0.046220 0.047358 0.046452 0.047689 0.047226 0.047873],[4109 4118 4092 3705 4206 3990 4569 4171 3425 3768 3609 3814 3327 3561 3569 3771 4254 3915 4230 4194 4013 4234 4028 4229],[1294167 1294167 1294167 1294167 1294167 1294167 1294167 1294167 1294167 1294167 1294167 1294167 1294167 1294167 1294167 1294167 1294167 1294167 1294167 1294167 1294167 1294167 1294167 1294167 1294167 1294167 1294167 1294167 1294167 1294167 1294167 1294167 1294167 1294167 1294167 1294167 1294167 1294167 1294167 1294167 1294167 1294167 1294167 1294167 1294167 1294167 1294167 1294167],[31 32 58],[0 0 32]
parb_sad-1,TITANV-SEP_RW-PAE-CONCURRENT-INTRA_0:12:0_CTA-MIX_0:1:0_KIDX,commit_649de_modified_0,815048,777518,0,462006282,0.9997,0.6321,0,0,15160616,489896,12645560,56556232,55635530,544912242,374985600,[[] [3273551] [] ],[[] [11264876160] [] ],[[] [177.8397] [] ],[[] [719] [] ],[[] [462] [] ],[[] [81] [] ],[[] [255] [] ],[0.6823 0.6771 0.6771 0.6808 0.6786 0.6787 0.6765 0.6809 0.6726 0.6716 0.6704 0.6701 0.6722 0.6691 0.6706 0.6701 0.6862 0.6839 0.6805 0.6811 0.6804 0.6788 0.6815 0.6807],[0.1592 0.1592 0.1592 0.1592 0.1592 0.1592 0.1592 0.1592 0.1592 0.1592 0.1592 0.1592 0.1592 0.1592 0.1592 0.1592 0.1592 0.1592 0.1592 0.1592 0.1592 0.1592 0.1592 0.1592],[0.161312 0.162635 0.164422 0.161629 0.161794 0.163065 0.163623 0.160029 0.153538 0.152452 0.155682 0.154525 0.153883 0.156458 0.156180 0.153600 0.162210 0.164152 0.163313 0.163212 0.162074 0.162320 0.162197 0.161574],[1818359 1813724 1814182 1816913 1814868 1816433 1813690 1816122 1811800 1810764 1809449 1809214 1810162 1809577 1810296 1809899 1820315 1818827 1817241 1817479 1816280 1816401 1817104 1816822],[2318767 2318767 2318767 2318767 2318767 2318767 2318767 2318767 2318767 2318767 2318767 2318767 2318767 2318767 2318767 2318767 2318767 2318767 2318767 2318767 2318767 2318767 2318767 2318767 2318767 2318767 2318767 2318767 2318767 2318767 2318767 2318767 2318767 2318767 2318767 2318767 2318767 2318767 2318767 2318767 2318767 2318767 2318767 2318767 2318767 2318767 2318767 2318767],[31 32 58],[0 0 32]
parb_sad-1,TITANV-SEP_RW-PAE-CONCURRENT-INTRA_0:4:0_CTA-MIX_0:1:0_KIDX,commit_649de_modified_0,815044,17935,0,328633184,1.0000,0.8541,0,0,11223828,265660,40490314,6396914,36661457,945306775,374985600,[[] [4392381] [] ],[[] [11264876160] [] ],[[] [98.1233] [] ],[[] [163] [] ],[[] [22] [] ],[[] [10] [] ],[[] [9] [] ],[0.2242 0.2251 0.2245 0.225 0.224 0.2253 0.2253 0.2249 0.2232 0.2238 0.2235 0.2221 0.2224 0.2235 0.223 0.2229 0.2248 0.2262 0.2248 0.2253 0.2241 0.2255 0.2254 0.2244],[0.1187 0.1187 0.1187 0.1187 0.1187 0.1187 0.1187 0.1187 0.1187 0.1187 0.1187 0.1187 0.1187 0.1187 0.1187 0.1187 0.1187 0.1187 0.1187 0.1187 0.1187 0.1187 0.1187 0.1187],[0.447645 0.448806 0.451706 0.447647 0.447662 0.451652 0.450611 0.447807 0.437936 0.436919 0.443793 0.434999 0.436689 0.435940 0.431813 0.436064 0.444316 0.453465 0.450194 0.447001 0.446760 0.451211 0.455586 0.446764],[1836948 1841053 1838700 1840822 1836573 1844368 1842800 1839311 1828539 1831589 1830479 1824618 1825829 1828430 1827204 1825875 1839102 1846917 1841447 1840600 1836246 1844349 1842478 1838070],[3111271 3111271 3111271 3111271 3111271 3111271 3111271 3111271 3111271 3111271 3111271 3111271 3111271 3111271 3111271 3111271 3111271 3111271 3111271 3111271 3111271 3111271 3111271 3111271 3111271 3111271 3111271 3111271 3111271 3111271 3111271 3111271 3111271 3111271 3111271 3111271 3111271 3111271 3111271 3111271 3111271 3111271 3111271 3111271 3111271 3111271 3111271 3111271],[31 32 58],[0 0 32]
parb_sad-1,TITANV-SEP_RW-PAE-CONCURRENT-INTRA_0:10:0_CTA-MIX_0:1:0_KIDX,commit_649de_modified_0,815047,653033,0,408367740,0.9997,0.6592,0,0,14536064,462052,11020815,33293174,40643955,555090448,374985600,[[] [3174074] [] ],[[] [11264876160] [] ],[[] [175.8574] [] ],[[] [489] [] ],[[] [256] [] ],[[] [72] [] ],[[] [143] [] ],[0.4562 0.4565 0.4562 0.4533 0.4557 0.4545 0.4541 0.4553 0.4524 0.4522 0.4529 0.4535 0.4512 0.4505 0.4515 0.4495 0.4541 0.4542 0.4546 0.4528 0.4539 0.4544 0.4558 0.4554],[0.1642 0.1642 0.1642 0.1642 0.1642 0.1642 0.1642 0.1642 0.1642 0.1642 0.1642 0.1642 0.1642 0.1642 0.1642 0.1642 0.1642 0.1642 0.1642 0.1642 0.1642 0.1642 0.1642 0.1642],[0.260195 0.256365 0.262553 0.258255 0.258581 0.262304 0.259545 0.257923 0.246816 0.250018 0.249657 0.247439 0.249583 0.250501 0.250862 0.251221 0.256517 0.262284 0.256634 0.252684 0.255760 0.257624 0.259702 0.258703],[1550471 1550205 1549477 1545966 1549591 1546959 1547219 1547481 1542929 1543280 1543994 1544161 1540685 1540270 1542106 1539000 1546977 1547151 1547206 1545680 1546364 1546944 1549455 1548369],[2248304 2248304 2248304 2248304 2248304 2248304 2248304 2248304 2248304 2248304 2248304 2248304 2248304 2248304 2248304 2248304 2248304 2248304 2248304 2248304 2248304 2248304 2248304 2248304 2248304 2248304 2248304 2248304 2248304 2248304 2248304 2248304 2248304 2248304 2248304 2248304 2248304 2248304 2248304 2248304 2248304 2248304 2248304 2248304 2248304 2248304 2248304 2248304],[31 32 58],[0 0 32]
parb_sad-1,TITANV-SEP_RW-PAE-CONCURRENT-INTRA_0:20:0_CTA-MIX_0:3:0_KIDX,commit_649de_modified_0,815064,8580306,0,4920480,0.9119,0.9992,488,0,5679578,2217738,902131,194234,1431628,152170999,3320520,[[] [495714] [] ],[[] [93505200] [] ],[[] [439.9612] [] ],[[] [1740] [] ],[[] [1056] [] ],[[] [11] [] ],[[] [284] [] ],[0.6044 0.6042 0.6042 0.6036 0.6044 0.6042 0.6042 0.6049 0.6178 0.6157 0.6167 0.6159 0.6184 0.6164 0.6175 0.6174 0.6038 0.6033 0.6036 0.6044 0.6044 0.6041 0.6046 0.6046],[0.6002 0.5998 0.5997 0.5993 0.6002 0.5994 0.5999 0.6002 0.6135 0.6112 0.6123 0.6115 0.6138 0.6124 0.6129 0.6129 0.5994 0.5992 0.5993 0.5997 0.5996 0.5996 0.6 0.5998],[0.053086 0.051396 0.051561 0.051760 0.051983 0.050240 0.051190 0.051448 0.039372 0.043187 0.041668 0.041373 0.040900 0.041107 0.040660 0.041857 0.052464 0.051970 0.052482 0.051136 0.053451 0.051404 0.051107 0.051915],[2838 2919 3034 2667 2740 3017 2883 3071 2679 2768 2648 2648 2830 2510 2868 2726 2923 2774 2720 2989 3158 2998 3089 3309],[351132 351132 351132 351132 351132 351132 351132 351132 351132 351132 351132 351132 351132 351132 351132 351132 351132 351132 351132 351132 351132 351132 351132 351132 351132 351132 351132 351132 351132 351132 351132 351132 351132 351132 351132 351132 351132 351132 351132 351132 351132 351132 351132 351132 351132 351132 351132 351132],[31 32 58],[0 0 32]
parb_sad-1,TITANV-SEP_RW-PAE-CONCURRENT-INTRA_0:17:0_CTA-MIX_0:1:0_KIDX,commit_649de_modified_0,815051,47046,0,790612820,0.9999,0.5524,0,0,17347260,505736,288766,213810079,2477578,368148349,374985600,[[] [3000706] [] ],[[] [11264876160] [] ],[[] [221.9925] [] ],[[] [175] [] ],[[] [24] [] ],[[] [21] [] ],[[] [14] [] ],[0.2412 0.2408 0.2413 0.2408 0.2414 0.2416 0.2415 0.241 0.2395 0.24 0.2402 0.2397 0.2397 0.2398 0.2393 0.2397 0.2407 0.242 0.2414 0.2409 0.2413 0.2412 0.2409 0.2412],[0.1737 0.1737 0.1736 0.1736 0.1737 0.1737 0.1737 0.1737 0.1737 0.1737 0.1736 0.1736 0.1737 0.1737 0.1737 0.1736 0.1736 0.1736 0.1736 0.1736 0.1736 0.1736 0.1736 0.1736],[0.400409 0.401583 0.404471 0.399481 0.400621 0.403945 0.405100 0.397098 0.387725 0.387273 0.391591 0.387647 0.387719 0.388289 0.383900 0.388926 0.396721 0.407958 0.404898 0.399988 0.400867 0.402276 0.408341 0.402852],[905203 906596 907721 906408 908566 908054 908359 905122 896552 895876 898356 897471 895546 894617 893306 896075 905998 911772 909559 903532 908328 906832 906128 907651],[2125501 2125501 2125501 2125501 2125501 2125501 2125501 2125501 2125501 2125501 2125501 2125501 2125501 2125501 2125501 2125501 2125501 2125501 2125501 2125501 2125501 2125501 2125501 2125501 2125501 2125501 2125501 2125501 2125501 2125501 2125501 2125501 2125501 2125501 2125501 2125501 2125501 2125501 2125501 2125501 2125501 2125501 2125501 2125501 2125501 2125501 2125501 2125501],[31 32 58],[0 0 32]
parb_sad-1,TITANV-SEP_RW-PAE-CONCURRENT-INTRA_0:28:0_CTA-MIX_0:3:0_KIDX,commit_649de_modified_0,815066,15136261,0,4965928,0.9120,0.9992,5459,0,5679976,2218136,978056,478664,2743778,161392562,3320520,[[] [529429] [] ],[[] [93505200] [] ],[[] [411.9726] [] ],[[] [3836] [] ],[[] [2917] [] ],[[] [13] [] ],[[] [312] [] ],[0.588 0.5876 0.5874 0.5871 0.5869 0.5868 0.5867 0.5873 0.5969 0.5971 0.5963 0.5965 0.5965 0.5963 0.5969 0.5967 0.5876 0.5875 0.5871 0.587 0.5866 0.5868 0.5877 0.587],[0.5839 0.5831 0.5834 0.5833 0.5829 0.5827 0.5827 0.583 0.5931 0.593 0.5923 0.5933 0.5924 0.5924 0.5927 0.5927 0.5834 0.5835 0.5827 0.5829 0.5823 0.5827 0.5835 0.583],[0.044371 0.044610 0.043921 0.044552 0.044536 0.045375 0.045019 0.045251 0.038434 0.039675 0.038274 0.038085 0.038365 0.039206 0.039287 0.039091 0.042248 0.042334 0.044786 0.043814 0.047587 0.044900 0.044416 0.045946],[3126 3289 3071 2801 2903 2944 2889 3107 2536 2698 2827 2060 2845 2844 2986 2758 3310 3069 3159 2917 3140 2903 3038 3141],[375013 375013 375013 375013 375013 375013 375013 375013 375013 375013 375013 375013 375013 375013 375013 375013 375013 375013 375013 375013 375013 375013 375013 375013 375013 375013 375013 375013 375013 375013 375013 375013 375013 375013 375013 375013 375013 375013 375013 375013 375013 375013 375013 375013 375013 375013 375013 375013],[31 32 58],[0 0 32]
parb_sad-1,TITANV-SEP_RW-PAE-CONCURRENT-INTRA_0:16:0_CTA-MIX_0:3:0_KIDX,commit_649de_modified_0,815063,7794811,0,4920480,0.9109,0.9992,212,0,5672981,2211141,1364592,154261,1758527,142373188,3320520,[[] [468976] [] ],[[] [93505200] [] ],[[] [464.5047] [] ],[[] [1358] [] ],[[] [697] [] ],[[] [11] [] ],[[] [286] [] ],[0.6286 0.6284 0.6293 0.6284 0.6283 0.6282 0.6304 0.6306 0.6358 0.6368 0.6357 0.6354 0.6358 0.6349 0.638 0.6376 0.6293 0.6289 0.6288 0.6282 0.629 0.6292 0.6298 0.6299],[0.6231 0.6224 0.6223 0.6225 0.6219 0.6215 0.6229 0.6233 0.6298 0.6304 0.6292 0.6298 0.629 0.6285 0.6303 0.6309 0.6223 0.623 0.6224 0.6218 0.6217 0.6219 0.6229 0.6224],[0.047735 0.051030 0.049602 0.050585 0.048889 0.050302 0.049207 0.048241 0.044640 0.043305 0.045054 0.044207 0.043750 0.043336 0.042243 0.043021 0.049693 0.050016 0.049423 0.050325 0.051545 0.049597 0.048790 0.050056],[3608 3708 3968 3548 3747 3959 4371 4370 3653 3778 3791 3337 4035 3726 4336 3907 4043 3880 3780 3770 4138 4294 4271 4363],[332193 332193 332193 332193 332193 332193 332193 332193 332193 332193 332193 332193 332193 332193 332193 332193 332193 332193 332193 332193 332193 332193 332193 332193 332193 332193 332193 332193 332193 332193 332193 332193 332193 332193 332193 332193 332193 332193 332193 332193 332193 332193 332193 332193 332193 332193 332193 332193],[31 32 58],[0 0 32]
parb_sad-1,TITANV-SEP_RW-PAE-CONCURRENT-INTRA_0:8:0_CTA-MIX_0:1:0_KIDX,commit_649de_modified_0,815046,57105,0,358122819,0.9999,0.7559,0,0,12678264,418488,6231265,19827932,20000047,531249448,374985600,[[] [2980761] [] ],[[] [11264876160] [] ],[[] [163.3291] [] ],[[] [194] [] ],[[] [39] [] ],[[] [22] [] ],[[] [11] [] ],[0.2654 0.2663 0.2645 0.264 0.2657 0.2658 0.2662 0.2655 0.2634 0.2634 0.2637 0.2631 0.2635 0.263 0.2624 0.2635 0.2647 0.2652 0.2657 0.2642 0.2643 0.2665 0.266 0.2652],[0.1749 0.1748 0.1748 0.1748 0.1748 0.1749 0.1748 0.1748 0.1748 0.1748 0.1748 0.1748 0.1749 0.1748 0.1748 0.1749 0.1748 0.1748 0.1748 0.1748 0.1748 0.1748 0.1748 0.1748],[0.435347 0.438492 0.437702 0.431811 0.433582 0.438393 0.435752 0.434797 0.423763 0.426575 0.429667 0.422023 0.423526 0.422656 0.417479 0.423100 0.432483 0.438958 0.434958 0.433445 0.432702 0.438377 0.440005 0.435795],[971304 974445 967118 965892 971212 973100 972560 971512 960118 962556 964589 960773 961300 958232 954952 960165 967734 969468 972027 966156 967192 976780 972520 970100],[2111374 2111374 2111374 2111374 2111374 2111374 2111374 2111374 2111374 2111374 2111374 2111374 2111374 2111374 2111374 2111374 2111374 2111374 2111374 2111374 2111374 2111374 2111374 2111374 2111374 2111374 2111374 2111374 2111374 2111374 2111374 2111374 2111374 2111374 2111374 2111374 2111374 2111374 2111374 2111374 2111374 2111374 2111374 2111374 2111374 2111374 2111374 2111374],[31 32 58],[0 0 32]
parb_sad-1,TITANV-SEP_RW-PAE-CONCURRENT-INTRA_0:16:0_CTA-MIX_0:2:0_KIDX,commit_649de_modified_0,815059,84568575,0,19727368,0.9121,0.9998,53267,0,22709144,8876024,768340,1214282,6573543,722884647,11963520,[[] [2324970] [] ],[[] [355721760] [] ],[[] [375.0717] [] ],[[] [13364] [] ],[[] [12233] [] ],[[] [14] [] ],[[] [346] [] ],[0.5666 0.567 0.5668 0.5665 0.5667 0.5669 0.5667 0.5666 0.5634 0.5636 0.5633 0.5634 0.5635 0.5635 0.5636 0.5636 0.5665 0.5667 0.5666 0.5666 0.5665 0.5669 0.5667 0.5669],[0.5656 0.5658 0.5655 0.5654 0.5654 0.5656 0.5656 0.5655 0.5621 0.5623 0.5622 0.5619 0.5624 0.5622 0.5623 0.5623 0.5657 0.5657 0.5657 0.5656 0.5654 0.5657 0.5656 0.5657],[0.036343 0.036666 0.036481 0.036760 0.036314 0.036067 0.036708 0.036294 0.038670 0.038396 0.038394 0.038339 0.038763 0.039448 0.038471 0.039079 0.037504 0.036450 0.036383 0.036031 0.036050 0.036450 0.036778 0.036303],[3765 4233 4273 3643 4058 4010 3770 3601 5265 5692 5242 6294 4866 5082 5735 5822 2319 3803 2962 3440 3800 4171 4099 4137],[1646855 1646855 1646855 1646855 1646855 1646855 1646855 1646855 1646855 1646855 1646855 1646855 1646855 1646855 1646855 1646855 1646855 1646855 1646855 1646855 1646855 1646855 1646855 1646855 1646855 1646855 1646855 1646855 1646855 1646855 1646855 1646855 1646855 1646855 1646855 1646855 1646855 1646855 1646855 1646855 1646855 1646855 1646855 1646855 1646855 1646855 1646855 1646855],[31 32 58],[0 0 32]
parb_sad-1,TITANV-SEP_RW-PAE-CONCURRENT-INTRA_0:12:0_CTA-MIX_0:3:0_KIDX,commit_649de_modified_0,815062,8220387,0,4920480,0.9096,0.9992,0,0,5664800,2202960,1371696,107120,1845549,133544055,3320520,[[] [440485] [] ],[[] [93505200] [] ],[[] [493.8360] [] ],[[] [1093] [] ],[[] [387] [] ],[[] [12] [] ],[[] [297] [] ],[0.6607 0.6611 0.6618 0.6602 0.6607 0.6608 0.662 0.6615 0.6632 0.6628 0.6631 0.6624 0.663 0.6619 0.663 0.6628 0.6612 0.661 0.6616 0.6617 0.6615 0.6616 0.6617 0.6619],[0.6544 0.654 0.6546 0.6544 0.6544 0.6542 0.6545 0.6545 0.6561 0.6556 0.6561 0.656 0.6563 0.6556 0.6555 0.6564 0.6543 0.6542 0.6546 0.6545 0.6547 0.6545 0.6546 0.6548],[0.044404 0.044761 0.044204 0.044724 0.044262 0.043902 0.043966 0.043648 0.043486 0.042448 0.042960 0.041336 0.043934 0.043487 0.043583 0.041671 0.044371 0.044034 0.044548 0.045885 0.043452 0.045130 0.043978 0.043188],[3316 3618 3658 3118 3184 3330 3767 3598 3580 3708 3492 3260 3437 3211 3679 3268 3555 3459 3502 3613 3491 3530 3585 3634],[312011 312011 312011 312011 312011 312011 312011 312011 312011 312011 312011 312011 312011 312011 312011 312011 312011 312011 312011 312011 312011 312011 312011 312011 312011 312011 312011 312011 312011 312011 312011 312011 312011 312011 312011 312011 312011 312011 312011 312011 312011 312011 312011 312011 312011 312011 312011 312011],[31 32 58],[0 0 32]
parb_sad-1,TITANV-SEP_RW-PAE-CONCURRENT-INTRA_0:2:0_CTA-MIX_0:1:0_KIDX,commit_649de_modified_0,815043,15432,0,328633184,1.0000,0.8863,0,0,10829224,317776,84660503,5200335,263411773,1864309237,374985600,[[] [8105992] [] ],[[] [11264876160] [] ],[[] [51.3006] [] ],[[] [154] [] ],[[] [16] [] ],[[] [7] [] ],[[] [8] [] ],[0.2025 0.2032 0.2027 0.2019 0.2018 0.2028 0.2021 0.2019 0.201 0.201 0.2011 0.2005 0.2011 0.2016 0.1993 0.2005 0.2023 0.2036 0.2034 0.2026 0.2029 0.2035 0.2036 0.2028],[0.0644 0.06439 0.0644 0.06438 0.06439 0.0644 0.06439 0.0644 0.06443 0.06442 0.06445 0.06444 0.06445 0.06444 0.06444 0.06444 0.06439 0.06439 0.06439 0.06438 0.06439 0.06438 0.06439 0.06438],[0.442717 0.443471 0.448612 0.442582 0.442194 0.447400 0.445804 0.444425 0.431492 0.433194 0.436347 0.430998 0.432198 0.433079 0.425396 0.433059 0.443528 0.449714 0.445293 0.442173 0.445252 0.447275 0.449893 0.444402],[4379635 4383111 4380002 4376973 4376826 4381506 4376310 4376002 4368134 4367054 4368796 4362458 4365245 4369411 4355207 4364463 4379780 4388386 4386821 4380658 4383522 4385783 4386656 4381099],[5741746 5741746 5741746 5741746 5741746 5741746 5741746 5741746 5741746 5741746 5741746 5741746 5741746 5741746 5741746 5741746 5741746 5741746 5741746 5741746 5741746 5741746 5741746 5741746 5741746 5741746 5741746 5741746 5741746 5741746 5741746 5741746 5741746 5741746 5741746 5741746 5741746 5741746 5741746 5741746 5741746 5741746 5741746 5741746 5741746 5741746 5741746 5741746],[31 32 58],[0 0 32]
parb_sad-1,TITANV-SEP_RW-PAE-CONCURRENT-INTRA_0:14:0_CTA-MIX_0:1:0_KIDX,commit_649de_modified_0,815049,663715,0,683627112,0.9997,0.6200,0,0,15458024,486984,7821514,87847545,54002492,517416245,374985600,[[] [3265023] [] ],[[] [11264876160] [] ],[[] [181.8020] [] ],[[] [767] [] ],[[] [514] [] ],[[] [76] [] ],[[] [275] [] ],[0.6589 0.6581 0.6585 0.6586 0.6576 0.6575 0.6569 0.6554 0.655 0.6551 0.6543 0.653 0.6484 0.6557 0.6544 0.6528 0.6572 0.6614 0.6536 0.6571 0.653 0.6531 0.6573 0.6546],[0.1596 0.1596 0.1596 0.1596 0.1596 0.1596 0.1596 0.1596 0.1596 0.1597 0.1596 0.1596 0.1597 0.1597 0.1596 0.1596 0.1596 0.1596 0.1596 0.1596 0.1596 0.1596 0.1596 0.1596],[0.163877 0.164652 0.164432 0.162952 0.165785 0.166097 0.167116 0.165292 0.160250 0.158985 0.160854 0.160407 0.160701 0.157950 0.158827 0.159654 0.163270 0.166485 0.167531 0.162283 0.164925 0.164100 0.167253 0.166285],[1800350 1800253 1800296 1801040 1798654 1799851 1798119 1797038 1796805 1796924 1796617 1795220 1792035 1797908 1796320 1795868 1799705 1801629 1797113 1798678 1797930 1795856 1800073 1797932],[2312726 2312726 2312726 2312726 2312726 2312726 2312726 2312726 2312726 2312726 2312726 2312726 2312726 2312726 2312726 2312726 2312726 2312726 2312726 2312726 2312726 2312726 2312726 2312726 2312726 2312726 2312726 2312726 2312726 2312726 2312726 2312726 2312726 2312726 2312726 2312726 2312726 2312726 2312726 2312726 2312726 2312726 2312726 2312726 2312726 2312726 2312726 2312726],[31 32 58],[0 0 32]
parb_sad-1,TITANV-SEP_RW-PAE-CONCURRENT-INTRA_0:2:0_CTA-MIX_0:2:0_KIDX,commit_649de_modified_0,815052,7720323,0,19681920,0.9096,0.9998,83,0,22644960,8811840,3814926,65712,3215845,530800989,11963520,[[] [1722884] [] ],[[] [355721760] [] ],[[] [504.7150] [] ],[[] [563] [] ],[[] [61] [] ],[[] [10] [] ],[[] [290] [] ],[0.6786 0.6786 0.6786 0.6786 0.6786 0.6785 0.6786 0.6785 0.6784 0.6784 0.6785 0.6784 0.6785 0.6785 0.6785 0.6786 0.6786 0.6785 0.6786 0.6786 0.6785 0.6785 0.6784 0.6784],[0.6768 0.6767 0.6768 0.6767 0.6767 0.6767 0.6767 0.6767 0.6767 0.6767 0.6767 0.6767 0.6767 0.6767 0.6768 0.6767 0.6768 0.6766 0.6767 0.6768 0.6767 0.6767 0.6767 0.6767],[0.046758 0.046650 0.046441 0.047041 0.046728 0.046136 0.047173 0.046990 0.045965 0.046906 0.046668 0.046452 0.045190 0.046303 0.046900 0.046278 0.046675 0.046974 0.047094 0.045944 0.047985 0.046667 0.046849 0.046697],[3513 3607 3456 3584 3531 3419 3603 3307 3219 3236 3372 3314 3448 3477 3335 3535 3438 3462 3624 3526 3522 3369 3289 3272],[1220377 1220377 1220377 1220377 1220377 1220377 1220377 1220377 1220377 1220377 1220377 1220377 1220377 1220377 1220377 1220377 1220377 1220377 1220377 1220377 1220377 1220377 1220377 1220377 1220377 1220377 1220377 1220377 1220377 1220377 1220377 1220377 1220377 1220377 1220377 1220377 1220377 1220377 1220377 1220377 1220377 1220377 1220377 1220377 1220377 1220377 1220377 1220377],[31 32 58],[0 0 32]
parb_sad-1,TITANV-SEP_RW-PAE-CONCURRENT-INTRA_0:16:0_CTA-MIX_0:1:0_KIDX,commit_649de_modified_0,815050,548473,0,755050198,0.9994,0.5985,0,0,16030056,472240,2893491,176215010,43947932,434382915,374985600,[[] [3230748] [] ],[[] [11264876160] [] ],[[] [190.5298] [] ],[[] [696] [] ],[[] [450] [] ],[[] [75] [] ],[[] [256] [] ],[0.5543 0.5528 0.5539 0.5522 0.5531 0.5495 0.5494 0.5474 0.5514 0.5517 0.5542 0.5522 0.5499 0.5501 0.5489 0.5499 0.5468 0.5489 0.5475 0.5481 0.5475 0.5495 0.5473 0.5469],[0.1615 0.1614 0.1614 0.1614 0.1614 0.1614 0.1614 0.1614 0.1616 0.1616 0.1616 0.1616 0.1616 0.1616 0.1616 0.1616 0.1614 0.1614 0.1614 0.1614 0.1614 0.1614 0.1614 0.1615],[0.187397 0.186740 0.188591 0.185935 0.183438 0.185481 0.190621 0.188988 0.184679 0.186109 0.184881 0.185271 0.184995 0.184528 0.183483 0.183022 0.188969 0.192547 0.190146 0.190745 0.190453 0.191098 0.190969 0.188210],[1707949 1707193 1706831 1706574 1707578 1703367 1703887 1702486 1703824 1703861 1706114 1703794 1703571 1703870 1701576 1703293 1702156 1703762 1702105 1704005 1701809 1703991 1701503 1702386],[2288448 2288448 2288448 2288448 2288448 2288448 2288448 2288448 2288448 2288448 2288448 2288448 2288448 2288448 2288448 2288448 2288448 2288448 2288448 2288448 2288448 2288448 2288448 2288448 2288448 2288448 2288448 2288448 2288448 2288448 2288448 2288448 2288448 2288448 2288448 2288448 2288448 2288448 2288448 2288448 2288448 2288448 2288448 2288448 2288448 2288448 2288448 2288448],[31 32 58],[0 0 32]
parb_sad-1,TITANV-SEP_RW-PAE-CONCURRENT-INTRA_0:24:0_CTA-MIX_0:3:0_KIDX,commit_649de_modified_0,815065,10851328,0,4965928,0.9120,0.9992,3409,0,5680010,2218170,1493196,332733,2226222,158109909,3320520,[[] [519598] [] ],[[] [93505200] [] ],[[] [419.7698] [] ],[[] [2440] [] ],[[] [1666] [] ],[[] [12] [] ],[[] [295] [] ],[0.5886 0.5886 0.5887 0.5877 0.5883 0.5881 0.5882 0.5882 0.6017 0.6013 0.6016 0.6012 0.6016 0.6005 0.6017 0.6011 0.5874 0.5878 0.5879 0.5882 0.5873 0.5882 0.5879 0.5873],[0.5841 0.584 0.5846 0.5839 0.584 0.5839 0.5841 0.5839 0.5975 0.5968 0.5974 0.597 0.5975 0.5966 0.5973 0.597 0.5829 0.5835 0.5836 0.5836 0.5833 0.584 0.5836 0.5833],[0.050497 0.051311 0.048989 0.050825 0.051450 0.049120 0.050465 0.051986 0.040956 0.041800 0.041031 0.041366 0.040455 0.039783 0.039955 0.041081 0.050027 0.051956 0.049959 0.050955 0.049996 0.049354 0.050781 0.050284],[3191 3315 2979 2904 3004 2976 3035 3151 2779 2929 2912 2828 2863 2613 2894 2756 3347 3349 3212 3283 3123 3006 3219 3055],[368050 368050 368050 368050 368050 368050 368050 368050 368050 368050 368050 368050 368050 368050 368050 368050 368050 368050 368050 368050 368050 368050 368050 368050 368050 368050 368050 368050 368050 368050 368050 368050 368050 368050 368050 368050 368050 368050 368050 368050 368050 368050 368050 368050 368050 368050 368050 368050],[31 32 58],[0 0 32]
parb_sad-1,TITANV-SEP_RW-PAE-CONCURRENT-INTRA_0:4:0_CTA-MIX_0:3:0_KIDX,commit_649de_modified_0,815060,2718,0,4920480,0.9096,0.9992,0,0,5664800,2202960,1016070,744,4432504,127909998,3320520,[[] [429473] [] ],[[] [93505200] [] ],[[] [506.4982] [] ],[[] [300] [] ],[[] [31] [] ],[[] [9] [] ],[[] [191] [] ],[0.6774 0.6773 0.6772 0.677 0.6768 0.6775 0.6778 0.6777 0.6773 0.6772 0.6767 0.6765 0.6768 0.6772 0.6773 0.677 0.677 0.6774 0.6774 0.6772 0.6771 0.6775 0.6778 0.6772],[0.6696 0.6694 0.6696 0.6694 0.6694 0.6696 0.6696 0.6695 0.6694 0.6691 0.6693 0.6694 0.6695 0.6693 0.6694 0.6696 0.6693 0.6694 0.6695 0.6695 0.6695 0.6696 0.6695 0.6694],[0.073855 0.074413 0.076147 0.074110 0.073386 0.073972 0.071698 0.074438 0.069486 0.069742 0.069339 0.070454 0.068879 0.071059 0.070267 0.068499 0.073680 0.073289 0.074505 0.074726 0.074316 0.073881 0.073146 0.074178],[4044 4026 3838 3854 3911 4199 4140 4142 3931 3949 3897 3631 3953 4024 4049 3743 3861 3993 3932 3896 4019 3997 4128 3926],[304211 304211 304211 304211 304211 304211 304211 304211 304211 304211 304211 304211 304211 304211 304211 304211 304211 304211 304211 304211 304211 304211 304211 304211 304211 304211 304211 304211 304211 304211 304211 304211 304211 304211 304211 304211 304211 304211 304211 304211 304211 304211 304211 304211 304211 304211 304211 304211],[31 32 58],[0 0 32]
parb_sad-1,TITANV-SEP_RW-PAE-CONCURRENT-INTRA_0:6:0_CTA-MIX_0:1:0_KIDX,commit_649de_modified_0,815045,25999,0,328640243,0.9999,0.8959,0,0,10716656,401224,15256799,7432225,23272260,636653208,374985600,[[] [3309176] [] ],[[] [11264876160] [] ],[[] [124.3570] [] ],[[] [174] [] ],[[] [31] [] ],[[] [9] [] ],[[] [10] [] ],[0.2431 0.2442 0.2438 0.2431 0.2436 0.2441 0.2438 0.2436 0.2424 0.2427 0.2434 0.2421 0.2419 0.2425 0.2423 0.2419 0.2432 0.2446 0.2442 0.2441 0.2437 0.2439 0.245 0.2446],[0.1578 0.1578 0.1578 0.1578 0.1578 0.1578 0.1578 0.1578 0.1579 0.1579 0.1579 0.1579 0.1579 0.1579 0.1579 0.1579 0.1578 0.1578 0.1578 0.1578 0.1578 0.1577 0.1578 0.1578],[0.430123 0.435782 0.435649 0.431364 0.429997 0.435160 0.433787 0.434976 0.422665 0.422398 0.428366 0.419512 0.420199 0.418908 0.416513 0.418370 0.428661 0.440218 0.433535 0.431682 0.432809 0.437328 0.440623 0.433068],[1124971 1129733 1128704 1122953 1125602 1130286 1127653 1128470 1118290 1118432 1121806 1115675 1114779 1116478 1117101 1113802 1123179 1131762 1129098 1129405 1128830 1128703 1132573 1132047],[2344001 2344001 2344001 2344001 2344001 2344001 2344001 2344001 2344001 2344001 2344001 2344001 2344001 2344001 2344001 2344001 2344001 2344001 2344001 2344001 2344001 2344001 2344001 2344001 2344001 2344001 2344001 2344001 2344001 2344001 2344001 2344001 2344001 2344001 2344001 2344001 2344001 2344001 2344001 2344001 2344001 2344001 2344001 2344001 2344001 2344001 2344001 2344001],[31 32 58],[0 0 32]
parb_sad-1,TITANV-SEP_RW-PAE-CONCURRENT-INTRA_0:32:0_CTA-MIX_0:3:0_KIDX,commit_649de_modified_0,815067,18831551,0,4965928,0.9120,0.9992,0,0,5680174,2218334,1963674,592220,4046461,162794229,3320520,[[] [541865] [] ],[[] [93505200] [] ],[[] [402.5318] [] ],[[] [6300] [] ],[[] [5250] [] ],[[] [14] [] ],[[] [331] [] ],[0.5876 0.5871 0.5877 0.5881 0.5873 0.5876 0.5878 0.5887 0.5882 0.5885 0.5885 0.5883 0.5885 0.5885 0.5882 0.5884 0.5875 0.5868 0.5875 0.588 0.5883 0.5884 0.5875 0.5874],[0.584 0.5832 0.5841 0.5848 0.5838 0.5841 0.5838 0.5847 0.5847 0.5848 0.5847 0.5848 0.5848 0.5847 0.5847 0.5848 0.5837 0.5833 0.5837 0.584 0.584 0.5843 0.5838 0.5836],[0.039224 0.038748 0.038696 0.038594 0.038497 0.038869 0.038704 0.038536 0.039496 0.038905 0.039650 0.039787 0.039034 0.038821 0.037654 0.038800 0.037761 0.038933 0.038317 0.039021 0.038205 0.038798 0.038205 0.040185],[2513 2759 2547 2239 2400 2460 2824 2682 2365 2559 2536 2489 2602 2685 2473 2623 2843 2432 2707 2926 3236 2729 2537 2697],[383822 383822 383822 383822 383822 383822 383822 383822 383822 383822 383822 383822 383822 383822 383822 383822 383822 383822 383822 383822 383822 383822 383822 383822 383822 383822 383822 383822 383822 383822 383822 383822 383822 383822 383822 383822 383822 383822 383822 383822 383822 383822 383822 383822 383822 383822 383822 383822],[31 32 58],[0 0 32]
nvd_conv-0,TITANV-SEP_RW-PAE-CONCURRENT-INTRA_0:12:0_CTA-MIX_0:2:0_KIDX,commit_649de_modified_0,815081,2700456,0,5165644,0.9997,0.9219,0,0,2654362,1467514,5094,5531203,1406193,45014838,11494656,[[] [200000] [] ],[[] [365518848] [] ],[[] [509.6324] [] ],[[] [862] [] ],[[] [272] [] ],[[] [18] [] ],[[] [215] [] ],[0.7241 0.7226 0.725 0.7242 0.7247 0.7222 0.7282 0.7253 0.7364 0.7385 0.7383 0.7379 0.7326 0.735 0.7354 0.7357 0.7268 0.725 0.725 0.7252 0.726 0.7264 0.7249 0.725],[0.683 0.6829 0.6843 0.6841 0.6834 0.6816 0.6852 0.6846 0.6973 0.6971 0.6959 0.6967 0.6928 0.6939 0.6938 0.6942 0.6855 0.6851 0.6825 0.6816 0.6831 0.6847 0.684 0.6843],[0.111584 0.119685 0.113132 0.117812 0.116939 0.117184 0.109419 0.117396 0.103626 0.101481 0.103075 0.106778 0.098137 0.105203 0.102946 0.105358 0.117277 0.115951 0.114187 0.120976 0.116823 0.113404 0.115866 0.114290],[8616 8443 8465 8404 8693 8429 8963 8687 8297 8508 8656 8444 8289 8383 8791 8651 8723 8327 9017 8888 8912 8650 8592 8582],[141668 141668 141668 141668 141668 141668 141668 141668 141668 141668 141668 141668 141668 141668 141668 141668 141668 141668 141668 141668 141668 141668 141668 141668 141668 141668 141668 141668 141668 141668 141668 141668 141668 141668 141668 141668 141668 141668 141668 141668 141668 141668 141668 141668 141668 141668 141668 141668],[32 31],[5184 2560]
nvd_conv-0,TITANV-SEP_RW-PAE-CONCURRENT-INTRA_0:10:0_CTA-MIX_0:2:0_KIDX,commit_649de_modified_0,815080,1466116,0,5165644,0.9998,0.9085,0,0,2654534,1467686,6832,5291264,1348672,42839844,11494656,[[] [192286] [] ],[[] [365518848] [] ],[[] [530.1116] [] ],[[] [629] [] ],[[] [147] [] ],[[] [14] [] ],[[] [206] [] ],[0.7475 0.7465 0.7494 0.7491 0.7484 0.7491 0.7484 0.7477 0.7584 0.7593 0.7611 0.7617 0.7586 0.7598 0.7591 0.7559 0.7487 0.7481 0.7492 0.7528 0.75 0.748 0.7478 0.7477],[0.704 0.7044 0.705 0.7057 0.7054 0.7041 0.704 0.7032 0.7139 0.7138 0.7162 0.717 0.7133 0.7146 0.7128 0.7111 0.7038 0.7023 0.7057 0.7069 0.7049 0.7042 0.7029 0.7028],[0.124084 0.123533 0.122337 0.122988 0.129012 0.118501 0.123149 0.125595 0.111481 0.105633 0.106797 0.108020 0.108101 0.106883 0.102823 0.109158 0.124944 0.126915 0.122535 0.125220 0.120921 0.124682 0.127516 0.123743],[8389 8075 8454 8441 8180 8733 8482 8647 8713 8606 8632 8529 8743 8614 8800 8737 8606 9092 8362 8652 8594 8337 8755 8673],[136204 136204 136204 136204 136204 136204 136204 136204 136204 136204 136204 136204 136204 136204 136204 136204 136204 136204 136204 136204 136204 136204 136204 136204 136204 136204 136204 136204 136204 136204 136204 136204 136204 136204 136204 136204 136204 136204 136204 136204 136204 136204 136204 136204 136204 136204 136204 136204],[32 31],[5184 2560]
nvd_conv-0,TITANV-SEP_RW-PAE-CONCURRENT-INTRA_0:8:0_CTA-MIX_0:2:0_KIDX,commit_649de_modified_0,815079,476952,0,5165644,0.9998,0.8944,0,0,2654652,1467804,6863,5089849,1599529,38626099,11494656,[[] [178492] [] ],[[] [365518848] [] ],[[] [571.1040] [] ],[[] [478] [] ],[[] [52] [] ],[[] [13] [] ],[[] [206] [] ],[0.7937 0.7944 0.7954 0.7966 0.7968 0.795 0.7951 0.7943 0.8002 0.8 0.7993 0.7991 0.7987 0.7993 0.7984 0.7992 0.7954 0.7948 0.7948 0.7959 0.796 0.7951 0.796 0.7965],[0.75 0.7503 0.7503 0.7499 0.7508 0.7499 0.7498 0.7494 0.7536 0.7532 0.7539 0.7533 0.7534 0.7538 0.7522 0.7527 0.7506 0.7502 0.7503 0.7506 0.7503 0.7496 0.7502 0.75],[0.128022 0.129736 0.132860 0.121509 0.130531 0.129641 0.127731 0.127827 0.117787 0.114622 0.117963 0.115744 0.114011 0.118526 0.116182 0.112508 0.126373 0.129195 0.131508 0.135794 0.126667 0.128296 0.128033 0.126073],[7376 7557 7644 7960 7861 7580 7617 7612 7921 7837 7718 7724 7431 7810 7616 7856 7585 7626 7560 7639 7768 7605 7779 7795],[126433 126433 126433 126433 126433 126433 126433 126433 126433 126433 126433 126433 126433 126433 126433 126433 126433 126433 126433 126433 126433 126433 126433 126433 126433 126433 126433 126433 126433 126433 126433 126433 126433 126433 126433 126433 126433 126433 126433 126433 126433 126433 126433 126433 126433 126433 126433 126433],[32 31],[5184 2560]
nvd_conv-0,TITANV-SEP_RW-PAE-CONCURRENT-INTRA_0:14:0_CTA-MIX_0:2:0_KIDX,commit_649de_modified_0,815082,4092265,0,5165644,0.9997,0.9306,534,0,2654270,1467422,6438,5643752,1371699,46569039,11494656,[[] [205372] [] ],[[] [365518848] [] ],[[] [496.2847] [] ],[[] [1112] [] ],[[] [414] [] ],[[] [24] [] ],[[] [220] [] ],[0.7126 0.7086 0.7107 0.7106 0.7107 0.712 0.7105 0.7091 0.715 0.7153 0.716 0.7155 0.7158 0.7163 0.7158 0.7147 0.7102 0.7109 0.711 0.7122 0.7113 0.7098 0.7124 0.7104],[0.673 0.6731 0.6717 0.6731 0.6731 0.6729 0.672 0.6714 0.6783 0.6782 0.6777 0.6777 0.6781 0.678 0.6789 0.6781 0.6723 0.6726 0.6728 0.6728 0.6725 0.671 0.6736 0.6727],[0.109656 0.106540 0.106385 0.109185 0.105310 0.103587 0.112696 0.106481 0.102532 0.102117 0.101910 0.100037 0.104712 0.106842 0.100963 0.103635 0.107416 0.104980 0.098836 0.104045 0.103369 0.104938 0.103322 0.104606],[8587 8000 8262 8127 8164 8483 8328 8133 7870 7997 8385 8323 8177 8307 7976 7888 8214 8156 8208 8421 8404 8537 8219 8055],[145473 145473 145473 145473 145473 145473 145473 145473 145473 145473 145473 145473 145473 145473 145473 145473 145473 145473 145473 145473 145473 145473 145473 145473 145473 145473 145473 145473 145473 145473 145473 145473 145473 145473 145473 145473 145473 145473 145473 145473 145473 145473 145473 145473 145473 145473 145473 145473],[32 31],[5184 2560]
nvd_conv-0,TITANV-SEP_RW-PAE-CONCURRENT-INTRA_0:6:0_CTA-MIX_0:2:0_KIDX,commit_649de_modified_0,815078,31986,0,5165644,0.9997,0.8926,0,0,2654336,1467488,6123,4808298,1902040,39547939,11494656,[[] [181651] [] ],[[] [365518848] [] ],[[] [561.1055] [] ],[[] [358] [] ],[[] [40] [] ],[[] [10] [] ],[[] [175] [] ],[0.7818 0.7817 0.7823 0.7815 0.7826 0.7813 0.7837 0.785 0.7842 0.7841 0.7841 0.7856 0.7852 0.7857 0.7843 0.7853 0.7822 0.7827 0.7843 0.7835 0.7833 0.7836 0.7845 0.7821],[0.7369 0.7366 0.7369 0.7369 0.737 0.737 0.7368 0.737 0.7382 0.739 0.7393 0.7394 0.7392 0.739 0.7393 0.7391 0.7372 0.7368 0.7374 0.7372 0.7369 0.7371 0.7376 0.738],[0.150624 0.153768 0.144413 0.147580 0.148825 0.152487 0.146516 0.143908 0.146017 0.147103 0.143103 0.148543 0.147503 0.148804 0.140036 0.140774 0.146463 0.145724 0.150592 0.144461 0.150116 0.147327 0.139899 0.153912],[7954 8002 8037 7941 8025 7905 8168 8345 8261 8142 8177 8375 8281 8446 7961 8273 7935 7996 8213 8146 8314 8274 8211 7739],[128671 128671 128671 128671 128671 128671 128671 128671 128671 128671 128671 128671 128671 128671 128671 128671 128671 128671 128671 128671 128671 128671 128671 128671 128671 128671 128671 128671 128671 128671 128671 128671 128671 128671 128671 128671 128671 128671 128671 128671 128671 128671 128671 128671 128671 128671 128671 128671],[32 31],[5184 2560]
nvd_conv-0,TITANV-SEP_RW-PAE-CONCURRENT-INTRA_0:4:0_CTA-MIX_0:2:0_KIDX,commit_649de_modified_0,815077,5157,0,5045760,0.9997,0.8893,0,0,2654148,1467300,5883,4457969,2189993,45332147,11494656,[[] [199587] [] ],[[] [365518848] [] ],[[] [510.6458] [] ],[[] [272] [] ],[[] [30] [] ],[[] [10] [] ],[[] [102] [] ],[0.7138 0.7139 0.7148 0.7131 0.7143 0.7137 0.714 0.7139 0.7174 0.7178 0.7194 0.7176 0.7174 0.7176 0.7162 0.7183 0.713 0.712 0.7117 0.7116 0.7134 0.7128 0.7129 0.7117],[0.6707 0.6706 0.6707 0.6706 0.6709 0.6706 0.6708 0.6707 0.6711 0.6711 0.6711 0.671 0.671 0.6711 0.671 0.6712 0.6706 0.6705 0.6704 0.6705 0.6706 0.6708 0.6706 0.6705],[0.210187 0.209199 0.207884 0.210141 0.214789 0.214312 0.204089 0.213249 0.208665 0.213858 0.207468 0.213771 0.214444 0.216742 0.209635 0.211334 0.211804 0.212594 0.213193 0.216267 0.212739 0.211972 0.215170 0.217872],[9258 9506 9492 9336 9562 9574 9500 9403 10498 10774 11093 10872 10817 10877 10613 10769 9475 9008 9152 9064 9319 9274 9395 9355],[141375 141375 141375 141375 141375 141375 141375 141375 141375 141375 141375 141375 141375 141375 141375 141375 141375 141375 141375 141375 141375 141375 141375 141375 141375 141375 141375 141375 141375 141375 141375 141375 141375 141375 141375 141375 141375 141375 141375 141375 141375 141375 141375 141375 141375 141375 141375 141375],[32 31],[5184 2560]
nvd_conv-0,TITANV-SEP_RW-PAE-CONCURRENT-INTRA_0:12:0_CTA-MIX_0:1:0_KIDX,commit_649de_modified_0,815070,2965007,0,7150984,0.9990,0.8915,0,0,2646736,1459568,51849,9347317,2155982,32433924,12751872,[[] [178310] [] ],[[] [405798912] [] ],[[] [569.9822] [] ],[[] [1219] [] ],[[] [656] [] ],[[] [25] [] ],[[] [178] [] ],[0.8108 0.8099 0.8116 0.8118 0.8135 0.8124 0.8077 0.8118 0.8088 0.8084 0.8098 0.807 0.8079 0.8065 0.8078 0.8068 0.8112 0.811 0.811 0.8123 0.8107 0.8107 0.8112 0.8106],[0.7475 0.7476 0.7473 0.7472 0.7473 0.7474 0.7475 0.7473 0.7476 0.7473 0.7478 0.7478 0.7474 0.7475 0.7474 0.7474 0.7474 0.7475 0.7472 0.7474 0.7472 0.7474 0.7475 0.7474],[0.117708 0.121879 0.123133 0.119774 0.124446 0.118408 0.121316 0.119786 0.110753 0.108934 0.110018 0.114515 0.110152 0.109698 0.104671 0.107446 0.131020 0.130972 0.130789 0.135077 0.124326 0.128339 0.126220 0.129409],[10664 10422 10709 10843 10928 10964 10226 10785 10475 10257 10366 9919 10224 9963 10249 10015 10669 10551 10587 10692 10634 10634 10826 10603],[126304 126304 126304 126304 126304 126304 126304 126304 126304 126304 126304 126304 126304 126304 126304 126304 126304 126304 126304 126304 126304 126304 126304 126304 126304 126304 126304 126304 126304 126304 126304 126304 126304 126304 126304 126304 126304 126304 126304 126304 126304 126304 126304 126304 126304 126304 126304 126304],[32 31],[5184 2560]
nvd_conv-0,TITANV-SEP_RW-PAE-CONCURRENT-INTRA_0:4:0_CTA-MIX_0:1:0_KIDX,commit_649de_modified_0,815068,15196,0,7105536,0.9991,0.8914,0,0,2646800,1459632,128331,4439646,3236803,39364848,12751872,[[] [188153] [] ],[[] [405798912] [] ],[[] [540.1776] [] ],[[] [287] [] ],[[] [44] [] ],[[] [16] [] ],[[] [87] [] ],[0.7803 0.7828 0.7814 0.7824 0.7815 0.7824 0.7822 0.7825 0.7779 0.7791 0.7803 0.7786 0.7809 0.7792 0.7789 0.7801 0.782 0.7815 0.7817 0.7806 0.7808 0.7818 0.7813 0.7819],[0.713 0.7126 0.7127 0.7129 0.7128 0.7127 0.7127 0.7128 0.7128 0.7129 0.7129 0.7129 0.7128 0.7128 0.7129 0.7127 0.7127 0.7128 0.7128 0.7128 0.7127 0.7127 0.7125 0.7128],[0.240734 0.243772 0.254227 0.250553 0.248276 0.248144 0.250582 0.248375 0.232531 0.236342 0.238503 0.232997 0.240313 0.238581 0.236218 0.239846 0.259144 0.255754 0.250903 0.252817 0.253803 0.251951 0.256072 0.253856],[12391 12643 12550 12601 12455 12768 12622 12692 12015 12147 12398 12072 12474 12231 12105 12317 12813 12759 12626 12452 12529 12768 12768 12600],[133276 133276 133276 133276 133276 133276 133276 133276 133276 133276 133276 133276 133276 133276 133276 133276 133276 133276 133276 133276 133276 133276 133276 133276 133276 133276 133276 133276 133276 133276 133276 133276 133276 133276 133276 133276 133276 133276 133276 133276 133276 133276 133276 133276 133276 133276 133276 133276],[32 31],[5184 2560]
nvd_conv-0,TITANV-SEP_RW-PAE-CONCURRENT-INTRA_0:32:0_CTA-MIX_0:1:0_KIDX,commit_649de_modified_0,815075,5002234,0,7150984,0.9991,0.9310,210,0,2646652,1459484,163558,9779340,638223,36868559,12751872,[[] [190346] [] ],[[] [405798912] [] ],[[] [533.9244] [] ],[[] [3987] [] ],[[] [3240] [] ],[[] [44] [] ],[[] [196] [] ],[0.7656 0.7652 0.7657 0.7638 0.7664 0.7668 0.7661 0.7657 0.7748 0.7745 0.7763 0.7758 0.7754 0.7755 0.7743 0.7729 0.7653 0.7641 0.7661 0.765 0.7655 0.7639 0.7648 0.7658],[0.7199 0.7201 0.7198 0.7208 0.7206 0.7203 0.7205 0.7195 0.7326 0.7325 0.7331 0.7322 0.7322 0.7327 0.7321 0.7324 0.7211 0.7201 0.7196 0.7193 0.7199 0.7199 0.7196 0.7197],[0.085581 0.082029 0.086032 0.085342 0.086125 0.087123 0.082457 0.086825 0.080725 0.080268 0.079312 0.076878 0.080599 0.079441 0.077702 0.075669 0.085525 0.084935 0.081341 0.089932 0.087114 0.084526 0.080489 0.082680],[9198 9054 9307 8756 8980 9277 9063 9263 8060 8305 8320 8306 8476 8478 8266 7891 8975 9057 9257 9206 9311 8971 8934 9259],[134830 134830 134830 134830 134830 134830 134830 134830 134830 134830 134830 134830 134830 134830 134830 134830 134830 134830 134830 134830 134830 134830 134830 134830 134830 134830 134830 134830 134830 134830 134830 134830 134830 134830 134830 134830 134830 134830 134830 134830 134830 134830 134830 134830 134830 134830 134830 134830],[32 31],[5184 2560]
nvd_conv-0,TITANV-SEP_RW-PAE-CONCURRENT-INTRA_0:24:0_CTA-MIX_0:1:0_KIDX,commit_649de_modified_0,815073,4348548,0,7150984,0.9987,0.9145,8,0,2645558,1458390,80200,9269666,1139221,35693805,12751872,[[] [186077] [] ],[[] [405798912] [] ],[[] [545.9478] [] ],[[] [2671] [] ],[[] [1993] [] ],[[] [32] [] ],[[] [192] [] ],[0.7764 0.7787 0.7766 0.7786 0.7813 0.7796 0.7783 0.7767 0.7895 0.7894 0.7894 0.787 0.7909 0.7932 0.7935 0.7922 0.7771 0.7776 0.7771 0.778 0.777 0.777 0.779 0.7777],[0.7271 0.727 0.727 0.7279 0.7279 0.7278 0.7278 0.7278 0.7392 0.7388 0.74 0.74 0.7404 0.741 0.7409 0.7398 0.7265 0.727 0.7273 0.7268 0.7278 0.7271 0.7269 0.7271],[0.095438 0.096793 0.092276 0.092068 0.096756 0.092260 0.094334 0.097717 0.079256 0.082273 0.078130 0.084079 0.078977 0.081021 0.082320 0.081210 0.093697 0.095896 0.091105 0.097093 0.093455 0.093327 0.094564 0.095882],[9495 9923 9694 9742 10183 9992 9810 9721 9450 9593 9219 8898 9377 9505 9637 9652 9629 9638 9654 9918 9590 9698 9944 9687],[131806 131806 131806 131806 131806 131806 131806 131806 131806 131806 131806 131806 131806 131806 131806 131806 131806 131806 131806 131806 131806 131806 131806 131806 131806 131806 131806 131806 131806 131806 131806 131806 131806 131806 131806 131806 131806 131806 131806 131806 131806 131806 131806 131806 131806 131806 131806 131806],[32 31],[5184 2560]
nvd_conv-0,TITANV-SEP_RW-PAE-CONCURRENT-INTRA_0:28:0_CTA-MIX_0:1:0_KIDX,commit_649de_modified_0,815074,4721301,0,7150984,0.9986,0.9239,21,0,2645166,1457998,103290,9420304,1070820,36060518,12751872,[[] [186933] [] ],[[] [405798912] [] ],[[] [543.3673] [] ],[[] [3328] [] ],[[] [2607] [] ],[[] [41] [] ],[[] [195] [] ],[0.7739 0.7731 0.7742 0.7754 0.777 0.7751 0.7742 0.7751 0.7849 0.7845 0.7876 0.7876 0.7849 0.7848 0.786 0.7862 0.773 0.7757 0.7766 0.7772 0.7749 0.7777 0.7756 0.7755],[0.7299 0.7296 0.7296 0.7296 0.7312 0.7295 0.7304 0.7295 0.7442 0.7438 0.7448 0.7451 0.7431 0.7446 0.7443 0.7444 0.7294 0.7296 0.7304 0.731 0.7299 0.7302 0.7297 0.7298],[0.089019 0.088914 0.087206 0.092168 0.088675 0.088243 0.089954 0.088179 0.080292 0.083766 0.078018 0.078313 0.079734 0.076401 0.078847 0.078513 0.084098 0.085684 0.084499 0.086593 0.086344 0.086743 0.087365 0.085025],[8726 8539 8701 8836 8868 8877 8653 8883 7448 7752 7765 7748 7736 7641 7641 7920 8507 8820 8956 9064 8731 9245 9059 8833],[132412 132412 132412 132412 132412 132412 132412 132412 132412 132412 132412 132412 132412 132412 132412 132412 132412 132412 132412 132412 132412 132412 132412 132412 132412 132412 132412 132412 132412 132412 132412 132412 132412 132412 132412 132412 132412 132412 132412 132412 132412 132412 132412 132412 132412 132412 132412 132412],[32 31],[5184 2560]
nvd_conv-0,TITANV-SEP_RW-PAE-CONCURRENT-INTRA_0:8:0_CTA-MIX_0:1:0_KIDX,commit_649de_modified_0,815069,2660265,0,7105536,0.9989,0.8916,0,0,2646320,1459152,65546,8263421,2441910,37325699,12751872,[[] [190910] [] ],[[] [405798912] [] ],[[] [532.2803] [] ],[[] [815] [] ],[[] [303] [] ],[[] [20] [] ],[[] [157] [] ],[0.765 0.7636 0.7634 0.7647 0.7634 0.7643 0.7626 0.7649 0.7727 0.7741 0.7739 0.7718 0.7722 0.7736 0.7709 0.771 0.765 0.7632 0.7642 0.7635 0.7652 0.7623 0.7642 0.7625],[0.7009 0.7008 0.7008 0.7009 0.7007 0.7007 0.7005 0.7007 0.6999 0.6998 0.7 0.6999 0.6999 0.6998 0.6997 0.6998 0.7003 0.7006 0.7007 0.7007 0.7006 0.7006 0.7006 0.7006],[0.120594 0.122110 0.118919 0.114090 0.117961 0.119102 0.114886 0.111623 0.115693 0.113121 0.112811 0.116899 0.113723 0.114259 0.110878 0.112561 0.124166 0.121980 0.121412 0.122257 0.118809 0.120363 0.123090 0.116170],[12873 12813 12638 12994 12933 12875 12406 13064 15318 15272 15285 15229 15222 15070 14617 14621 13314 12471 12811 12799 13050 12693 12881 12614],[135229 135229 135229 135229 135229 135229 135229 135229 135229 135229 135229 135229 135229 135229 135229 135229 135229 135229 135229 135229 135229 135229 135229 135229 135229 135229 135229 135229 135229 135229 135229 135229 135229 135229 135229 135229 135229 135229 135229 135229 135229 135229 135229 135229 135229 135229 135229 135229],[32 31],[5184 2560]
nvd_conv-0,TITANV-SEP_RW-PAE-CONCURRENT-INTRA_0:16:0_CTA-MIX_0:2:0_KIDX,commit_649de_modified_0,815083,4301995,0,5165644,0.9997,0.9323,1537,0,2654348,1467500,7366,5718170,1231557,47799867,11494656,[[] [208164] [] ],[[] [365518848] [] ],[[] [489.6427] [] ],[[] [1197] [] ],[[] [495] [] ],[[] [27] [] ],[[] [219] [] ],[0.7021 0.7029 0.7021 0.7018 0.702 0.7027 0.7056 0.7025 0.7003 0.702 0.7021 0.6997 0.6982 0.7024 0.7046 0.7028 0.7018 0.7033 0.7013 0.7014 0.7037 0.6996 0.7029 0.704],[0.669 0.6699 0.6699 0.6705 0.6692 0.6701 0.6705 0.6688 0.67 0.6704 0.6697 0.6698 0.6701 0.6705 0.6703 0.6709 0.6694 0.6702 0.6692 0.6702 0.6704 0.6683 0.6702 0.6689],[0.111009 0.106001 0.106590 0.107626 0.107233 0.107196 0.099466 0.108638 0.101391 0.108357 0.105912 0.103332 0.104413 0.106818 0.103747 0.102427 0.107510 0.103025 0.105702 0.110593 0.108584 0.106271 0.106268 0.108754],[7560 7678 7258 7079 7328 7440 7595 7501 6994 7186 7477 7119 6608 7227 7749 7184 7345 7359 7200 7089 7397 6990 7279 7764],[147451 147451 147451 147451 147451 147451 147451 147451 147451 147451 147451 147451 147451 147451 147451 147451 147451 147451 147451 147451 147451 147451 147451 147451 147451 147451 147451 147451 147451 147451 147451 147451 147451 147451 147451 147451 147451 147451 147451 147451 147451 147451 147451 147451 147451 147451 147451 147451],[32 31],[5184 2560]
nvd_conv-0,TITANV-SEP_RW-PAE-CONCURRENT-INTRA_0:20:0_CTA-MIX_0:1:0_KIDX,commit_649de_modified_0,815072,4037415,0,7150984,0.9987,0.9046,0,0,2645558,1458390,81836,8625386,1248543,34510559,12751872,[[] [180059] [] ],[[] [405798912] [] ],[[] [564.1945] [] ],[[] [2103] [] ],[[] [1452] [] ],[[] [29] [] ],[[] [189] [] ],[0.7946 0.7958 0.7974 0.7979 0.7981 0.7987 0.7961 0.7974 0.8023 0.8038 0.8072 0.8047 0.8041 0.8028 0.8049 0.8054 0.7962 0.796 0.7968 0.7975 0.7963 0.7966 0.7962 0.7984],[0.744 0.744 0.7441 0.7438 0.7432 0.7433 0.7441 0.744 0.751 0.7524 0.7528 0.7512 0.7521 0.7513 0.7529 0.7534 0.7431 0.7431 0.7431 0.7434 0.7435 0.7428 0.743 0.7435],[0.099761 0.097294 0.099345 0.098725 0.099582 0.097283 0.101202 0.097125 0.081895 0.080887 0.080045 0.084654 0.083470 0.082511 0.080009 0.077840 0.094385 0.094188 0.098401 0.098384 0.100202 0.096916 0.100033 0.096771],[9068 9182 9387 9567 9786 9717 9201 9393 9049 9007 9427 9174 8985 9099 9067 9139 9397 9263 9591 9596 9268 9535 9367 9638],[127543 127543 127543 127543 127543 127543 127543 127543 127543 127543 127543 127543 127543 127543 127543 127543 127543 127543 127543 127543 127543 127543 127543 127543 127543 127543 127543 127543 127543 127543 127543 127543 127543 127543 127543 127543 127543 127543 127543 127543 127543 127543 127543 127543 127543 127543 127543 127543],[32 31],[5184 2560]
nvd_conv-0,TITANV-SEP_RW-PAE-CONCURRENT-INTRA_0:2:0_CTA-MIX_0:2:0_KIDX,commit_649de_modified_0,815076,5659,0,5045760,0.9994,0.8892,0,0,2653554,1466706,25978,3934475,4137808,82393295,11494656,[[] [319586] [] ],[[] [365518848] [] ],[[] [318.8370] [] ],[[] [231] [] ],[[] [21] [] ],[[] [7] [] ],[[] [49] [] ],[0.5147 0.5136 0.5116 0.5149 0.5145 0.5152 0.5145 0.5152 0.5159 0.5165 0.516 0.5166 0.5153 0.5186 0.5164 0.514 0.5134 0.5143 0.5143 0.5128 0.5124 0.5127 0.5121 0.5138],[0.4204 0.4205 0.4204 0.4205 0.4205 0.4205 0.4205 0.4205 0.4202 0.4201 0.4201 0.4201 0.4201 0.4202 0.4202 0.4201 0.4202 0.4201 0.4202 0.4202 0.4202 0.4203 0.4202 0.4203],[0.292291 0.292773 0.284553 0.285738 0.295056 0.291887 0.294261 0.291376 0.317687 0.318438 0.317180 0.318228 0.314993 0.314967 0.325921 0.312386 0.301919 0.308377 0.300381 0.301031 0.302526 0.292211 0.300015 0.295182],[53281 53038 52324 53416 53402 53683 53130 53391 54050 54233 53871 54284 53833 54795 53587 52907 53833 53783 53454 53332 52858 53385 52424 53727],[226375 226375 226375 226375 226375 226375 226375 226375 226375 226375 226375 226375 226375 226375 226375 226375 226375 226375 226375 226375 226375 226375 226375 226375 226375 226375 226375 226375 226375 226375 226375 226375 226375 226375 226375 226375 226375 226375 226375 226375 226375 226375 226375 226375 226375 226375 226375 226375],[32 31],[5184 2560]
nvd_conv-0,TITANV-SEP_RW-PAE-CONCURRENT-INTRA_0:16:0_CTA-MIX_0:1:0_KIDX,commit_649de_modified_0,815071,3905479,0,7150984,0.9987,0.8976,4164,0,2645414,1458246,129034,6632915,1712391,34904360,12751872,[[] [176630] [] ],[[] [405798912] [] ],[[] [575.1160] [] ],[[] [1688] [] ],[[] [1029] [] ],[[] [22] [] ],[[] [190] [] ],[0.8179 0.8175 0.8164 0.8143 0.8144 0.8165 0.8161 0.8167 0.8209 0.8198 0.8168 0.8171 0.8194 0.8189 0.8185 0.8192 0.8188 0.8188 0.8169 0.8181 0.8201 0.8172 0.8188 0.8189],[0.7545 0.7549 0.754 0.7543 0.7549 0.7545 0.7552 0.7548 0.7612 0.761 0.7602 0.7603 0.7611 0.7607 0.7601 0.7606 0.7578 0.7577 0.758 0.758 0.7585 0.7578 0.7584 0.7575],[0.099949 0.096046 0.102299 0.102670 0.096899 0.097217 0.097566 0.093267 0.086113 0.082902 0.090549 0.090595 0.085851 0.086677 0.085369 0.085091 0.100162 0.103641 0.099812 0.098338 0.095247 0.101746 0.100921 0.096647],[10585 10581 10536 10178 9919 10544 10250 10404 9544 9482 9145 9265 9494 9488 9452 9487 10021 9974 9810 9813 9952 9639 9824 10077],[125114 125114 125114 125114 125114 125114 125114 125114 125114 125114 125114 125114 125114 125114 125114 125114 125114 125114 125114 125114 125114 125114 125114 125114 125114 125114 125114 125114 125114 125114 125114 125114 125114 125114 125114 125114 125114 125114 125114 125114 125114 125114 125114 125114 125114 125114 125114 125114],[32 31],[5184 2560]
parb_sad-0,TITANV-SEP_RW-PAE-CONCURRENT-INTRA_0:1:0_CTA-MIX_0:2:0_KIDX,commit_649de_modified_0,815039,2978,0,242352,0.9099,0.9848,0,0,283203,108603,190263,780,1563786,4256723,147312,[[] [25576] [] ],[[] [4380156] [] ],[[] [425.1699] [] ],[[] [276] [] ],[[] [50] [] ],[[] [19] [] ],[[] [80] [] ],[0.4628 0.4649 0.4714 0.4702 0.4713 0.4667 0.467 0.4706 0.4849 0.4758 0.4826 0.486 0.4782 0.4804 0.4772 0.4804 0.4685 0.4669 0.4611 0.4709 0.4693 0.4704 0.4676 0.4719],[0.3806 0.3796 0.3837 0.383 0.3817 0.3819 0.3808 0.3814 0.3915 0.3926 0.394 0.3964 0.3909 0.3913 0.3935 0.3939 0.3824 0.3812 0.3809 0.3838 0.382 0.3806 0.383 0.3853],[0.237753 0.231339 0.214009 0.219005 0.226540 0.227131 0.226221 0.224125 0.210131 0.216388 0.209749 0.186925 0.210486 0.219033 0.207533 0.203380 0.206380 0.209329 0.228104 0.208228 0.209696 0.225448 0.223173 0.218453],[3735 3826 3836 3871 3917 3791 3727 3934 4045 3665 3923 3765 3910 3869 3760 3794 3859 3880 3693 3749 3914 3914 3716 3836],[18118 18118 18118 18118 18118 18118 18118 18118 18118 18118 18118 18118 18118 18118 18118 18118 18118 18118 18118 18118 18118 18118 18118 18118 18118 18118 18118 18118 18118 18118 18118 18118 18118 18118 18118 18118 18118 18118 18118 18118 18118 18118 18118 18118 18118 18118 18118 18118],[31 32 58],[0 0 32]
parb_sad-0,TITANV-SEP_RW-PAE-CONCURRENT-INTRA_0:2:0_CTA-MIX_0:3:0_KIDX,commit_649de_modified_0,815042,3151,0,60588,0.9109,0.9371,0,0,74435,27225,2713823,0,492864,676626,40887,[[] [12806] [] ],[[] [1151370] [] ],[[] [223.1655] [] ],[[] [203] [] ],[[] [22] [] ],[[] [8] [] ],[[] [6] [] ],[0.2485 0.253 0.2693 0.2679 0.2522 0.2623 0.2628 0.2587 0.2626 0.2648 0.255 0.2704 0.2675 0.257 0.2581 0.2663 0.2526 0.2446 0.254 0.2673 0.2597 0.2624 0.267 0.2641],[0.1254 0.1252 0.1252 0.1252 0.1243 0.1243 0.1252 0.1252 0.1261 0.1261 0.1261 0.1261 0.1261 0.1252 0.1258 0.1261 0.1235 0.1235 0.1235 0.1235 0.1237 0.1243 0.1235 0.1235],[0.696837 0.719190 0.742958 0.727993 0.733156 0.716312 0.710387 0.719190 0.713287 0.738636 0.723776 0.732517 0.724650 0.741197 0.731814 0.724650 0.720536 0.725000 0.713393 0.739286 0.748663 0.724291 0.728571 0.731250],[6382 6421 6577 6470 6449 6519 6495 6384 6505 6403 6348 6515 6522 6478 6478 6515 6460 6316 6460 6595 6537 6491 6531 6532],[9072 9072 9072 9072 9072 9072 9072 9072 9072 9072 9072 9072 9072 9072 9072 9072 9072 9072 9072 9072 9072 9072 9072 9072 9072 9072 9072 9072 9072 9072 9072 9072 9072 9072 9072 9072 9072 9072 9072 9072 9072 9072 9072 9072 9072 9072 9072 9072],[31 32 58],[0 0 32]
parb_sad-0,TITANV-SEP_RW-PAE-CONCURRENT-INTRA_0:12:0_CTA-MIX_0:1:0_KIDX,commit_649de_modified_0,815035,3608,0,4945765,1.0000,0.6232,0,0,185696,6236,323303,607055,1808001,6238413,4617360,[[] [49143] [] ],[[] [138709296] [] ],[[] [145.0957] [] ],[[] [651] [] ],[[] [378] [] ],[[] [127] [] ],[[] [5] [] ],[0.191 0.2211 0.2085 0.2532 0.2037 0.2022 0.2219 0.2101 0.3052 0.2981 0.2773 0.3026 0.3239 0.2496 0.2896 0.2731 0.2617 0.316 0.2412 0.26 0.2679 0.2525 0.2444 0.2353],[0.005113 0.005056 0.005056 0.005056 0.005085 0.005286 0.005171 0.005142 0.009882 0.009882 0.009767 0.009882 0.009882 0.009997 0.009882 0.009767 0.005142 0.005056 0.005286 0.005056 0.005056 0.005056 0.005056 0.005056],[0.557692 0.640000 0.580000 0.660000 0.561404 0.603448 0.627451 0.592593 0.720930 0.662791 0.576471 0.639535 0.627907 0.609195 0.627907 0.541176 0.555556 0.704545 0.673077 0.636364 0.613636 0.568182 0.590909 0.500000],[34201 34308 34221 34349 34252 34258 34291 34246 34044 33982 33948 33958 33995 33825 33934 33878 34296 34391 34323 34301 34327 34346 34293 34280],[34811 34811 34811 34811 34811 34811 34811 34811 34811 34811 34811 34811 34811 34811 34811 34811 34811 34811 34811 34811 34811 34811 34811 34811 34811 34811 34811 34811 34811 34811 34811 34811 34811 34811 34811 34811 34811 34811 34811 34811 34811 34811 34811 34811 34811 34811 34811 34811],[31 32 58],[0 0 32]
parb_sad-0,TITANV-SEP_RW-PAE-CONCURRENT-INTRA_0:4:0_CTA-MIX_0:1:0_KIDX,commit_649de_modified_0,815031,4945,0,3739549,1.0000,0.6381,0,0,181356,5496,686447,68304,2710298,11868111,4617360,[[] [63141] [] ],[[] [138709296] [] ],[[] [110.2905] [] ],[[] [248] [] ],[[] [73] [] ],[[] [47] [] ],[[] [4] [] ],[0.3055 0.3788 0.3671 0.4129 0.3494 0.3534 0.3636 0.3087 0.5612 0.5612 0.6 0.6256 0.5163 0.5614 0.6264 0.4909 0.3455 0.3466 0.3598 0.3532 0.3322 0.3374 0.3794 0.381],[0.004248 0.004226 0.004293 0.004293 0.004382 0.004472 0.004293 0.004382 0.008407 0.008407 0.008586 0.008407 0.008496 0.008586 0.008586 0.008429 0.004449 0.004472 0.004561 0.004382 0.004293 0.004293 0.004293 0.004293],[0.763636 0.777778 0.777778 0.777778 0.737705 0.741935 0.777778 0.741379 0.819149 0.787234 0.822917 0.829787 0.831579 0.822917 0.812500 0.821053 0.820000 0.820000 0.789474 0.836735 0.791667 0.854167 0.812500 0.833333],[44311 44355 44360 44381 44321 44322 44340 44286 44162 44173 44189 44202 44162 44159 44197 44152 44323 44324 44325 44325 44313 44325 44344 44356],[44726 44726 44726 44726 44726 44726 44726 44726 44726 44726 44726 44726 44726 44726 44726 44726 44726 44726 44726 44726 44726 44726 44726 44726 44726 44726 44726 44726 44726 44726 44726 44726 44726 44726 44726 44726 44726 44726 44726 44726 44726 44726 44726 44726 44726 44726 44726 44726],[31 32 58],[0 0 32]
parb_sad-0,TITANV-SEP_RW-PAE-CONCURRENT-INTRA_0:10:0_CTA-MIX_0:1:0_KIDX,commit_649de_modified_0,815034,2567,0,4842157,1.0000,0.6376,0,0,181492,6124,431702,466236,1744053,6140065,4617360,[[] [43399] [] ],[[] [138709296] [] ],[[] [160.5791] [] ],[[] [618] [] ],[[] [348] [] ],[[] [127] [] ],[[] [5] [] ],[0.2214 0.248 0.2734 0.2629 0.2204 0.2437 0.2667 0.25 0.3629 0.3905 0.3526 0.3765 0.3369 0.3268 0.3814 0.3436 0.2611 0.2866 0.2497 0.23 0.2983 0.2765 0.2786 0.2552],[0.00605 0.005985 0.005985 0.005985 0.005985 0.005985 0.005985 0.006115 0.01119 0.01119 0.01109 0.01106 0.01116 0.01139 0.01145 0.01129 0.005953 0.005985 0.006115 0.005985 0.005725 0.005595 0.005465 0.005595],[0.574074 0.634615 0.576923 0.557692 0.655172 0.551724 0.557692 0.607143 0.686047 0.651163 0.569767 0.632184 0.620690 0.534091 0.670455 0.655172 0.630435 0.521739 0.611111 0.500000 0.636364 0.651163 0.571429 0.581395],[30196 30272 30233 30230 30219 30209 30226 30175 30006 30112 29945 30014 29924 29893 30020 29982 30250 30287 30230 30185 30307 30298 30301 30239],[30742 30742 30742 30742 30742 30742 30742 30742 30742 30742 30742 30742 30742 30742 30742 30742 30742 30742 30742 30742 30742 30742 30742 30742 30742 30742 30742 30742 30742 30742 30742 30742 30742 30742 30742 30742 30742 30742 30742 30742 30742 30742 30742 30742 30742 30742 30742 30742],[31 32 58],[0 0 32]
parb_sad-0,TITANV-SEP_RW-PAE-CONCURRENT-INTRA_0:17:0_CTA-MIX_0:1:0_KIDX,commit_649de_modified_0,815038,4044,0,7786912,1.0000,0.6109,0,0,189436,6300,556081,2017740,1549466,5197545,4617360,[[] [51633] [] ],[[] [138709296] [] ],[[] [140.8801] [] ],[[] [964] [] ],[[] [694] [] ],[[] [130] [] ],[[] [5] [] ],[0.1914 0.2178 0.1951 0.2181 0.2176 0.2165 0.2401 0.2198 0.2975 0.2968 0.2609 0.2753 0.2618 0.2704 0.2885 0.2653 0.2188 0.2011 0.2176 0.2231 0.2121 0.1907 0.1974 0.184],[0.004867 0.004812 0.004812 0.004812 0.004812 0.004812 0.004812 0.004921 0.008558 0.008749 0.00853 0.00864 0.009077 0.008968 0.008968 0.00864 0.004785 0.004812 0.004812 0.004703 0.004593 0.004593 0.004593 0.004593],[0.634615 0.640000 0.540000 0.640000 0.589286 0.571429 0.640000 0.574074 0.708861 0.725000 0.641026 0.683544 0.602410 0.646341 0.682927 0.607595 0.522727 0.500000 0.540000 0.627907 0.619048 0.619048 0.571429 0.500000],[35999 36084 36024 36055 36080 36063 36089 36038 35828 35816 35742 35790 35657 35743 35784 35756 36042 35977 36026 36070 36073 36030 36041 35968],[36575 36575 36575 36575 36575 36575 36575 36575 36575 36575 36575 36575 36575 36575 36575 36575 36575 36575 36575 36575 36575 36575 36575 36575 36575 36575 36575 36575 36575 36575 36575 36575 36575 36575 36575 36575 36575 36575 36575 36575 36575 36575 36575 36575 36575 36575 36575 36575],[31 32 58],[0 0 32]
parb_sad-0,TITANV-SEP_RW-PAE-CONCURRENT-INTRA_0:1:0_CTA-MIX_0:3:0_KIDX,commit_649de_modified_0,815041,3141,0,60588,0.9109,0.9371,0,0,74435,27225,3301725,0,406916,652772,40887,[[] [19219] [] ],[[] [1151370] [] ],[[] [148.7074] [] ],[[] [198] [] ],[[] [20] [] ],[[] [7] [] ],[[] [2] [] ],[0.251 0.2526 0.2631 0.2531 0.2502 0.2504 0.2486 0.2491 0.2518 0.2523 0.2493 0.2563 0.2455 0.2392 0.2497 0.2589 0.2514 0.2582 0.2537 0.2502 0.2473 0.2571 0.2476 0.2532],[0.08358 0.08344 0.08344 0.08344 0.08285 0.08285 0.08344 0.08344 0.08402 0.08402 0.08402 0.08402 0.08402 0.08344 0.0838 0.08402 0.08226 0.08226 0.08226 0.08226 0.08241 0.08285 0.08226 0.08226],[0.786467 0.819542 0.836268 0.821303 0.830674 0.829787 0.792253 0.803697 0.800699 0.814685 0.847028 0.805070 0.793706 0.828345 0.831727 0.823427 0.822321 0.813393 0.799107 0.821429 0.824421 0.803191 0.831250 0.818750],[11542 11636 11702 11640 11723 11718 11645 11601 11656 11665 11721 11672 11640 11681 11700 11691 11712 11711 11733 11684 11691 11672 11704 11712],[13615 13615 13615 13615 13615 13615 13615 13615 13615 13615 13615 13615 13615 13615 13615 13615 13615 13615 13615 13615 13615 13615 13615 13615 13615 13615 13615 13615 13615 13615 13615 13615 13615 13615 13615 13615 13615 13615 13615 13615 13615 13615 13615 13615 13615 13615 13615 13615],[31 32 58],[0 0 32]
parb_sad-0,TITANV-SEP_RW-PAE-CONCURRENT-INTRA_0:8:0_CTA-MIX_0:1:0_KIDX,commit_649de_modified_0,815033,4424,0,4480850,1.0000,0.6381,0,0,181368,5996,615414,257804,2402204,7235374,4617360,[[] [51661] [] ],[[] [138709296] [] ],[[] [134.8069] [] ],[[] [507] [] ],[[] [258] [] ],[[] [104] [] ],[[] [5] [] ],[0.2302 0.2663 0.244 0.1844 0.2257 0.2047 0.2241 0.2105 0.3148 0.3054 0.275 0.312 0.2628 0.2686 0.2503 0.2453 0.2279 0.2336 0.2288 0.2347 0.2517 0.2183 0.2098 0.1899],[0.005083 0.005028 0.005028 0.005028 0.005137 0.005028 0.005028 0.005137 0.01006 0.01006 0.01006 0.009838 0.009838 0.009947 0.01006 0.009947 0.005219 0.005247 0.005465 0.005247 0.005028 0.005028 0.005028 0.005028],[0.629630 0.653846 0.673077 0.519231 0.593220 0.568965 0.615385 0.535714 0.728261 0.641304 0.652174 0.700000 0.666667 0.681319 0.554348 0.527473 0.604167 0.645833 0.625000 0.645833 0.586957 0.586957 0.565217 0.521739],[36066 36132 36122 35991 36014 35995 36048 35970 35749 35740 35676 35780 35681 35660 35605 35510 36021 36040 36031 36051 36085 36017 36003 35935],[36594 36594 36594 36594 36594 36594 36594 36594 36594 36594 36594 36594 36594 36594 36594 36594 36594 36594 36594 36594 36594 36594 36594 36594 36594 36594 36594 36594 36594 36594 36594 36594 36594 36594 36594 36594 36594 36594 36594 36594 36594 36594 36594 36594 36594 36594 36594 36594],[31 32 58],[0 0 32]
parb_sad-0,TITANV-SEP_RW-PAE-CONCURRENT-INTRA_0:2:0_CTA-MIX_0:1:0_KIDX,commit_649de_modified_0,815030,5073,0,3739549,1.0000,0.6360,0,0,182032,5396,1108206,44985,5367325,23161056,4617360,[[] [108835] [] ],[[] [138709296] [] ],[[] [64.2247] [] ],[[] [159] [] ],[[] [16] [] ],[[] [19] [] ],[[] [3] [] ],[0.2853 0.2491 0.2635 0.2677 0.2874 0.2789 0.2635 0.2485 0.3643 0.4013 0.3675 0.3654 0.3874 0.3793 0.4107 0.3866 0.3199 0.3077 0.3128 0.3205 0.3205 0.3048 0.3374 0.3254],[0.00262 0.002594 0.002594 0.002594 0.002542 0.002594 0.002594 0.002646 0.004981 0.004981 0.004981 0.004981 0.005085 0.005033 0.004773 0.004773 0.002581 0.002594 0.002698 0.002594 0.00249 0.00249 0.00249 0.00249],[0.781250 0.693548 0.806452 0.758065 0.754098 0.774194 0.790323 0.757576 0.843750 0.875000 0.843750 0.864583 0.857143 0.845361 0.880435 0.870968 0.860000 0.820000 0.827586 0.840000 0.875000 0.875000 0.875000 0.875000],[76612 76525 76643 76599 76642 76644 76626 76588 76356 76408 76384 76358 76397 76397 76446 76424 76699 76677 76669 76676 76706 76693 76713 76705],[77093 77093 77093 77093 77093 77093 77093 77093 77093 77093 77093 77093 77093 77093 77093 77093 77093 77093 77093 77093 77093 77093 77093 77093 77093 77093 77093 77093 77093 77093 77093 77093 77093 77093 77093 77093 77093 77093 77093 77093 77093 77093 77093 77093 77093 77093 77093 77093],[31 32 58],[0 0 32]
parb_sad-0,TITANV-SEP_RW-PAE-CONCURRENT-INTRA_0:14:0_CTA-MIX_0:1:0_KIDX,commit_649de_modified_0,815036,3829,0,6194632,1.0000,0.6174,0,0,187456,6280,329295,825498,1706293,6319758,4617360,[[] [51614] [] ],[[] [138709296] [] ],[[] [139.4589] [] ],[[] [778] [] ],[[] [513] [] ],[[] [121] [] ],[[] [4] [] ],[0.2075 0.2521 0.22 0.2414 0.2331 0.2178 0.2009 0.1935 0.2754 0.2421 0.2435 0.2867 0.2284 0.2521 0.2184 0.2213 0.184 0.2455 0.2286 0.2189 0.2667 0.2438 0.1896 0.1931],[0.004869 0.004814 0.004814 0.004814 0.004814 0.004814 0.004814 0.004923 0.008971 0.008971 0.00919 0.00919 0.00919 0.00919 0.009026 0.009081 0.004787 0.004814 0.005033 0.004814 0.004595 0.004595 0.004595 0.004595],[0.692308 0.680000 0.640000 0.700000 0.642857 0.607143 0.620000 0.555556 0.743902 0.682927 0.654762 0.738095 0.642857 0.678571 0.662651 0.602410 0.613636 0.704545 0.653846 0.659091 0.809524 0.690476 0.547619 0.595238],[36071 36125 36084 36113 36069 36043 35984 35964 35792 35695 35645 35794 35601 35676 35631 35620 35988 36080 36019 36046 36176 36113 35973 35985],[36561 36561 36561 36561 36561 36561 36561 36561 36561 36561 36561 36561 36561 36561 36561 36561 36561 36561 36561 36561 36561 36561 36561 36561 36561 36561 36561 36561 36561 36561 36561 36561 36561 36561 36561 36561 36561 36561 36561 36561 36561 36561 36561 36561 36561 36561 36561 36561],[31 32 58],[0 0 32]
parb_sad-0,TITANV-SEP_RW-PAE-CONCURRENT-INTRA_0:2:0_CTA-MIX_0:2:0_KIDX,commit_649de_modified_0,815040,2785,0,242352,0.9099,0.9849,0,0,283203,108603,197275,13974,1634858,4591073,147312,[[] [21556] [] ],[[] [4380156] [] ],[[] [504.4529] [] ],[[] [331] [] ],[[] [70] [] ],[[] [21] [] ],[[] [139] [] ],[0.5662 0.571 0.5759 0.5808 0.5766 0.578 0.5648 0.5748 0.5871 0.5863 0.5838 0.5895 0.5837 0.5884 0.5845 0.5864 0.5715 0.5725 0.5742 0.5787 0.5828 0.5711 0.5718 0.5834],[0.4498 0.4471 0.4521 0.453 0.4542 0.4518 0.4492 0.4517 0.4656 0.4639 0.4644 0.4686 0.4635 0.4638 0.4646 0.4673 0.4502 0.4505 0.4494 0.4519 0.4511 0.4491 0.4496 0.457],[0.138970 0.148517 0.126919 0.123445 0.129870 0.130232 0.137160 0.117075 0.115340 0.124134 0.130861 0.116587 0.117148 0.127598 0.121993 0.127566 0.139154 0.133890 0.140686 0.132504 0.123661 0.144529 0.130214 0.121658],[3469 3586 3599 3611 3493 3558 3406 3524 3471 3420 3333 3499 3426 3535 3431 3337 3526 3535 3577 3605 3685 3551 3498 3560],[15270 15270 15270 15270 15270 15270 15270 15270 15270 15270 15270 15270 15270 15270 15270 15270 15270 15270 15270 15270 15270 15270 15270 15270 15270 15270 15270 15270 15270 15270 15270 15270 15270 15270 15270 15270 15270 15270 15270 15270 15270 15270 15270 15270 15270 15270 15270 15270],[31 32 58],[0 0 32]
parb_sad-0,TITANV-SEP_RW-PAE-CONCURRENT-INTRA_0:16:0_CTA-MIX_0:1:0_KIDX,commit_649de_modified_0,815037,4178,0,7454420,1.0000,0.6137,0,0,188572,6280,406221,1373338,1650707,5976482,4617360,[[] [52583] [] ],[[] [138709296] [] ],[[] [137.7040] [] ],[[] [944] [] ],[[] [669] [] ],[[] [130] [] ],[[] [4] [] ],[0.2219 0.2566 0.2016 0.2382 0.231 0.2458 0.28 0.2177 0.2932 0.2692 0.269 0.2519 0.2677 0.2567 0.2489 0.2467 0.2336 0.1872 0.2252 0.2451 0.21 0.1828 0.2383 0.2193],[0.004779 0.004725 0.004725 0.004725 0.004725 0.004698 0.004698 0.004832 0.009021 0.009021 0.009021 0.009021 0.009021 0.009021 0.009021 0.008913 0.004698 0.004725 0.00494 0.004725 0.00451 0.00451 0.00451 0.00451],[0.692308 0.700000 0.600000 0.660000 0.642857 0.714286 0.720000 0.611111 0.773810 0.690476 0.702381 0.666667 0.714286 0.678571 0.642857 0.602410 0.681818 0.590909 0.692308 0.750000 0.619048 0.571429 0.690476 0.690476],[36763 36815 36686 36782 36775 36820 36830 36703 36499 36439 36388 36344 36402 36396 36366 36344 36745 36649 36753 36795 36741 36647 36818 36804],[37248 37248 37248 37248 37248 37248 37248 37248 37248 37248 37248 37248 37248 37248 37248 37248 37248 37248 37248 37248 37248 37248 37248 37248 37248 37248 37248 37248 37248 37248 37248 37248 37248 37248 37248 37248 37248 37248 37248 37248 37248 37248 37248 37248 37248 37248 37248 37248],[31 32 58],[0 0 32]
parb_sad-0,TITANV-SEP_RW-PAE-CONCURRENT-INTRA_0:6:0_CTA-MIX_0:1:0_KIDX,commit_649de_modified_0,815032,5050,0,3739549,0.9999,0.6353,0,0,182160,5768,657256,116379,2658525,8117448,4617360,[[] [57132] [] ],[[] [138709296] [] ],[[] [122.4305] [] ],[[] [399] [] ],[[] [170] [] ],[[] [92] [] ],[[] [5] [] ],[0.2437 0.2609 0.2336 0.2388 0.2452 0.1973 0.2117 0.2043 0.3082 0.3327 0.3051 0.3021 0.3248 0.328 0.3054 0.3059 0.2352 0.2142 0.2141 0.2529 0.249 0.2526 0.2458 0.251],[0.004794 0.004744 0.004744 0.004744 0.004744 0.004744 0.004744 0.004744 0.008895 0.008895 0.008895 0.008994 0.009093 0.009093 0.009093 0.008895 0.00472 0.004843 0.005041 0.004843 0.004744 0.004744 0.004744 0.004744],[0.678571 0.703704 0.648148 0.685185 0.650000 0.583333 0.629630 0.551724 0.688889 0.722222 0.655556 0.692308 0.706522 0.706522 0.641304 0.644444 0.708333 0.612245 0.543860 0.714286 0.687500 0.687500 0.645833 0.645833],[39976 40006 39935 39964 39977 39856 39894 39814 39604 39682 39628 39604 39665 39623 39547 39596 39967 39885 39850 39925 39945 39946 39915 39920],[40470 40470 40470 40470 40470 40470 40470 40470 40470 40470 40470 40470 40470 40470 40470 40470 40470 40470 40470 40470 40470 40470 40470 40470 40470 40470 40470 40470 40470 40470 40470 40470 40470 40470 40470 40470 40470 40470 40470 40470 40470 40470 40470 40470 40470 40470 40470 40470],[31 32 58],[0 0 32]
