pair_str,config,gpusim_version,jobId,stall_icnt_to_l2,stall_l2_to_icnt,stall_core_ldst,l1D_miss_rate,l2_miss_rate,l2_rshr_entry_fail,l2_rshr_merge_fail,l2_total_accesses,mem_count,empty_warp,stall_warp,idle_warp,scoreboard_warp,tot_warp_insn,ipc,sm_clusters,mem_channels,runtime,instructions,l2_bw,avg_mem_lat,avg_core_to_l2,avg_l2_to_core,avg_mrq_latency,dram_eff,dram_bw,row_buffer_locality,mem_idle,total_cmd
rod_hotspot-0,TITANV-SEP_RW-PAE-CONCURRENT-MIG_12_MEM,commit_846e7_modified_0,1003331,2618,0,222032,0.9977,0.3344,0,0,217696,170016,2630,995942,439652,2037948,0,4263.2783,40,12,[[] [21106] [] ],[[] [89989280] [] ],[[] [396.0735] [] ],[[] [724] [] ],[[] [553] [] ],[[] [22] [] ],[[] [20] [] ],[0.3781 0.3792 0.3797 0.3873 0.365 0.369 0.3709 0.3635 0.3766 0.3845 0.3812 0.3844],[0.1996 0.2023 0.1996 0.2017 0.1883 0.1881 0.1883 0.1867 0.2007 0.2044 0.2007 0.2009],[0.608578 0.607306 0.608712 0.624476 0.643952 0.626059 0.645213 0.633671 0.616956 0.667671 0.664357 0.638739],[8483 8496 8678 8694 9048 9183 8873 9062 8549 8469 8672 8615],[14951 14951 14951 14951 14951 14951 14951 14951 14951 14951 14951 14951 14951 14951 14951 14951 14951 14951 14951 14951 14951 14951 14951 14951]
rod_hotspot-0,TITANV-SEP_RW-PAE-CONCURRENT-MIG_20_MEM,commit_846e7_modified_0,1003333,2274,0,222032,0.9922,0.2011,0,0,216680,169000,2732,1031058,336883,1248167,0,4920.4048,40,20,[[] [18287] [] ],[[] [89989280] [] ],[[] [454.9960] [] ],[[] [450] [] ],[[] [318] [] ],[[] [9] [] ],[[] [8] [] ],[0.07273 -nan -nan -nan -nan -nan -nan -nan 0.1356 0.1356 0.1356 0.1356 -nan -nan 0.1356 0.1356 -nan -nan -nan -nan],[0.0003088 0 0 0 0 0 0 0 0.0006176 0.0006176 0.0006176 0.0006176 0 0 0.0006176 0.0006176 0 0 0 0],[1.000000 -nan -nan -nan -nan -nan -nan -nan 0.500000 0.500000 0.500000 0.500000 -nan -nan 0.500000 0.500000 -nan -nan -nan -nan],[12936 12954 12954 12954 12954 12954 12954 12954 12928 12928 12928 12928 12954 12954 12928 12928 12954 12954 12954 12954],[12954 12954 12954 12954 12954 12954 12954 12954 12954 12954 12954 12954 12954 12954 12954 12954 12954 12954 12954 12954 12954 12954 12954 12954 12954 12954 12954 12954 12954 12954 12954 12954 12954 12954 12954 12954 12954 12954 12954 12954]
rod_hotspot-0,TITANV-SEP_RW-PAE-CONCURRENT-MIG_8_MEM,commit_846e7_modified_0,1003330,28577,0,222032,0.9998,0.4538,0,0,218024,170344,3306,1002600,449458,3538252,0,3436.9353,40,8,[[] [26181] [] ],[[] [89989280] [] ],[[] [319.7785] [] ],[[] [1222] [] ],[[] [877] [] ],[[] [83] [] ],[[] [74] [] ],[0.7687 0.7736 0.7895 0.7812 0.7901 0.7774 0.7779 0.794],[0.448 0.4469 0.446 0.446 0.4473 0.4482 0.4473 0.4473],[0.438204 0.400605 0.379344 0.402096 0.402063 0.398405 0.379192 0.368197],[8644 8685 8643 8752 8707 8517 8673 8844],[18546 18546 18546 18546 18546 18546 18546 18546 18546 18546 18546 18546 18546 18546 18546 18546]
rod_hotspot-0,TITANV-SEP_RW-PAE-CONCURRENT-MIG_16_MEM,commit_846e7_modified_0,1003332,1838,0,222032,0.9958,0.2001,0,0,217720,170040,2802,981615,312054,1427361,0,4786.4092,40,16,[[] [18799] [] ],[[] [89989280] [] ],[[] [444.7283] [] ],[[] [530] [] ],[[] [393] [] ],[[] [14] [] ],[[] [8] [] ],[0.07273 -nan -nan -nan -nan -nan -nan -nan 0.1356 0.1356 0.1356 0.1356 -nan -nan 0.1356 0.1356],[0.0003004 0 0 0 0 0 0 0 0.0006007 0.0006007 0.0006007 0.0006007 0 0 0.0006007 0.0006007],[1.000000 -nan -nan -nan -nan -nan -nan -nan 0.500000 0.500000 0.500000 0.500000 -nan -nan 0.500000 0.500000],[13299 13317 13317 13317 13317 13317 13317 13317 13291 13291 13291 13291 13317 13317 13291 13291],[13317 13317 13317 13317 13317 13317 13317 13317 13317 13317 13317 13317 13317 13317 13317 13317 13317 13317 13317 13317 13317 13317 13317 13317 13317 13317 13317 13317 13317 13317 13317 13317]
rod_hotspot-0,TITANV-SEP_RW-PAE-CONCURRENT-MIG_24_MEM,commit_846e7_modified_0,1003334,2100,0,222032,0.9933,0.1997,0,0,218160,170480,2679,1034334,300858,1094701,0,5034.3652,40,24,[[] [17873] [] ],[[] [89989280] [] ],[[] [468.7151] [] ],[[] [387] [] ],[[] [254] [] ],[[] [11] [] ],[[] [8] [] ],[0.07273 -nan -nan -nan -nan -nan -nan -nan 0.1356 0.1356 0.1356 0.1356 -nan -nan 0.1356 0.1356 -nan -nan -nan -nan -nan -nan -nan -nan],[0.0003159 0 0 0 0 0 0 0 0.0006319 0.0006319 0.0006319 0.0006319 0 0 0.0006319 0.0006319 0 0 0 0 0 0 0 0],[1.000000 -nan -nan -nan -nan -nan -nan -nan 0.500000 0.500000 0.500000 0.500000 -nan -nan 0.500000 0.500000 -nan -nan -nan -nan -nan -nan -nan -nan],[12643 12661 12661 12661 12661 12661 12661 12661 12635 12635 12635 12635 12661 12661 12635 12635 12661 12661 12661 12661 12661 12661 12661 12661],[12661 12661 12661 12661 12661 12661 12661 12661 12661 12661 12661 12661 12661 12661 12661 12661 12661 12661 12661 12661 12661 12661 12661 12661 12661 12661 12661 12661 12661 12661 12661 12661 12661 12661 12661 12661 12661 12661 12661 12661 12661 12661 12661 12661 12661 12661 12661 12661]
rod_hotspot-0,TITANV-SEP_RW-PAE-CONCURRENT-MIG_4_MEM,commit_846e7_modified_0,1003329,74430,0,222032,1.0000,0.4989,0,0,218704,171024,18878,1014778,661770,8979482,0,2033.2885,40,4,[[] [44256] [] ],[[] [89989280] [] ],[[] [189.7649] [] ],[[] [2878] [] ],[[] [2485] [] ],[[] [38] [] ],[[] [114] [] ],[0.8487 0.8417 0.8478 0.8569],[0.6861 0.6849 0.6852 0.6852],[0.275546 0.241705 0.238370 0.250085],[6432 6282 6356 6669],[31349 31349 31349 31349 31349 31349 31349 31349]
nvd_fdtd3d-0,TITANV-SEP_RW-PAE-CONCURRENT-MIG_12_MEM,commit_846e7_modified_0,1003373,3268999,0,17013576,0.8672,0.9210,7101,0,21483680,13119776,238065,2338183,279616594,775817286,0,792.6311,40,12,[[] [4002792] [] ],[[] [3172739184] [] ],[[] [206.0995] [] ],[[] [508] [] ],[[] [95] [] ],[[] [8] [] ],[[] [200] [] ],[0.5905 0.5903 0.5904 0.5907 0.5764 0.5765 0.5764 0.5765 0.5618 0.562 0.5622 0.5616],[0.5786 0.5785 0.5785 0.5787 0.5642 0.5643 0.5643 0.5642 0.5502 0.5503 0.5501 0.5503],[0.053226 0.054090 0.053785 0.053824 0.059379 0.059636 0.059999 0.059709 0.065710 0.065123 0.065600 0.065887],[70335 70192 70330 70776 73558 72811 71986 73314 72106 73428 75141 71740],[2835312 2835312 2835312 2835312 2835312 2835312 2835312 2835312 2835312 2835312 2835312 2835312 2835312 2835312 2835312 2835312 2835312 2835312 2835312 2835312 2835312 2835312 2835312 2835312]
nvd_fdtd3d-0,TITANV-SEP_RW-PAE-CONCURRENT-MIG_20_MEM,commit_846e7_modified_0,1003375,10296,0,17013576,0.8672,0.8271,0,0,21483680,13119776,14433,2392981,66482639,452047255,0,1421.4774,40,20,[[] [2231999] [] ],[[] [3172739184] [] ],[[] [369.6119] [] ],[[] [331] [] ],[[] [96] [] ],[[] [11] [] ],[[] [87] [] ],[0.5432 0.544 0.5438 0.544 0.5448 0.5452 0.5446 0.5444 0.5416 0.542 0.5416 0.5422 0.5451 0.5449 0.545 0.5448 0.5417 0.5413 0.5418 0.5421],[0.5203 0.5202 0.5206 0.5208 0.5214 0.5218 0.5216 0.5214 0.5184 0.5184 0.5183 0.5185 0.5217 0.5217 0.5218 0.5218 0.519 0.5186 0.5184 0.5186],[0.115817 0.116676 0.115559 0.115307 0.116096 0.115892 0.115495 0.116637 0.116771 0.116066 0.115971 0.115163 0.116263 0.117094 0.116158 0.116474 0.116230 0.116855 0.117095 0.116407],[82384 84511 83175 83245 84091 83622 82521 82780 83119 84131 83502 84575 83047 82856 82868 82856 82366 81940 83507 84331],[1581000 1581000 1581000 1581000 1581000 1581000 1581000 1581000 1581000 1581000 1581000 1581000 1581000 1581000 1581000 1581000 1581000 1581000 1581000 1581000 1581000 1581000 1581000 1581000 1581000 1581000 1581000 1581000 1581000 1581000 1581000 1581000 1581000 1581000 1581000 1581000 1581000 1581000 1581000 1581000]
nvd_fdtd3d-0,TITANV-SEP_RW-PAE-CONCURRENT-MIG_8_MEM,commit_846e7_modified_0,1003372,22136487,0,17013576,0.8672,0.9368,15251,0,21483680,13119776,336853,2369689,344500132,1289706046,0,541.9501,40,8,[[] [5854299] [] ],[[] [3172739184] [] ],[[] [140.9175] [] ],[[] [899] [] ],[[] [178] [] ],[[] [7] [] ],[[] [251] [] ],[0.5981 0.5981 0.5981 0.598 0.598 0.5982 0.5981 0.5981],[0.5922 0.5923 0.5923 0.5922 0.5923 0.5923 0.5923 0.5923],[0.052988 0.052725 0.052560 0.052229 0.052610 0.052451 0.052149 0.052779],[51174 51367 50618 50869 50968 51337 51431 51251],[4146796 4146796 4146796 4146796 4146796 4146796 4146796 4146796 4146796 4146796 4146796 4146796 4146796 4146796 4146796 4146796]
nvd_fdtd3d-0,TITANV-SEP_RW-PAE-CONCURRENT-MIG_16_MEM,commit_846e7_modified_0,1003374,29686,0,17013576,0.8672,0.8395,0,0,21483680,13119776,15337,2374400,104269108,540294651,0,1183.5240,40,16,[[] [2680754] [] ],[[] [3172739184] [] ],[[] [307.7393] [] ],[[] [364] [] ],[[] [101] [] ],[[] [10] [] ],[[] [145] [] ],[0.5733 0.5729 0.5734 0.5733 0.5735 0.5735 0.5732 0.5734 0.5734 0.5735 0.5733 0.5731 0.5732 0.5734 0.5736 0.5733],[0.554 0.554 0.554 0.554 0.5541 0.5541 0.5541 0.5541 0.554 0.5542 0.5541 0.5541 0.554 0.5541 0.5541 0.554],[0.093248 0.093608 0.092758 0.093493 0.093206 0.092919 0.093434 0.092705 0.093170 0.093234 0.093298 0.093305 0.093124 0.092954 0.092816 0.093463],[77288 77161 78130 77524 78260 78135 77419 77226 78248 77894 77841 77430 77096 78095 78386 77999],[1898869 1898869 1898869 1898869 1898869 1898869 1898869 1898869 1898869 1898869 1898869 1898869 1898869 1898869 1898869 1898869 1898869 1898869 1898869 1898869 1898869 1898869 1898869 1898869 1898869 1898869 1898869 1898869 1898869 1898869 1898869 1898869]
nvd_fdtd3d-0,TITANV-SEP_RW-PAE-CONCURRENT-MIG_24_MEM,commit_846e7_modified_0,1003376,10776,0,17013576,0.8672,0.8289,0,0,21483680,13119776,15299,2389147,52132429,434354237,0,1482.3763,40,24,[[] [2140304] [] ],[[] [3172739184] [] ],[[] [385.4468] [] ],[[] [317] [] ],[[] [89] [] ],[[] [12] [] ],[[] [67] [] ],[0.4954 0.4955 0.4955 0.4958 0.4953 0.4956 0.4956 0.4952 0.4724 0.4721 0.4723 0.4721 0.4722 0.4723 0.4716 0.4725 0.4521 0.4527 0.4525 0.4519 0.4524 0.4521 0.4522 0.4521],[0.4737 0.4731 0.4732 0.4736 0.4733 0.4734 0.4737 0.4732 0.4508 0.4511 0.451 0.4509 0.4509 0.451 0.4509 0.4508 0.4306 0.4309 0.431 0.4305 0.431 0.4305 0.4304 0.4309],[0.125869 0.128678 0.126665 0.127356 0.128020 0.127783 0.126873 0.128431 0.135607 0.135435 0.136014 0.136293 0.136202 0.136946 0.135347 0.135435 0.139599 0.139831 0.139330 0.140459 0.140340 0.140069 0.140070 0.140326],[81733 82753 82510 82665 82537 82166 81784 81483 85650 84361 84910 84108 84040 84583 84039 85675 92299 93062 91246 91301 90743 91782 93766 91301],[1516050 1516050 1516050 1516050 1516050 1516050 1516050 1516050 1516050 1516050 1516050 1516050 1516050 1516050 1516050 1516050 1516050 1516050 1516050 1516050 1516050 1516050 1516050 1516050 1516050 1516050 1516050 1516050 1516050 1516050 1516050 1516050 1516050 1516050 1516050 1516050 1516050 1516050 1516050 1516050 1516050 1516050 1516050 1516050 1516050 1516050 1516050 1516050]
nvd_fdtd3d-0,TITANV-SEP_RW-PAE-CONCURRENT-MIG_4_MEM,commit_846e7_modified_0,1003371,62689276,0,17013576,0.8672,0.9784,45370,0,21483680,13119776,775722,2360401,702946112,2905365917,0,257.3176,40,4,[[] [12330048] [] ],[[] [3172739184] [] ],[[] [66.9075] [] ],[[] [2382] [] ],[[] [1294] [] ],[[] [7] [] ],[[] [253] [] ],[0.6002 0.6003 0.6002 0.6003],[0.5973 0.5974 0.5973 0.5974],[0.053511 0.053851 0.053525 0.053857],[52441 51047 52112 51147],[8733785 8733785 8733785 8733785 8733785 8733785 8733785 8733785]
rod_pathfinder-0,TITANV-SEP_RW-PAE-CONCURRENT-MIG_12_MEM,commit_846e7_modified_0,1003349,412591,0,343526,1.0000,0.8856,0,0,314225,295764,15611,342912,732516,5770361,0,3573.3601,40,12,[[] [35276] [] ],[[] [126061000] [] ],[[] [342.0524] [] ],[[] [937] [] ],[[] [306] [] ],[[] [9] [] ],[[] [73] [] ],[0.987 0.9878 0.987 0.9861 0.9886 0.9876 0.9868 0.9883 0.9818 0.9801 0.982 0.9795],[0.8751 0.875 0.8747 0.8747 0.8756 0.8758 0.8759 0.8759 0.8759 0.8759 0.8759 0.8759],[0.112915 0.111736 0.107019 0.116856 0.122029 0.125663 0.122487 0.131168 0.110974 0.121071 0.108279 0.113670],[2897 2889 2898 2873 2899 2865 2852 2880 2763 2777 2785 2761],[24988 24988 24988 24988 24988 24988 24988 24988 24988 24988 24988 24988 24988 24988 24988 24988 24988 24988 24988 24988 24988 24988 24988 24988]
rod_pathfinder-0,TITANV-SEP_RW-PAE-CONCURRENT-MIG_20_MEM,commit_846e7_modified_0,1003351,1976,0,343526,0.9998,0.8856,0,0,314225,295764,2996,1134073,566358,2502169,0,4462.9683,40,20,[[] [28244] [] ],[[] [126061000] [] ],[[] [427.2143] [] ],[[] [348] [] ],[[] [48] [] ],[[] [10] [] ],[[] [33] [] ],[0.7956 0.7949 0.7916 0.7914 0.7999 0.7967 0.7986 0.7958 0.7941 0.7949 0.8033 0.7976 0.8032 0.8033 0.8025 0.8029 0.7973 0.8009 0.7989 0.7985],[0.6563 0.6562 0.6558 0.6558 0.6558 0.6558 0.6558 0.6558 0.6562 0.6562 0.6562 0.6562 0.6558 0.656 0.6562 0.6562 0.6566 0.6566 0.6566 0.6566],[0.295963 0.287553 0.293140 0.275610 0.292530 0.299848 0.288796 0.292302 0.287706 0.281917 0.290600 0.306977 0.286738 0.277812 0.295399 0.296923 0.300091 0.287835 0.289738 0.291032],[4213 4216 4098 4139 4290 4278 4245 4274 4179 4202 4385 4311 4258 4355 4314 4292 4223 4375 4280 4161],[20007 20007 20007 20007 20007 20007 20007 20007 20007 20007 20007 20007 20007 20007 20007 20007 20007 20007 20007 20007 20007 20007 20007 20007 20007 20007 20007 20007 20007 20007 20007 20007 20007 20007 20007 20007 20007 20007 20007 20007]
rod_pathfinder-0,TITANV-SEP_RW-PAE-CONCURRENT-MIG_8_MEM,commit_846e7_modified_0,1003348,430836,0,343526,1.0000,0.8856,0,0,314225,295764,11098,386564,672955,10599855,0,2501.5579,40,8,[[] [50391] [] ],[[] [126061000] [] ],[[] [239.4523] [] ],[[] [1506] [] ],[[] [853] [] ],[[] [15] [] ],[[] [87] [] ],[0.9733 0.977 0.9739 0.9673 0.9755 0.9775 0.9756 0.9787],[0.9194 0.9193 0.9193 0.9193 0.9193 0.9195 0.9193 0.9193],[0.140106 0.139505 0.131216 0.130668 0.133990 0.132236 0.136976 0.132557],[2106 2195 2176 1914 2159 2212 2132 2223],[35695 35695 35695 35695 35695 35695 35695 35695 35695 35695 35695 35695 35695 35695 35695 35695]
rod_pathfinder-0,TITANV-SEP_RW-PAE-CONCURRENT-MIG_16_MEM,commit_846e7_modified_0,1003350,11792,0,343526,1.0000,0.8856,0,0,314225,295764,5110,626474,595818,3266994,0,4350.0811,40,16,[[] [28977] [] ],[[] [126061000] [] ],[[] [416.4075] [] ],[[] [551] [] ],[[] [58] [] ],[[] [14] [] ],[[] [68] [] ],[0.9618 0.9669 0.9643 0.9632 0.9593 0.9543 0.9589 0.9621 0.9567 0.9546 0.9568 0.9487 0.968 0.963 0.9623 0.9643],[0.799 0.7989 0.7989 0.7989 0.7993 0.7995 0.7993 0.7993 0.7997 0.7997 0.7997 0.7997 0.7993 0.7993 0.7993 0.7993],[0.180466 0.175854 0.178780 0.184817 0.167845 0.168657 0.165956 0.173147 0.176291 0.163012 0.145651 0.156981 0.167479 0.184178 0.169003 0.160105],[3804 3760 3835 3812 3766 3744 3717 3734 3674 3727 3744 3673 3829 3804 3807 3788],[20527 20527 20527 20527 20527 20527 20527 20527 20527 20527 20527 20527 20527 20527 20527 20527 20527 20527 20527 20527 20527 20527 20527 20527 20527 20527 20527 20527 20527 20527 20527 20527]
rod_pathfinder-0,TITANV-SEP_RW-PAE-CONCURRENT-MIG_24_MEM,commit_846e7_modified_0,1003352,1863,0,343526,0.9995,0.8856,0,0,314225,295764,2986,1247843,567823,2431476,0,4478.3472,40,24,[[] [28147] [] ],[[] [126061000] [] ],[[] [428.6865] [] ],[[] [315] [] ],[[] [43] [] ],[[] [10] [] ],[[] [19] [] ],[0.6641 0.6738 0.6703 0.674 0.6729 0.6732 0.672 0.6681 0.6799 0.6737 0.6806 0.6798 0.676 0.6699 0.6743 0.6717 0.6705 0.6678 0.6736 0.6705 0.6741 0.6746 0.6657 0.6724],[0.5482 0.5481 0.5481 0.5481 0.5481 0.5483 0.5485 0.5485 0.5485 0.5485 0.5485 0.5485 0.5485 0.5485 0.5481 0.5481 0.5493 0.5493 0.5493 0.5493 0.5493 0.5493 0.5493 0.5493],[0.410887 0.408492 0.407577 0.406296 0.428258 0.417947 0.400512 0.415508 0.399689 0.391734 0.415051 0.410113 0.408010 0.407827 0.415813 0.398701 0.400201 0.399470 0.420106 0.413806 0.412619 0.399744 0.399836 0.411158],[4575 4802 4878 4819 4676 4785 4690 4554 4984 4785 5036 4919 4737 4719 4859 4814 4854 4702 4781 4628 4662 4720 4612 4705],[19939 19939 19939 19939 19939 19939 19939 19939 19939 19939 19939 19939 19939 19939 19939 19939 19939 19939 19939 19939 19939 19939 19939 19939 19939 19939 19939 19939 19939 19939 19939 19939 19939 19939 19939 19939 19939 19939 19939 19939 19939 19939 19939 19939 19939 19939 19939 19939]
rod_pathfinder-0,TITANV-SEP_RW-PAE-CONCURRENT-MIG_4_MEM,commit_846e7_modified_0,1003347,447070,0,343526,1.0000,0.8856,0,0,314225,295764,12056,363350,1697957,24501437,0,1289.7190,40,4,[[] [97741] [] ],[[] [126061000] [] ],[[] [123.4512] [] ],[[] [3458] [] ],[[] [2799] [] ],[[] [18] [] ],[[] [89] [] ],[0.9773 0.9792 0.9788 0.9795],[0.948 0.948 0.948 0.948],[0.101274 0.096929 0.094161 0.094801],[2153 2233 2241 2250],[69234 69234 69234 69234 69234 69234 69234 69234]
parb_spmv-0,TITANV-SEP_RW-PAE-CONCURRENT-MIG_12_MEM,commit_846e7_modified_0,1003319,1608584,0,3125923,0.5353,0.8768,0,1621,1138513,1108635,238845,1416140,347448,38898064,0,386.5643,40,12,[[] [136381] [] ],[[] [52720795] [] ],[[] [320.5645] [] ],[[] [1704] [] ],[[] [1053] [] ],[[] [8] [] ],[[] [92] [] ],[0.8885 0.8884 0.8893 0.8897 0.8889 0.8888 0.8892 0.8885 0.8894 0.8882 0.89 0.8906],[0.8546 0.8553 0.8545 0.8562 0.8556 0.8544 0.8553 0.8551 0.8558 0.8557 0.8554 0.8557],[0.124238 0.128109 0.120915 0.120356 0.125968 0.124234 0.122015 0.120349 0.127058 0.125774 0.125017 0.124020],[4155 4095 4196 4146 4079 4158 4302 4111 4096 3977 4229 4277],[96604 96604 96604 96604 96604 96604 96604 96604 96604 96604 96604 96604 96604 96604 96604 96604 96604 96604 96604 96604 96604 96604 96604 96604]
parb_spmv-0,TITANV-SEP_RW-PAE-CONCURRENT-MIG_20_MEM,commit_846e7_modified_0,1003321,1227201,0,2763361,0.5349,0.8605,0,214,1138513,1108635,179646,1073251,313019,23185221,0,618.3750,40,20,[[] [85255] [] ],[[] [52720795] [] ],[[] [512.8016] [] ],[[] [974] [] ],[[] [390] [] ],[[] [10] [] ],[[] [82] [] ],[0.8582 0.8584 0.8579 0.8592 0.8614 0.8568 0.8575 0.8575 0.8541 0.858 0.8548 0.8547 0.8575 0.8579 0.857 0.8576 0.8578 0.8587 0.8588 0.8582],[0.8046 0.8042 0.8021 0.8036 0.8033 0.802 0.802 0.8034 0.8016 0.8016 0.8 0.8012 0.803 0.8025 0.8019 0.8033 0.8031 0.8046 0.8033 0.8035],[0.156947 0.153721 0.159042 0.153696 0.160151 0.162279 0.160921 0.160505 0.160168 0.159877 0.164163 0.167150 0.161894 0.163343 0.158114 0.160196 0.158399 0.162633 0.156719 0.160709],[5011 4949 5080 5216 5333 5352 5187 5113 5111 5031 5270 5262 5133 5120 5082 5108 4975 5232 5178 5109],[60390 60390 60390 60390 60390 60390 60390 60390 60390 60390 60390 60390 60390 60390 60390 60390 60390 60390 60390 60390 60390 60390 60390 60390 60390 60390 60390 60390 60390 60390 60390 60390 60390 60390 60390 60390 60390 60390 60390 60390]
parb_spmv-0,TITANV-SEP_RW-PAE-CONCURRENT-MIG_8_MEM,commit_846e7_modified_0,1003318,1765289,0,3695436,0.5358,0.8905,63,4830,1138534,1108656,286830,1946877,682511,59616639,0,259.0601,40,8,[[] [203506] [] ],[[] [52720795] [] ],[[] [214.8325] [] ],[[] [2626] [] ],[[] [1940] [] ],[[] [7] [] ],[[] [97] [] ],[0.8914 0.8919 0.8918 0.8932 0.8923 0.8914 0.894 0.8934],[0.8737 0.8746 0.8748 0.8754 0.8739 0.8739 0.8756 0.8755],[0.100705 0.103707 0.102216 0.100800 0.102072 0.098720 0.098401 0.099695],[3614 3324 3503 3536 3621 3560 3610 3552],[144151 144151 144151 144151 144151 144151 144151 144151 144151 144151 144151 144151 144151 144151 144151 144151]
parb_spmv-0,TITANV-SEP_RW-PAE-CONCURRENT-MIG_16_MEM,commit_846e7_modified_0,1003320,1414140,0,2926201,0.5349,0.8639,91,35,1138528,1108650,152406,1237262,281096,28670973,0,519.4883,40,16,[[] [101484] [] ],[[] [52720795] [] ],[[] [430.8017] [] ],[[] [1229] [] ],[[] [620] [] ],[[] [9] [] ],[[] [85] [] ],[0.8841 0.883 0.8818 0.8858 0.8814 0.8837 0.8814 0.8831 0.8839 0.8839 0.8804 0.8807 0.8811 0.8835 0.8827 0.8832],[0.849 0.8483 0.8472 0.8482 0.8482 0.8476 0.8471 0.8475 0.8487 0.8479 0.8479 0.848 0.8485 0.8481 0.8474 0.8489],[0.142822 0.146483 0.144558 0.147844 0.150646 0.151812 0.151208 0.150378 0.144310 0.143923 0.145957 0.144803 0.144143 0.145318 0.144306 0.147233],[3337 3280 3236 3457 3162 3432 3278 3396 3266 3291 3173 3244 3142 3423 3316 3295],[71886 71886 71886 71886 71886 71886 71886 71886 71886 71886 71886 71886 71886 71886 71886 71886 71886 71886 71886 71886 71886 71886 71886 71886 71886 71886 71886 71886 71886 71886 71886 71886]
parb_spmv-0,TITANV-SEP_RW-PAE-CONCURRENT-MIG_24_MEM,commit_846e7_modified_0,1003322,1035856,0,2688849,0.5342,0.8582,0,0,1138535,1108657,184173,1007468,272122,19712906,0,707.3864,40,24,[[] [74527] [] ],[[] [52720795] [] ],[[] [586.6296] [] ],[[] [805] [] ],[[] [248] [] ],[[] [14] [] ],[[] [81] [] ],[0.8422 0.8421 0.8378 0.8396 0.8399 0.8396 0.8422 0.845 0.8395 0.84 0.8362 0.8441 0.8431 0.8394 0.84 0.8446 0.8427 0.8425 0.8407 0.8386 0.8365 0.8424 0.8397 0.8386],[0.7616 0.7625 0.7613 0.7624 0.7611 0.7612 0.7614 0.7623 0.7649 0.7639 0.7632 0.7638 0.7633 0.7639 0.7634 0.7636 0.7612 0.7606 0.7604 0.7602 0.7613 0.7614 0.7613 0.7611],[0.174087 0.177445 0.177289 0.171227 0.175913 0.173613 0.176014 0.172577 0.168977 0.170665 0.168501 0.173447 0.171400 0.173174 0.170721 0.168279 0.173407 0.174657 0.173999 0.176491 0.175845 0.179572 0.176618 0.174788],[6576 6623 6435 6722 6744 6649 6714 6721 6045 6156 5989 6231 6244 6239 6246 6351 6535 6557 6818 6763 6383 6688 6454 6685],[52791 52791 52791 52791 52791 52791 52791 52791 52791 52791 52791 52791 52791 52791 52791 52791 52791 52791 52791 52791 52791 52791 52791 52791 52791 52791 52791 52791 52791 52791 52791 52791 52791 52791 52791 52791 52791 52791 52791 52791 52791 52791 52791 52791 52791 52791 52791 52791]
parb_spmv-0,TITANV-SEP_RW-PAE-CONCURRENT-MIG_4_MEM,commit_846e7_modified_0,1003317,2158816,0,5240354,0.5360,0.9192,78,1867,1138521,1108643,313456,3349121,1943193,129159243,0,123.0621,40,4,[[] [428406] [] ],[[] [52720795] [] ],[[] [102.0509] [] ],[[] [5746] [] ],[[] [4965] [] ],[[] [7] [] ],[[] [106] [] ],[0.8622 0.863 0.8649 0.864],[0.8569 0.8578 0.8595 0.8589],[0.083119 0.082938 0.084676 0.085304],[2610 2513 2540 2491],[303455 303455 303455 303455 303455 303455 303455 303455]
rod_lavamd-0,TITANV-SEP_RW-PAE-CONCURRENT-MIG_12_MEM,commit_846e7_modified_0,1003355,275241,0,30076076,0.8978,0.7218,59,0,13661936,4873136,50860,495654480,8373105,196954223,0,3004.8481,40,12,[[] [4484326] [] ],[[] [13474724576] [] ],[[] [116.9893] [] ],[[] [363] [] ],[[] [173] [] ],[[] [19] [] ],[[] [44] [] ],[0.3082 0.3075 0.3071 0.3081 0.3068 0.3059 0.3057 0.3071 0.305 0.3068 0.3072 0.308],[0.1281 0.128 0.128 0.1282 0.1287 0.1283 0.1285 0.128 0.1271 0.1271 0.1276 0.1271],[0.192647 0.194212 0.193738 0.195248 0.192158 0.192332 0.193272 0.193413 0.195009 0.195637 0.196356 0.197457],[2036607 2036658 2033929 2036930 2027425 2027690 2023195 2034877 2034874 2041203 2039950 2046355],[3176399 3176399 3176399 3176399 3176399 3176399 3176399 3176399 3176399 3176399 3176399 3176399 3176399 3176399 3176399 3176399 3176399 3176399 3176399 3176399 3176399 3176399 3176399 3176399]
rod_lavamd-0,TITANV-SEP_RW-PAE-CONCURRENT-MIG_20_MEM,commit_846e7_modified_0,1003357,173117,0,30076076,0.8965,0.4501,0,0,13648388,4859588,49295,496416122,6828268,195522667,0,3009.3779,40,20,[[] [4477576] [] ],[[] [13474724576] [] ],[[] [117.0495] [] ],[[] [283] [] ],[[] [119] [] ],[[] [14] [] ],[[] [27] [] ],[0.2353 0.2353 0.2338 0.2348 0.238 0.236 0.2366 0.2372 0.2327 0.2345 0.2327 0.2335 0.2383 0.2373 0.2392 0.24 0.2359 0.237 0.2369 0.237],[0.04778 0.04796 0.04809 0.04804 0.0506 0.05093 0.05061 0.05014 0.04594 0.04574 0.04572 0.04564 0.0503 0.05005 0.05023 0.0501 0.04826 0.04821 0.04865 0.04807],[0.265086 0.267991 0.265042 0.273866 0.268822 0.269441 0.264592 0.270347 0.267563 0.268104 0.268716 0.269273 0.271683 0.271916 0.270106 0.273206 0.270719 0.265165 0.266364 0.263098],[2667321 2665148 2661891 2663377 2639437 2632436 2636630 2645066 2680535 2685985 2682529 2684618 2643806 2644042 2645683 2648182 2662905 2664748 2661511 2665583],[3171618 3171618 3171618 3171618 3171618 3171618 3171618 3171618 3171618 3171618 3171618 3171618 3171618 3171618 3171618 3171618 3171618 3171618 3171618 3171618 3171618 3171618 3171618 3171618 3171618 3171618 3171618 3171618 3171618 3171618 3171618 3171618 3171618 3171618 3171618 3171618 3171618 3171618 3171618 3171618]
rod_lavamd-0,TITANV-SEP_RW-PAE-CONCURRENT-MIG_8_MEM,commit_846e7_modified_0,1003354,648173,0,30076076,0.8966,0.8548,3,0,13649444,4860644,52449,491129418,9986705,206028800,0,2998.7776,40,8,[[] [4493404] [] ],[[] [13474724576] [] ],[[] [116.6462] [] ],[[] [455] [] ],[[] [245] [] ],[[] [20] [] ],[[] [56] [] ],[0.3785 0.3761 0.3774 0.3775 0.3765 0.3786 0.3766 0.378],[0.2258 0.2267 0.2263 0.226 0.2267 0.2255 0.2262 0.2264],[0.157645 0.157604 0.156178 0.158197 0.156004 0.158718 0.158624 0.156025],[1446065 1429929 1435926 1442371 1431353 1446989 1436315 1439156],[3182829 3182829 3182829 3182829 3182829 3182829 3182829 3182829 3182829 3182829 3182829 3182829 3182829 3182829 3182829 3182829]
rod_lavamd-0,TITANV-SEP_RW-PAE-CONCURRENT-MIG_16_MEM,commit_846e7_modified_0,1003356,238971,0,30076076,0.8965,0.5846,0,0,13649211,4860411,50456,495135139,8232510,200245335,0,3044.2246,40,16,[[] [4426322] [] ],[[] [13474724576] [] ],[[] [118.4120] [] ],[[] [311] [] ],[[] [136] [] ],[[] [16] [] ],[[] [34] [] ],[0.2737 0.2735 0.2745 0.2751 0.2738 0.2747 0.2753 0.2742 0.2742 0.2738 0.2756 0.2752 0.2739 0.2732 0.2746 0.2736],[0.07831 0.07959 0.07885 0.07885 0.0796 0.07823 0.0795 0.0783 0.07862 0.07871 0.07939 0.07802 0.07919 0.07913 0.07849 0.08001],[0.237402 0.236983 0.240543 0.239948 0.239902 0.243112 0.240856 0.243418 0.239541 0.240837 0.237915 0.243469 0.240294 0.237597 0.239029 0.235897],[2392985 2376568 2388337 2387910 2380009 2395548 2382416 2393372 2389364 2386305 2385967 2399081 2383097 2381930 2391999 2374367],[3135313 3135313 3135313 3135313 3135313 3135313 3135313 3135313 3135313 3135313 3135313 3135313 3135313 3135313 3135313 3135313 3135313 3135313 3135313 3135313 3135313 3135313 3135313 3135313 3135313 3135313 3135313 3135313 3135313 3135313 3135313 3135313]
rod_lavamd-0,TITANV-SEP_RW-PAE-CONCURRENT-MIG_24_MEM,commit_846e7_modified_0,1003358,46369,0,30076076,0.8975,0.3020,893,0,13657201,4868401,49942,497229064,6857432,196491930,0,2963.2593,40,24,[[] [4547263] [] ],[[] [13474724576] [] ],[[] [115.3301] [] ],[[] [262] [] ],[[] [108] [] ],[[] [13] [] ],[[] [25] [] ],[0.2004 0.2034 0.2042 0.2008 0.2002 0.2049 0.205 0.1995 0.222 0.2268 0.2249 0.2233 0.223 0.2234 0.2263 0.223 0.1995 0.1997 0.201 0.2011 0.2001 0.1982 0.2019 0.1963],[0.02265 0.02264 0.02249 0.02268 0.02279 0.02242 0.02299 0.02246 0.03669 0.03726 0.03763 0.0371 0.03747 0.03722 0.03718 0.03713 0.02228 0.02271 0.0225 0.02192 0.02286 0.02228 0.02235 0.02273],[0.284073 0.278995 0.274550 0.288504 0.284469 0.279737 0.278125 0.291571 0.284014 0.279279 0.272208 0.286833 0.285234 0.272120 0.272253 0.289399 0.282212 0.273281 0.269675 0.291130 0.279982 0.276417 0.276933 0.280343],[2954194 2956592 2958902 2953929 2953192 2960807 2953609 2955670 2812263 2812485 2804175 2809215 2804025 2806751 2810935 2808186 2957335 2952266 2954223 2964136 2949449 2955829 2956789 2948598],[3220979 3220979 3220979 3220979 3220979 3220979 3220979 3220979 3220979 3220979 3220979 3220979 3220979 3220979 3220979 3220979 3220979 3220979 3220979 3220979 3220979 3220979 3220979 3220979 3220979 3220979 3220979 3220979 3220979 3220979 3220979 3220979 3220979 3220979 3220979 3220979 3220979 3220979 3220979 3220979 3220979 3220979 3220979 3220979 3220979 3220979 3220979 3220979]
rod_lavamd-0,TITANV-SEP_RW-PAE-CONCURRENT-MIG_4_MEM,commit_846e7_modified_0,1003353,2847251,0,30076076,0.8953,0.9433,483,0,13649301,4860501,54997,466944494,15205498,255161063,0,2952.6519,40,4,[[] [4563599] [] ],[[] [13474724576] [] ],[[] [114.8508] [] ],[[] [1428] [] ],[[] [1143] [] ],[[] [21] [] ],[[] [114] [] ],[0.6195 0.6189 0.6189 0.6192],[0.5013 0.5013 0.5013 0.5011],[0.094713 0.095744 0.095156 0.095432],[675028 673692 673329 675872],[3232551 3232551 3232551 3232551 3232551 3232551 3232551 3232551]
nvd_binomial-0,TITANV-SEP_RW-PAE-CONCURRENT-MIG_12_MEM,commit_846e7_modified_0,1003361,10815,0,463651,1.0000,0.0926,0,0,20224,0,75438,41641332,53931781,112808505,0,4418.2710,40,12,[[] [1388209] [] ],[[] [6133492736] [] ],[[] [0.5594] [] ],[[] [196] [] ],[[] [62] [] ],[[] [7] [] ],[[] [5] [] ],[0.1663 0.1818 0.1747 0.1684 0.1841 0.1846 0.1762 0.1751 0.1788 0.1795 0.1728 0.1924],[7.322e-05 8.136e-05 8.136e-05 8.136e-05 7.322e-05 7.322e-05 8.136e-05 8.136e-05 6.509e-05 5.695e-05 5.695e-05 5.695e-05],[0.763889 0.700000 0.825000 0.825000 0.861111 0.833333 0.800000 0.812500 0.843750 0.839286 0.446429 0.750000],[983125 983107 983114 983116 983154 983152 983114 983117 983166 983178 983120 983177],[983316 983316 983316 983316 983316 983316 983316 983316 983316 983316 983316 983316 983316 983316 983316 983316 983316 983316 983316 983316 983316 983316 983316 983316]
nvd_binomial-0,TITANV-SEP_RW-PAE-CONCURRENT-MIG_20_MEM,commit_846e7_modified_0,1003363,11046,0,465180,1.0000,0.0926,0,0,20224,0,75433,41678878,53869599,113172702,0,4412.3784,40,20,[[] [1390063] [] ],[[] [6133492736] [] ],[[] [0.5587] [] ],[[] [197] [] ],[[] [64] [] ],[[] [7] [] ],[[] [7] [] ],[0.1709 0.1747 0.1569 0.1747 0.1538 0.1765 0.16 0.1486 0.1661 0.1553 0.1416 0.1529 0.1594 0.1509 0.1835 0.1896 0.2078 0.2092 0.1754 0.1613],[4.062e-05 4.062e-05 4.062e-05 4.062e-05 4.875e-05 4.875e-05 4.875e-05 4.875e-05 4.875e-05 4.875e-05 4.875e-05 4.875e-05 4.062e-05 4.062e-05 4.062e-05 4.062e-05 3.25e-05 3.25e-05 4.062e-05 4.062e-05],[0.700000 0.700000 0.800000 0.675000 0.750000 0.625000 0.625000 0.708333 0.750000 0.750000 0.458333 0.625000 0.700000 0.750000 0.700000 0.675000 0.718750 0.750000 0.700000 0.725000],[984514 984514 984516 984513 984479 984476 984476 984478 984481 984478 984426 984476 984515 984516 984513 984513 984552 984552 984514 984513],[984629 984629 984629 984629 984629 984629 984629 984629 984629 984629 984629 984629 984629 984629 984629 984629 984629 984629 984629 984629 984629 984629 984629 984629 984629 984629 984629 984629 984629 984629 984629 984629 984629 984629 984629 984629 984629 984629 984629 984629]
nvd_binomial-0,TITANV-SEP_RW-PAE-CONCURRENT-MIG_8_MEM,commit_846e7_modified_0,1003360,10996,0,464264,1.0000,0.0926,0,0,20224,0,75403,41641208,53856554,113137003,0,4415.3325,40,8,[[] [1389133] [] ],[[] [6133492736] [] ],[[] [0.5591] [] ],[[] [196] [] ],[[] [62] [] ],[[] [7] [] ],[[] [5] [] ],[0.1831 0.1871 0.1778 0.1556 0.1851 0.1775 0.1912 0.1898],[0.0001057 0.0001057 0.0001138 0.0001138 0.0001057 0.0001057 0.0001057 0.0001057],[0.836538 0.798077 0.705357 0.732143 0.836538 0.807692 0.846154 0.846154],[983733 983728 983646 983604 983734 983730 983734 983735],[983970 983970 983970 983970 983970 983970 983970 983970 983970 983970 983970 983970 983970 983970 983970 983970]
nvd_binomial-0,TITANV-SEP_RW-PAE-CONCURRENT-MIG_16_MEM,commit_846e7_modified_0,1003362,11229,0,465750,1.0000,0.0926,0,0,20224,0,75409,41653742,54140108,112917357,0,4418.0708,40,16,[[] [1388272] [] ],[[] [6133492736] [] ],[[] [0.5594] [] ],[[] [196] [] ],[[] [65] [] ],[[] [7] [] ],[[] [7] [] ],[0.1839 0.1733 0.1633 0.1497 0.1739 0.1791 0.1791 0.1798 0.1569 0.1652 0.153 0.1501 0.1633 0.1672 0.1672 0.1614],[4.881e-05 4.881e-05 5.695e-05 5.695e-05 4.881e-05 4.881e-05 4.881e-05 4.881e-05 5.695e-05 5.695e-05 5.695e-05 5.695e-05 5.695e-05 5.695e-05 5.695e-05 5.695e-05],[0.791667 0.729167 0.767857 0.821429 0.812500 0.791667 0.791667 0.687500 0.785714 0.714286 0.464286 0.571429 0.714286 0.714286 0.785714 0.714286],[983234 983233 983196 983198 983236 983235 983235 983231 983198 983195 983147 983145 983196 983197 983198 983196],[983361 983361 983361 983361 983361 983361 983361 983361 983361 983361 983361 983361 983361 983361 983361 983361 983361 983361 983361 983361 983361 983361 983361 983361 983361 983361 983361 983361 983361 983361 983361 983361]
nvd_binomial-0,TITANV-SEP_RW-PAE-CONCURRENT-MIG_24_MEM,commit_846e7_modified_0,1003364,11052,0,467946,1.0000,0.0926,0,0,20224,0,75394,41672047,53758052,113161355,0,4411.6704,40,24,[[] [1390286] [] ],[[] [6133492736] [] ],[[] [0.5586] [] ],[[] [197] [] ],[[] [64] [] ],[[] [7] [] ],[[] [8] [] ],[0.1429 0.1714 0.1538 0.1595 0.1605 0.1638 0.1702 0.1672 0.1639 0.1649 0.1633 0.1684 0.1693 0.1693 0.1509 0.1569 0.1846 0.1778 0.1592 0.1448 0.1633 0.1702 0.1951 0.2034],[4.062e-05 4.874e-05 4.874e-05 4.874e-05 4.874e-05 4.874e-05 4.874e-05 4.874e-05 4.062e-05 3.249e-05 3.249e-05 3.249e-05 3.249e-05 3.249e-05 3.249e-05 3.249e-05 2.437e-05 2.437e-05 3.249e-05 3.249e-05 2.437e-05 2.437e-05 2.437e-05 2.437e-05],[0.650000 0.583333 0.666667 0.750000 0.729167 0.708333 0.708333 0.604167 0.750000 0.687500 0.187500 0.562500 0.531250 0.500000 0.750000 0.625000 0.750000 0.833333 0.812500 0.687500 0.791667 0.833333 0.625000 0.500000],[984648 984636 984634 984636 984635 984635 984636 984632 984674 984685 984659 984684 984683 984683 984686 984685 984724 984724 984688 984686 984724 984725 984723 984721],[984787 984787 984787 984787 984787 984787 984787 984787 984787 984787 984787 984787 984787 984787 984787 984787 984787 984787 984787 984787 984787 984787 984787 984787 984787 984787 984787 984787 984787 984787 984787 984787 984787 984787 984787 984787 984787 984787 984787 984787 984787 984787 984787 984787 984787 984787 984787 984787]
nvd_binomial-0,TITANV-SEP_RW-PAE-CONCURRENT-MIG_4_MEM,commit_846e7_modified_0,1003359,10733,0,474091,1.0000,0.0926,0,0,20224,0,75411,41695220,53698735,113158926,0,4416.0254,40,4,[[] [1388915] [] ],[[] [6133492736] [] ],[[] [0.5591] [] ],[[] [200] [] ],[[] [61] [] ],[[] [7] [] ],[[] [4] [] ],[0.1921 0.1992 0.1991 0.1922],[0.0002114 0.0002114 0.0002196 0.0002196],[0.841346 0.850962 0.777778 0.833333],[983388 983393 983301 983342],[983816 983816 983816 983816 983816 983816 983816 983816]
cut_wmma-0,TITANV-SEP_RW-PAE-CONCURRENT-MIG_12_MEM,commit_846e7_modified_0,1003295,87158,0,830166,0.9786,0.2120,0,123036,516480,425984,3827492,294102,7399188,6414590,0,602.5425,40,12,[[] [60363] [] ],[[] [36372480] [] ],[[] [328.5594] [] ],[[] [510] [] ],[[] [217] [] ],[[] [122] [] ],[[] [22] [] ],[0.2737 0.273 0.2635 0.2712 0.2737 0.2793 0.2685 0.2685 0.2713 0.2735 0.2701 0.2653],[0.09706 0.09706 0.09467 0.09645 0.09823 0.09776 0.09654 0.09851 0.09776 0.09666 0.09514 0.0971],[0.472128 0.470434 0.462973 0.453125 0.478478 0.487579 0.487138 0.473008 0.479645 0.492231 0.494632 0.484083],[31184 31237 31233 31071 30928 31206 31037 30877 30979 31203 31340 31017],[42758 42758 42758 42758 42758 42758 42758 42758 42758 42758 42758 42758 42758 42758 42758 42758 42758 42758 42758 42758 42758 42758 42758 42758]
cut_wmma-0,TITANV-SEP_RW-PAE-CONCURRENT-MIG_20_MEM,commit_846e7_modified_0,1003297,16182,0,830166,0.9533,0.1776,0,30628,516480,425984,3478751,391503,6835488,5485726,0,664.3254,40,20,[[] [54749] [] ],[[] [36372480] [] ],[[] [362.2501] [] ],[[] [331] [] ],[[] [126] [] ],[[] [70] [] ],[[] [11] [] ],[0.1913 0.1889 0.1715 0.176 0.1838 0.1849 0.1704 0.1668 0.1527 0.1547 0.1416 0.1406 0.1851 0.184 0.1658 0.1691 0.192 0.1959 0.1646 0.1648],[0.03749 0.03667 0.03435 0.03538 0.0361 0.03703 0.03424 0.03435 0.02847 0.02888 0.02723 0.02713 0.03496 0.03558 0.03404 0.03414 0.03538 0.03558 0.03404 0.03383],[0.674690 0.696203 0.715465 0.730321 0.677143 0.645543 0.704066 0.706456 0.700181 0.647321 0.728220 0.721483 0.678466 0.642754 0.697727 0.741692 0.692420 0.676087 0.673485 0.731707],[33707 33857 33545 33818 33809 33384 33498 33557 34104 33892 33958 34032 33998 33685 33398 33685 34192 34073 33271 33613],[38782 38782 38782 38782 38782 38782 38782 38782 38782 38782 38782 38782 38782 38782 38782 38782 38782 38782 38782 38782 38782 38782 38782 38782 38782 38782 38782 38782 38782 38782 38782 38782 38782 38782 38782 38782 38782 38782 38782 38782]
cut_wmma-0,TITANV-SEP_RW-PAE-CONCURRENT-MIG_8_MEM,commit_846e7_modified_0,1003294,54531,0,830166,0.9720,0.2227,0,54390,516480,425984,4205654,267414,8104592,7252056,0,550.3644,40,8,[[] [66086] [] ],[[] [36372480] [] ],[[] [300.1064] [] ],[[] [642] [] ],[[] [350] [] ],[[] [126] [] ],[[] [45] [] ],[0.4218 0.4028 0.398 0.3928 0.4178 0.4176 0.3873 0.385],[0.1741 0.1732 0.1732 0.1716 0.1729 0.1715 0.1722 0.1725],[0.397186 0.417792 0.416379 0.425263 0.393061 0.417971 0.413259 0.418744],[31718 30947 31401 31371 31641 31553 30988 31012],[46812 46812 46812 46812 46812 46812 46812 46812 46812 46812 46812 46812 46812 46812 46812 46812]
cut_wmma-0,TITANV-SEP_RW-PAE-CONCURRENT-MIG_16_MEM,commit_846e7_modified_0,1003296,26469,0,830166,0.9789,0.1942,0,50730,516480,425984,3581233,370335,7015955,5738117,0,645.1080,40,16,[[] [56380] [] ],[[] [36372480] [] ],[[] [351.7707] [] ],[[] [392] [] ],[[] [149] [] ],[[] [100] [] ],[[] [5] [] ],[0.2586 0.2526 0.2535 0.2607 0.2596 0.2587 0.2536 0.2608 0.2618 0.2613 0.2507 0.2604 0.2568 0.2609 0.2506 0.2627],[0.05383 0.05393 0.05489 0.05509 0.05358 0.05358 0.05489 0.05509 0.05419 0.05348 0.05509 0.05549 0.05358 0.05358 0.05499 0.05529],[0.843256 0.846332 0.906478 0.888636 0.845794 0.856075 0.905109 0.891818 0.834566 0.853933 0.900455 0.890343 0.841589 0.855607 0.907559 0.884511],[35318 35145 35535 35617 35338 35309 35603 35629 35325 35306 35495 35502 35298 35333 35496 35653],[39937 39937 39937 39937 39937 39937 39937 39937 39937 39937 39937 39937 39937 39937 39937 39937 39937 39937 39937 39937 39937 39937 39937 39937 39937 39937 39937 39937 39937 39937 39937 39937]
cut_wmma-0,TITANV-SEP_RW-PAE-CONCURRENT-MIG_24_MEM,commit_846e7_modified_0,1003298,12226,0,830166,0.9541,0.1602,0,3553,516480,425984,3407494,383017,6627550,5456603,0,676.7225,40,24,[[] [53746] [] ],[[] [36372480] [] ],[[] [369.0104] [] ],[[] [311] [] ],[[] [122] [] ],[[] [59] [] ],[[] [7] [] ],[0.1071 0.1028 0.109 0.1045 0.1079 0.1017 0.1072 0.105 0.1532 0.1492 0.16 0.1538 0.1537 0.1496 0.1583 0.1551 0.1117 0.1051 0.1105 0.1053 0.1116 0.1056 0.1111 0.1061],[0.01455 0.0135 0.01555 0.01408 0.01439 0.01334 0.01544 0.01418 0.02784 0.02795 0.02952 0.02742 0.02753 0.02774 0.02952 0.02732 0.01366 0.0146 0.01408 0.01345 0.01366 0.0146 0.01418 0.01345],[0.806859 0.776265 0.758446 0.796642 0.799270 0.767717 0.751701 0.796296 0.830189 0.783835 0.779359 0.793103 0.832061 0.783144 0.784698 0.799038 0.857692 0.793165 0.804105 0.789062 0.857692 0.794964 0.807407 0.781250],[35558 35530 35356 35607 35553 35574 35293 35567 34265 33918 34035 34094 34316 33944 34038 34131 36053 35445 35876 35726 36068 35409 35883 35753],[38071 38071 38071 38071 38071 38071 38071 38071 38071 38071 38071 38071 38071 38071 38071 38071 38071 38071 38071 38071 38071 38071 38071 38071 38071 38071 38071 38071 38071 38071 38071 38071 38071 38071 38071 38071 38071 38071 38071 38071 38071 38071 38071 38071 38071 38071 38071 38071]
cut_wmma-0,TITANV-SEP_RW-PAE-CONCURRENT-MIG_4_MEM,commit_846e7_modified_0,1003293,58859,0,830166,0.9978,0.2227,0,10723,516480,425984,6015433,257414,10589613,12070668,0,383.6800,40,4,[[] [94797] [] ],[[] [36372480] [] ],[[] [209.2137] [] ],[[] [1532] [] ],[[] [1153] [] ],[[] [212] [] ],[[] [82] [] ],[0.584 0.5749 0.5488 0.566],[0.3345 0.3333 0.3307 0.332],[0.217245 0.210640 0.244217 0.225327],[32268 31680 31070 31598],[67149 67149 67149 67149 67149 67149 67149 67149]
nvd_interval-0,TITANV-SEP_RW-PAE-CONCURRENT-MIG_12_MEM,commit_846e7_modified_0,1003379,4770,0,424882,0.6082,0.7842,0,0,278052,0,850095,1255716,2462359,6185793,0,1397.8943,40,12,[[] [69487] [] ],[[] [97138283] [] ],[[] [153.6575] [] ],[[] [405] [] ],[[] [257] [] ],[[] [12] [] ],[[] [52] [] ],[0.4429 0.4489 0.441 0.4423 0.4428 0.453 0.4408 0.4453 0.4547 0.4519 0.4567 0.4504],[0.1413 0.1407 0.1408 0.1401 0.1404 0.1405 0.1405 0.1414 0.1386 0.1366 0.1386 0.1385],[0.290791 0.264807 0.297224 0.276538 0.292493 0.278790 0.295551 0.279186 0.290296 0.295116 0.305126 0.269739],[35021 35339 34917 35042 34892 35311 34842 35075 35571 35514 35688 35319],[49221 49221 49221 49221 49221 49221 49221 49221 49221 49221 49221 49221 49221 49221 49221 49221 49221 49221 49221 49221 49221 49221 49221 49221]
nvd_interval-0,TITANV-SEP_RW-PAE-CONCURRENT-MIG_20_MEM,commit_846e7_modified_0,1003381,4057,0,424882,0.6082,0.7427,0,0,278052,0,831502,1294105,2250232,6190232,0,1411.0732,40,20,[[] [68838] [] ],[[] [97138283] [] ],[[] [155.1061] [] ],[[] [299] [] ],[[] [166] [] ],[[] [9] [] ],[[] [12] [] ],[0.267 0.2807 0.2976 0.2823 0.2865 0.2916 0.2821 0.2653 0.2474 0.2564 0.2382 0.2388 0.269 0.2926 0.2734 0.2821 0.2938 0.3057 0.2879 0.2952],[0.03558 0.03675 0.03628 0.03683 0.03839 0.0389 0.03782 0.03847 0.03326 0.03431 0.03357 0.03429 0.03872 0.04003 0.03849 0.03948 0.03579 0.03593 0.03605 0.03642],[0.519270 0.463462 0.560547 0.481766 0.527307 0.458867 0.527344 0.487850 0.534989 0.469345 0.534066 0.492632 0.475046 0.513986 0.557223 0.467509 0.540755 0.524950 0.534113 0.470930],[43664 43668 44002 43714 43683 43536 43638 43176 43824 43693 43530 43354 43240 43460 43295 43331 43961 44206 43821 43851],[48761 48761 48761 48761 48761 48761 48761 48761 48761 48761 48761 48761 48761 48761 48761 48761 48761 48761 48761 48761 48761 48761 48761 48761 48761 48761 48761 48761 48761 48761 48761 48761 48761 48761 48761 48761 48761 48761 48761 48761]
nvd_interval-0,TITANV-SEP_RW-PAE-CONCURRENT-MIG_8_MEM,commit_846e7_modified_0,1003378,218353,0,424882,0.6082,0.8530,0,0,278052,0,668094,1092788,2726736,9806141,0,1213.6368,40,8,[[] [80037] [] ],[[] [97138283] [] ],[[] [133.4033] [] ],[[] [1999] [] ],[[] [1632] [] ],[[] [13] [] ],[[] [305] [] ],[0.6295 0.6235 0.6108 0.6161 0.626 0.6108 0.6123 0.6065],[0.2822 0.2755 0.2821 0.2773 0.2818 0.2748 0.2831 0.2776],[0.170126 0.169220 0.160365 0.171557 0.175449 0.176574 0.159288 0.153268],[32715 32972 31927 32695 32615 32700 32030 32018],[56694 56694 56694 56694 56694 56694 56694 56694 56694 56694 56694 56694 56694 56694 56694 56694]
nvd_interval-0,TITANV-SEP_RW-PAE-CONCURRENT-MIG_16_MEM,commit_846e7_modified_0,1003380,4162,0,424882,0.6082,0.7436,0,0,278052,0,762437,1282900,2318037,6152637,0,1412.9410,40,16,[[] [68747] [] ],[[] [97138283] [] ],[[] [155.3115] [] ],[[] [341] [] ],[[] [206] [] ],[[] [10] [] ],[[] [20] [] ],[0.3483 0.3617 0.348 0.3523 0.3422 0.3561 0.341 0.3539 0.3438 0.3607 0.3495 0.3518 0.3633 0.3673 0.34 0.3633],[0.05766 0.05785 0.0567 0.05766 0.05701 0.05816 0.05686 0.05785 0.0567 0.05791 0.05754 0.05791 0.05629 0.05777 0.05694 0.05717],[0.420455 0.412346 0.446475 0.410161 0.455484 0.447689 0.475260 0.442804 0.436031 0.417284 0.440657 0.416049 0.433511 0.435484 0.454663 0.454198],[41854 41879 41996 41880 41687 41910 41879 41943 41908 41952 41860 41843 42184 42077 41743 41982],[48697 48697 48697 48697 48697 48697 48697 48697 48697 48697 48697 48697 48697 48697 48697 48697 48697 48697 48697 48697 48697 48697 48697 48697 48697 48697 48697 48697 48697 48697 48697 48697]
nvd_interval-0,TITANV-SEP_RW-PAE-CONCURRENT-MIG_24_MEM,commit_846e7_modified_0,1003382,4151,0,424882,0.6082,0.7395,0,0,278052,0,735220,1300313,2223545,6117629,0,1443.1263,40,24,[[] [67309] [] ],[[] [97138283] [] ],[[] [158.6296] [] ],[[] [279] [] ],[[] [146] [] ],[[] [9] [] ],[[] [10] [] ],[0.2067 0.176 0.2116 0.1907 0.1932 0.1898 0.2045 0.2051 0.2458 0.2552 0.2515 0.2597 0.2305 0.2608 0.242 0.2608 0.2114 0.2172 0.1838 0.198 0.2193 0.218 0.1863 0.2257],[0.01466 0.0147 0.01376 0.01426 0.01462 0.01462 0.01386 0.01426 0.02848 0.0292 0.02815 0.02903 0.02869 0.02936 0.02836 0.0297 0.0146 0.01527 0.01454 0.01493 0.01443 0.0151 0.01412 0.01546],[0.553922 0.502463 0.590909 0.549738 0.572864 0.482412 0.571429 0.569149 0.531507 0.564103 0.540845 0.555844 0.560976 0.529114 0.559889 0.535802 0.614583 0.590698 0.541667 0.502439 0.668449 0.571429 0.573034 0.610860],[45292 44895 45436 45137 45121 45015 45411 45344 43533 43473 43656 43529 43253 43456 43450 43422 45381 45277 45008 45161 45461 45324 45180 45269],[47678 47678 47678 47678 47678 47678 47678 47678 47678 47678 47678 47678 47678 47678 47678 47678 47678 47678 47678 47678 47678 47678 47678 47678 47678 47678 47678 47678 47678 47678 47678 47678 47678 47678 47678 47678 47678 47678 47678 47678 47678 47678 47678 47678 47678 47678 47678 47678]
nvd_interval-0,TITANV-SEP_RW-PAE-CONCURRENT-MIG_4_MEM,commit_846e7_modified_0,1003377,317967,0,424882,0.6082,0.9204,0,0,278052,0,711148,908043,5828718,17108030,0,838.6569,40,4,[[] [115824] [] ],[[] [97138283] [] ],[[] [92.1847] [] ],[[] [6057] [] ],[[] [5618] [] ],[[] [14] [] ],[[] [246] [] ],[0.7797 0.7745 0.784 0.7717],[0.5084 0.5036 0.5081 0.5042],[0.117285 0.128186 0.118561 0.119496],[29044 29110 29432 29048],[82043 82043 82043 82043 82043 82043 82043 82043]
rod_hotspot3d-0,TITANV-SEP_RW-PAE-CONCURRENT-MIG_12_MEM,commit_846e7_modified_0,1003337,1624944,0,1544680,0.5491,0.8195,87,0,975312,709968,132281,481351,422929,34151611,0,696.6246,40,12,[[] [119287] [] ],[[] [83099648] [] ],[[] [313.9653] [] ],[[] [1778] [] ],[[] [1071] [] ],[[] [15] [] ],[[] [174] [] ],[0.7825 0.7837 0.7823 0.7795 0.7829 0.7848 0.782 0.7854 0.7834 0.786 0.7793 0.784],[0.7568 0.7562 0.7587 0.757 0.7591 0.7598 0.7579 0.7586 0.7578 0.7594 0.759 0.7606],[0.083266 0.084757 0.087926 0.088279 0.081169 0.082630 0.077915 0.083464 0.086213 0.085298 0.085907 0.084290],[3054 3174 2823 2749 2760 2802 2875 3086 2977 3175 2410 2721],[84496 84496 84496 84496 84496 84496 84496 84496 84496 84496 84496 84496 84496 84496 84496 84496 84496 84496 84496 84496 84496 84496 84496 84496]
rod_hotspot3d-0,TITANV-SEP_RW-PAE-CONCURRENT-MIG_20_MEM,commit_846e7_modified_0,1003339,1149283,0,1544680,0.5445,0.8024,0,0,975904,710560,123611,479737,373439,17852481,0,1224.6831,40,20,[[] [67852] [] ],[[] [83099648] [] ],[[] [552.3008] [] ],[[] [949] [] ],[[] [345] [] ],[[] [26] [] ],[[] [156] [] ],[0.8103 0.8116 0.8008 0.8079 0.8129 0.8113 0.8101 0.8073 0.8157 0.8119 0.8181 0.8195 0.8107 0.8127 0.8124 0.8136 0.8102 0.8133 0.8115 0.8116],[0.7634 0.7629 0.7635 0.7633 0.7623 0.7627 0.7639 0.7635 0.7692 0.7702 0.769 0.7683 0.7649 0.7657 0.7641 0.7638 0.7654 0.7656 0.7656 0.7656],[0.120416 0.122400 0.114632 0.120773 0.120947 0.123083 0.116711 0.111736 0.102817 0.109514 0.112194 0.109390 0.110906 0.113309 0.116696 0.116640 0.116817 0.122079 0.112524 0.109888],[2981 3068 2475 2881 3240 3089 2862 2757 2898 2751 3072 3188 2814 2979 3093 3168 2834 3022 2897 2999],[48063 48063 48063 48063 48063 48063 48063 48063 48063 48063 48063 48063 48063 48063 48063 48063 48063 48063 48063 48063 48063 48063 48063 48063 48063 48063 48063 48063 48063 48063 48063 48063 48063 48063 48063 48063 48063 48063 48063 48063]
rod_hotspot3d-0,TITANV-SEP_RW-PAE-CONCURRENT-MIG_8_MEM,commit_846e7_modified_0,1003336,1951841,0,1544680,0.5548,0.8463,676,0,975936,710592,222677,481648,620316,56628055,0,436.3858,40,8,[[] [190425] [] ],[[] [83099648] [] ],[[] [196.8016] [] ],[[] [2889] [] ],[[] [2088] [] ],[[] [12] [] ],[[] [183] [] ],[0.7605 0.7604 0.7646 0.7655 0.7634 0.76 0.7628 0.7615],[0.7416 0.7424 0.7459 0.746 0.7508 0.7478 0.7435 0.743],[0.071537 0.078439 0.074600 0.071802 0.077516 0.075520 0.077006 0.074175],[3670 3407 3494 3624 2404 2291 3680 3513],[134886 134886 134886 134886 134886 134886 134886 134886 134886 134886 134886 134886 134886 134886 134886 134886]
rod_hotspot3d-0,TITANV-SEP_RW-PAE-CONCURRENT-MIG_16_MEM,commit_846e7_modified_0,1003338,1402653,0,1544680,0.5490,0.8074,0,0,975424,710080,120637,485453,387298,23483252,0,970.5975,40,16,[[] [85615] [] ],[[] [83099648] [] ],[[] [437.4967] [] ],[[] [1241] [] ],[[] [585] [] ],[[] [19] [] ],[[] [165] [] ],[0.8044 0.8035 0.807 0.8083 0.803 0.8054 0.8088 0.8055 0.8065 0.8105 0.8103 0.81 0.8097 0.8098 0.8127 0.8122],[0.7709 0.7704 0.7717 0.7714 0.7708 0.7713 0.7712 0.771 0.7735 0.7728 0.7726 0.7723 0.7721 0.7726 0.7727 0.7719],[0.110934 0.110080 0.112010 0.110655 0.111898 0.117845 0.112124 0.109269 0.103008 0.108742 0.103879 0.108989 0.109873 0.109732 0.104991 0.108087],[2682 2691 2816 2851 2558 2668 2902 2775 2738 2954 2935 2950 2920 2910 3091 3179],[60645 60645 60645 60645 60645 60645 60645 60645 60645 60645 60645 60645 60645 60645 60645 60645 60645 60645 60645 60645 60645 60645 60645 60645 60645 60645 60645 60645 60645 60645 60645 60645]
rod_hotspot3d-0,TITANV-SEP_RW-PAE-CONCURRENT-MIG_24_MEM,commit_846e7_modified_0,1003340,862837,0,1544680,0.5410,0.8046,0,0,975856,710512,111464,487314,375699,14695407,0,1434.2362,40,24,[[] [57938] [] ],[[] [83099648] [] ],[[] [646.7753] [] ],[[] [791] [] ],[[] [245] [] ],[[] [25] [] ],[[] [152] [] ],[0.7945 0.7888 0.7908 0.791 0.792 0.7894 0.7961 0.7993 0.79 0.7909 0.7945 0.7912 0.791 0.7928 0.796 0.7923 0.7916 0.7861 0.7887 0.7841 0.789 0.7868 0.7911 0.7947],[0.7404 0.7405 0.7398 0.739 0.7398 0.7397 0.7395 0.7412 0.7397 0.7402 0.7411 0.74 0.7391 0.7401 0.7393 0.7394 0.7416 0.7413 0.7417 0.741 0.742 0.7424 0.7406 0.7434],[0.121374 0.126586 0.125867 0.127862 0.132075 0.116859 0.114851 0.119466 0.122532 0.127992 0.125152 0.128154 0.125356 0.125507 0.123237 0.117044 0.122789 0.125240 0.127581 0.125443 0.119937 0.114488 0.117581 0.120838],[3012 2883 2869 2912 2903 2841 3145 3165 2877 2921 3029 2989 3040 3052 3228 3071 2802 2542 2635 2623 2744 2577 2808 2956],[41041 41041 41041 41041 41041 41041 41041 41041 41041 41041 41041 41041 41041 41041 41041 41041 41041 41041 41041 41041 41041 41041 41041 41041 41041 41041 41041 41041 41041 41041 41041 41041 41041 41041 41041 41041 41041 41041 41041 41041 41041 41041 41041 41041 41041 41041 41041 41041]
rod_hotspot3d-0,TITANV-SEP_RW-PAE-CONCURRENT-MIG_4_MEM,commit_846e7_modified_0,1003335,2424901,0,1544680,0.5603,0.9489,54822,0,976352,711008,505529,476743,1703625,132297247,0,192.7069,40,4,[[] [431221] [] ],[[] [83099648] [] ],[[] [86.9436] [] ],[[] [6586] [] ],[[] [5632] [] ],[[] [10] [] ],[[] [180] [] ],[0.7523 0.7523 0.7558 0.7565],[0.747 0.7474 0.7464 0.7473],[0.071575 0.070845 0.071353 0.070730],[2671 2297 4321 4076],[305449 305449 305449 305449 305449 305449 305449 305449]
rod_streamcluster-0,TITANV-SEP_RW-PAE-CONCURRENT-MIG_12_MEM,commit_846e7_modified_0,1003343,2981139,0,1941628,0.8162,0.9695,9147,90531,2314447,2246813,761505,120091,876483,82001248,0,474.3669,40,12,[[] [282131] [] ],[[] [133834562] [] ],[[] [315.0124] [] ],[[] [1049] [] ],[[] [372] [] ],[[] [7] [] ],[[] [91] [] ],[0.9591 0.9589 0.9594 0.9601 0.9597 0.9602 0.959 0.9599 0.956 0.9589 0.958 0.9569],[0.9388 0.9379 0.9387 0.9387 0.9379 0.9386 0.9385 0.9378 0.9383 0.9392 0.9387 0.9386],[0.086892 0.087799 0.085352 0.088941 0.088417 0.086560 0.084462 0.085546 0.087455 0.087414 0.088513 0.088599],[4557 4714 4637 4721 4849 4794 4642 4922 4154 4478 4543 4180],[199844 199844 199844 199844 199844 199844 199844 199844 199844 199844 199844 199844 199844 199844 199844 199844 199844 199844 199844 199844 199844 199844 199844 199844]
rod_streamcluster-0,TITANV-SEP_RW-PAE-CONCURRENT-MIG_20_MEM,commit_846e7_modified_0,1003345,457739,0,1941628,0.7947,0.9622,1924,78413,2314458,2246824,766922,114606,564761,47477094,0,767.6729,40,20,[[] [174336] [] ],[[] [133834562] [] ],[[] [509.7925] [] ],[[] [566] [] ],[[] [59] [] ],[[] [13] [] ],[[] [86] [] ],[0.9536 0.9572 0.9567 0.9558 0.9531 0.9544 0.9496 0.9529 0.954 0.9533 0.9535 0.955 0.9597 0.9595 0.9609 0.9595 0.957 0.9597 0.9583 0.9556],[0.9078 0.9081 0.9076 0.9081 0.9085 0.9089 0.9089 0.9085 0.9074 0.9083 0.908 0.9077 0.9087 0.9082 0.9083 0.9091 0.9075 0.9081 0.9083 0.9071],[0.091320 0.090960 0.088846 0.094274 0.094359 0.093492 0.094023 0.097030 0.093274 0.094507 0.096366 0.096426 0.096610 0.091576 0.095989 0.094150 0.089168 0.093851 0.091078 0.090943],[6257 6637 6631 6560 6171 6249 5712 6077 6449 6309 6295 6586 6727 6899 6930 6662 6755 7049 6706 6560],[123489 123489 123489 123489 123489 123489 123489 123489 123489 123489 123489 123489 123489 123489 123489 123489 123489 123489 123489 123489 123489 123489 123489 123489 123489 123489 123489 123489 123489 123489 123489 123489 123489 123489 123489 123489 123489 123489 123489 123489]
rod_streamcluster-0,TITANV-SEP_RW-PAE-CONCURRENT-MIG_8_MEM,commit_846e7_modified_0,1003342,4126960,0,1941628,0.8246,0.9745,8033,71219,2314447,2246813,623655,117778,2152844,124034042,0,321.5338,40,8,[[] [416236] [] ],[[] [133834562] [] ],[[] [213.5201] [] ],[[] [1681] [] ],[[] [941] [] ],[[] [7] [] ],[[] [94] [] ],[0.9635 0.9644 0.9643 0.9643 0.9637 0.9655 0.9657 0.966],[0.958 0.9583 0.9584 0.958 0.9582 0.9583 0.9583 0.9581],[0.086885 0.082832 0.084596 0.085118 0.082928 0.084693 0.081966 0.082352],[1884 1937 2046 2032 1722 2255 2384 2632],[294835 294835 294835 294835 294835 294835 294835 294835 294835 294835 294835 294835 294835 294835 294835 294835]
rod_streamcluster-0,TITANV-SEP_RW-PAE-CONCURRENT-MIG_16_MEM,commit_846e7_modified_0,1003344,1471388,0,1941628,0.7839,0.9622,12137,74057,2314447,2246813,518211,114238,652528,59196638,0,640.7491,40,16,[[] [208870] [] ],[[] [133834562] [] ],[[] [425.5028] [] ],[[] [719] [] ],[[] [120] [] ],[[] [9] [] ],[[] [89] [] ],[0.9673 0.9685 0.9682 0.9677 0.968 0.9679 0.9675 0.9677 0.9659 0.9673 0.9683 0.9685 0.9684 0.9685 0.9686 0.9672],[0.9474 0.9478 0.9477 0.9478 0.9473 0.9474 0.9472 0.9469 0.9469 0.9474 0.9476 0.9474 0.9472 0.9476 0.9478 0.9475],[0.088856 0.088771 0.087652 0.087705 0.087237 0.089075 0.086813 0.086244 0.081784 0.088093 0.087902 0.088246 0.085287 0.084004 0.090079 0.086011],[3209 3247 3297 3227 3282 3255 3206 3272 3158 3153 3275 3297 3357 3305 3341 3216],[147951 147951 147951 147951 147951 147951 147951 147951 147951 147951 147951 147951 147951 147951 147951 147951 147951 147951 147951 147951 147951 147951 147951 147951 147951 147951 147951 147951 147951 147951 147951 147951]
rod_streamcluster-0,TITANV-SEP_RW-PAE-CONCURRENT-MIG_24_MEM,commit_846e7_modified_0,1003346,104446,0,1941628,0.7951,0.9622,36,52064,2314447,2246813,592569,116659,568305,38621822,0,950.6646,40,24,[[] [140778] [] ],[[] [133834562] [] ],[[] [631.3115] [] ],[[] [478] [] ],[[] [54] [] ],[[] [19] [] ],[[] [73] [] ],[0.9553 0.957 0.9582 0.9579 0.9587 0.9595 0.9571 0.9562 0.9602 0.9626 0.9585 0.9588 0.9598 0.9582 0.9589 0.9587 0.9577 0.9593 0.9584 0.9584 0.958 0.9575 0.9584 0.958],[0.9328 0.9331 0.9333 0.9333 0.9332 0.9333 0.9331 0.9334 0.9358 0.9363 0.936 0.9361 0.9366 0.9368 0.9365 0.9364 0.9329 0.9336 0.9336 0.9332 0.9336 0.9335 0.9332 0.933],[0.112745 0.111029 0.111504 0.108712 0.106498 0.111724 0.108502 0.100856 0.106962 0.101524 0.108013 0.113247 0.106362 0.112484 0.111693 0.104581 0.108036 0.107706 0.109235 0.111663 0.112844 0.102133 0.105009 0.105728],[2618 2722 2809 2719 2896 2913 2810 2627 2789 2947 2617 2585 2680 2409 2436 2455 2855 2928 2908 2891 2802 2726 2863 2788],[99719 99719 99719 99719 99719 99719 99719 99719 99719 99719 99719 99719 99719 99719 99719 99719 99719 99719 99719 99719 99719 99719 99719 99719 99719 99719 99719 99719 99719 99719 99719 99719 99719 99719 99719 99719 99719 99719 99719 99719 99719 99719 99719 99719 99719 99719 99719 99719]
rod_streamcluster-0,TITANV-SEP_RW-PAE-CONCURRENT-MIG_4_MEM,commit_846e7_modified_0,1003341,4386459,0,1941628,0.8640,0.9866,5242,48876,2314447,2246813,1254658,129730,4422848,255986547,0,157.5173,40,4,[[] [849648] [] ],[[] [133834562] [] ],[[] [104.6019] [] ],[[] [3305] [] ],[[] [2540] [] ],[[] [7] [] ],[[] [99] [] ],[0.9486 0.9477 0.9497 0.9495],[0.9452 0.9455 0.9454 0.9453],[0.080502 0.081407 0.079908 0.081218],[2340 1431 2931 2829],[601835 601835 601835 601835 601835 601835 601835 601835]
parb_cutcp-0,TITANV-SEP_RW-PAE-CONCURRENT-MIG_12_MEM,commit_846e7_modified_0,1003301,6763,0,177870,1.0000,0.0428,0,0,185724,162140,1929,8119,16647655,121508226,0,745.4596,40,12,[[] [630342] [] ],[[] [469895962] [] ],[[] [11.3142] [] ],[[] [158] [] ],[[] [25] [] ],[[] [7] [] ],[[] [8] [] ],[0.09945 0.1063 0.09556 0.1137 0.1081 0.08 0.1143 0.1081 0.1026 0.1135 0.1103 0.1026],[4.031e-05 4.927e-05 6.271e-05 5.375e-05 3.583e-05 2.24e-05 1.792e-05 1.792e-05 3.583e-05 3.583e-05 3.583e-05 3.583e-05],[0.611111 0.727273 0.714286 0.625000 0.875000 1.000000 0.750000 0.875000 0.687500 0.562500 0.625000 0.687500],[446415 446409 446376 446405 446443 446454 446468 446468 446431 446430 446430 446431],[446493 446493 446493 446493 446493 446493 446493 446493 446493 446493 446493 446493 446493 446493 446493 446493 446493 446493 446493 446493 446493 446493 446493 446493]
parb_cutcp-0,TITANV-SEP_RW-PAE-CONCURRENT-MIG_20_MEM,commit_846e7_modified_0,1003303,6999,0,177870,1.0000,0.0428,0,0,185724,162140,1932,8232,16627988,121438101,0,745.6252,40,20,[[] [630202] [] ],[[] [469895962] [] ],[[] [11.3167] [] ],[[] [155] [] ],[[] [23] [] ],[[] [7] [] ],[[] [8] [] ],[0.05 0.09677 0.08759 0.1143 0.1081 0.09412 0.1143 0.1081 0.1026 0.1135 0.1103 0.1026 0.1135 0.1103 0.1026 0.1135 0.1081 0.05 -nan -nan],[4.48e-06 1.344e-05 2.688e-05 1.792e-05 1.792e-05 1.792e-05 1.792e-05 1.792e-05 3.584e-05 3.584e-05 3.584e-05 3.584e-05 3.584e-05 3.584e-05 3.584e-05 3.584e-05 1.792e-05 4.48e-06 0 0],[1.000000 1.000000 0.750000 0.750000 0.875000 1.000000 0.750000 0.875000 0.687500 0.562500 0.687500 0.687500 0.562500 0.625000 0.687500 0.562500 0.875000 1.000000 -nan -nan],[446379 446373 446339 446369 446369 446370 446369 446369 446332 446331 446331 446332 446331 446331 446332 446331 446369 446379 446394 446394],[446394 446394 446394 446394 446394 446394 446394 446394 446394 446394 446394 446394 446394 446394 446394 446394 446394 446394 446394 446394 446394 446394 446394 446394 446394 446394 446394 446394 446394 446394 446394 446394 446394 446394 446394 446394 446394 446394 446394 446394]
parb_cutcp-0,TITANV-SEP_RW-PAE-CONCURRENT-MIG_8_MEM,commit_846e7_modified_0,1003300,6595,0,177870,1.0000,0.0428,0,0,185724,162140,1928,8030,16576947,121673880,0,744.9537,40,8,[[] [630770] [] ],[[] [469895962] [] ],[[] [11.3065] [] ],[[] [163] [] ],[[] [29] [] ],[[] [8] [] ],[[] [7] [] ],[0.1061 0.1101 0.09929 0.1062 0.1116 0.1043 0.1062 0.1116],[5.819e-05 5.372e-05 6.267e-05 5.372e-05 5.372e-05 5.372e-05 5.372e-05 5.372e-05],[0.769231 0.708333 0.714286 0.708333 0.708333 0.750000 0.708333 0.666667],[446707 446710 446679 446710 446710 446710 446710 446709],[446797 446797 446797 446797 446797 446797 446797 446797 446797 446797 446797 446797 446797 446797 446797 446797]
parb_cutcp-0,TITANV-SEP_RW-PAE-CONCURRENT-MIG_16_MEM,commit_846e7_modified_0,1003302,6540,0,177870,1.0000,0.0428,0,0,185724,162140,1921,8294,16609797,121417025,0,745.7625,40,16,[[] [630086] [] ],[[] [469895962] [] ],[[] [11.3188] [] ],[[] [156] [] ],[[] [24] [] ],[[] [7] [] ],[[] [8] [] ],[0.08772 0.07843 0.08759 0.1143 0.1081 0.09412 0.1143 0.1081 0.1026 0.1135 0.1103 0.1026 0.1135 0.1103 0.1026 0.1135],[2.241e-05 1.792e-05 2.689e-05 1.792e-05 1.792e-05 1.792e-05 1.792e-05 1.792e-05 3.585e-05 3.585e-05 3.585e-05 3.585e-05 3.585e-05 3.585e-05 3.585e-05 3.585e-05],[0.900000 1.000000 0.750000 0.750000 0.875000 1.000000 0.750000 0.875000 0.687500 0.562500 0.625000 0.687500 0.562500 0.625000 0.687500 0.562500],[446272 446276 446257 446287 446287 446288 446287 446287 446250 446249 446249 446250 446249 446249 446250 446249],[446312 446312 446312 446312 446312 446312 446312 446312 446312 446312 446312 446312 446312 446312 446312 446312 446312 446312 446312 446312 446312 446312 446312 446312 446312 446312 446312 446312 446312 446312 446312 446312]
parb_cutcp-0,TITANV-SEP_RW-PAE-CONCURRENT-MIG_24_MEM,commit_846e7_modified_0,1003304,7063,0,177870,1.0000,0.0428,0,0,185724,162140,1935,8125,16650814,121372503,0,745.8051,40,24,[[] [630050] [] ],[[] [469895962] [] ],[[] [11.3194] [] ],[[] [154] [] ],[[] [22] [] ],[[] [7] [] ],[[] [8] [] ],[0.05 0.09677 0.08759 0.1143 0.1081 0.09412 0.1143 0.1081 0.1026 0.1135 0.1103 0.1026 0.1135 0.1103 0.1026 0.1135 0.1081 0.05 -nan -nan -nan -nan -nan -nan],[4.481e-06 1.344e-05 2.689e-05 1.793e-05 1.793e-05 1.793e-05 1.793e-05 1.793e-05 3.585e-05 3.585e-05 3.585e-05 3.585e-05 3.585e-05 3.585e-05 3.585e-05 3.585e-05 1.793e-05 4.481e-06 0 0 0 0 0 0],[1.000000 1.000000 0.750000 0.750000 0.875000 1.000000 0.750000 0.875000 0.687500 0.562500 0.625000 0.687500 0.562500 0.625000 0.687500 0.562500 1.000000 1.000000 -nan -nan -nan -nan -nan -nan],[446272 446266 446232 446262 446262 446263 446262 446262 446225 446224 446224 446225 446224 446224 446225 446224 446262 446272 446287 446287 446287 446287 446287 446287],[446287 446287 446287 446287 446287 446287 446287 446287 446287 446287 446287 446287 446287 446287 446287 446287 446287 446287 446287 446287 446287 446287 446287 446287 446287 446287 446287 446287 446287 446287 446287 446287 446287 446287 446287 446287 446287 446287 446287 446287 446287 446287 446287 446287 446287 446287 446287 446287]
parb_cutcp-0,TITANV-SEP_RW-PAE-CONCURRENT-MIG_4_MEM,commit_846e7_modified_0,1003299,5257,0,177870,1.0000,0.0428,0,0,185724,162140,1936,8112,16526361,122302340,0,742.7025,40,4,[[] [632682] [] ],[[] [469895962] [] ],[[] [11.2723] [] ],[[] [187] [] ],[[] [51] [] ],[[] [9] [] ],[[] [10] [] ],[0.1033 0.09562 0.09848 0.1121],[0.0001116 0.0001071 0.000116 0.0001071],[0.740000 0.687500 0.653846 0.708333],[447949 447929 447922 447976],[448151 448151 448151 448151 448151 448151 448151 448151]
nvd_blackscholes-0,TITANV-SEP_RW-PAE-CONCURRENT-MIG_12_MEM,commit_846e7_modified_0,1003367,5785054,0,2232948,1.0000,0.9987,980,0,2503360,1500000,250759,975645,4228231,98393341,0,820.5244,40,12,[[] [355868] [] ],[[] [292000000] [] ],[[] [270.1255] [] ],[[] [7679] [] ],[[] [6788] [] ],[[] [63] [] ],[[] [181] [] ],[0.8389 0.8378 0.837 0.8375 0.8367 0.8355 0.8367 0.8352 0.8388 0.838 0.8374 0.8363],[0.8103 0.8103 0.8102 0.8103 0.8103 0.8103 0.8102 0.8103 0.81 0.8101 0.8101 0.8102],[0.103745 0.104879 0.103319 0.106428 0.095422 0.097053 0.097408 0.097756 0.102263 0.098499 0.103494 0.105576],[9005 8507 8426 8628 8257 7896 8433 7721 8965 8654 8516 8133],[252074 252074 252074 252074 252074 252074 252074 252074 252074 252074 252074 252074 252074 252074 252074 252074 252074 252074 252074 252074 252074 252074 252074 252074]
nvd_blackscholes-0,TITANV-SEP_RW-PAE-CONCURRENT-MIG_20_MEM,commit_846e7_modified_0,1003369,5664819,0,2232948,1.0000,0.9986,226,0,2503360,1500000,170221,960514,1620637,56715972,0,1352.7725,40,20,[[] [215851] [] ],[[] [292000000] [] ],[[] [445.3490] [] ],[[] [4188] [] ],[[] [3296] [] ],[[] [72] [] ],[[] [180] [] ],[0.8335 0.8323 0.8341 0.8353 0.8365 0.8344 0.8359 0.8337 0.8354 0.8345 0.8329 0.8354 0.8336 0.8326 0.832 0.8318 0.835 0.834 0.8329 0.8331],[0.7937 0.7938 0.7934 0.7935 0.7938 0.7935 0.7936 0.7941 0.7944 0.7941 0.7941 0.7942 0.7935 0.7938 0.7937 0.7937 0.7938 0.7935 0.7937 0.7934],[0.111156 0.118569 0.118299 0.111386 0.115647 0.117543 0.118889 0.116962 0.108605 0.111298 0.113489 0.108982 0.111754 0.109764 0.113988 0.106475 0.111026 0.115843 0.113766 0.105303],[7685 7242 7727 7950 8082 7701 7998 7523 7812 7764 7377 7945 7612 7285 7315 7214 7757 7659 7359 7541],[152896 152896 152896 152896 152896 152896 152896 152896 152896 152896 152896 152896 152896 152896 152896 152896 152896 152896 152896 152896 152896 152896 152896 152896 152896 152896 152896 152896 152896 152896 152896 152896 152896 152896 152896 152896 152896 152896 152896 152896]
nvd_blackscholes-0,TITANV-SEP_RW-PAE-CONCURRENT-MIG_8_MEM,commit_846e7_modified_0,1003366,5774565,0,2232948,1.0000,0.9987,50286,0,2503360,1500000,300118,977623,7563172,150086971,0,552.7278,40,8,[[] [528287] [] ],[[] [292000000] [] ],[[] [181.9636] [] ],[[] [11584] [] ],[[] [10670] [] ],[[] [68] [] ],[[] [187] [] ],[0.8458 0.8426 0.8455 0.8424 0.8453 0.8438 0.8457 0.842],[0.8212 0.8211 0.8212 0.8212 0.8213 0.8213 0.8211 0.8211],[0.117363 0.116749 0.115807 0.114904 0.115208 0.117294 0.114998 0.116854],[11170 9852 11139 9582 10954 10097 11259 9461],[374205 374205 374205 374205 374205 374205 374205 374205 374205 374205 374205 374205 374205 374205 374205 374205]
nvd_blackscholes-0,TITANV-SEP_RW-PAE-CONCURRENT-MIG_16_MEM,commit_846e7_modified_0,1003368,5666160,0,2232948,1.0000,0.9987,880,0,2503360,1500000,229920,968768,2449587,72057369,0,1095.1260,40,16,[[] [266634] [] ],[[] [292000000] [] ],[[] [360.5280] [] ],[[] [5394] [] ],[[] [4489] [] ],[[] [88] [] ],[[] [180] [] ],[0.847 0.8485 0.8444 0.8428 0.8442 0.8452 0.8482 0.8487 0.8511 0.8459 0.8441 0.8412 0.845 0.8405 0.847 0.8428],[0.8072 0.8069 0.8062 0.8067 0.8066 0.8062 0.8076 0.8071 0.8073 0.8075 0.806 0.8063 0.806 0.8062 0.8072 0.807],[0.136981 0.129771 0.128525 0.128342 0.128432 0.126100 0.131005 0.127924 0.126024 0.129205 0.128264 0.123487 0.129240 0.127557 0.135062 0.129990],[9032 9475 8765 8341 8550 8848 9170 9404 10090 8804 8781 8067 8883 7864 9151 8192],[188867 188867 188867 188867 188867 188867 188867 188867 188867 188867 188867 188867 188867 188867 188867 188867 188867 188867 188867 188867 188867 188867 188867 188867 188867 188867 188867 188867 188867 188867 188867 188867]
nvd_blackscholes-0,TITANV-SEP_RW-PAE-CONCURRENT-MIG_24_MEM,commit_846e7_modified_0,1003370,5587140,0,2232948,1.0000,0.9987,9,0,2503360,1500000,261245,953584,1332548,46626087,0,1586.4048,40,24,[[] [184062] [] ],[[] [292000000] [] ],[[] [522.2643] [] ],[[] [3231] [] ],[[] [2347] [] ],[[] [67] [] ],[[] [182] [] ],[0.8289 0.8287 0.828 0.8278 0.8269 0.8271 0.827 0.8273 0.8204 0.8251 0.8219 0.8243 0.8233 0.8166 0.8254 0.8223 0.8237 0.8272 0.8286 0.827 0.8277 0.8225 0.8285 0.8263],[0.7717 0.7721 0.7724 0.7727 0.7723 0.7724 0.7726 0.7723 0.7728 0.7728 0.7731 0.7731 0.7726 0.7728 0.7728 0.7725 0.7726 0.7728 0.7729 0.7738 0.7729 0.7733 0.7733 0.7729],[0.119346 0.125534 0.113984 0.115911 0.121444 0.116500 0.115849 0.113769 0.108273 0.107901 0.104082 0.106343 0.102962 0.112198 0.103832 0.107034 0.118005 0.116250 0.120920 0.116376 0.116591 0.115944 0.117001 0.111234],[9407 9236 9108 9072 9104 9047 8947 8984 7719 8559 7889 8322 8221 7070 8545 7994 8346 8994 9061 8720 9039 8169 9121 8712],[130378 130378 130378 130378 130378 130378 130378 130378 130378 130378 130378 130378 130378 130378 130378 130378 130378 130378 130378 130378 130378 130378 130378 130378 130378 130378 130378 130378 130378 130378 130378 130378 130378 130378 130378 130378 130378 130378 130378 130378 130378 130378 130378 130378 130378 130378 130378 130378]
nvd_blackscholes-0,TITANV-SEP_RW-PAE-CONCURRENT-MIG_4_MEM,commit_846e7_modified_0,1003365,5460518,0,2232948,1.0000,0.9987,308477,0,2503360,1500000,515131,954537,27910301,281257379,0,290.1757,40,4,[[] [1006285] [] ],[[] [292000000] [] ],[[] [95.5286] [] ],[[] [22708] [] ],[[] [21880] [] ],[[] [13] [] ],[[] [175] [] ],[0.8807 0.8772 0.8792 0.879],[0.8691 0.8689 0.8693 0.8691],[0.106521 0.112677 0.107326 0.107021],[10113 7014 8322 8362],[712786 712786 712786 712786 712786 712786 712786 712786]
parb_stencil-0,TITANV-SEP_RW-PAE-CONCURRENT-MIG_12_MEM,commit_846e7_modified_0,1003307,10450577,0,3891976,1.0000,0.9171,283760,0,5576344,3547704,58200,479452,3831845,245568531,0,742.7156,40,12,[[] [868425] [] ],[[] [644994210] [] ],[[] [246.5747] [] ],[[] [3467] [] ],[[] [2613] [] ],[[] [8] [] ],[[] [225] [] ],[0.6941 0.6929 0.6984 0.6988 0.6912 0.6898 0.6982 0.6948 0.6942 0.6932 0.6999 0.6987],[0.6883 0.6865 0.6925 0.6928 0.6855 0.6837 0.6923 0.6887 0.6881 0.6872 0.6939 0.6926],[0.053576 0.053108 0.052124 0.052731 0.053151 0.053130 0.052565 0.052919 0.053336 0.054459 0.053117 0.052793],[5685 6171 5628 5727 5859 6015 5602 5939 5991 5918 5701 5757],[615136 615136 615136 615136 615136 615136 615136 615136 615136 615136 615136 615136 615136 615136 615136 615136 615136 615136 615136 615136 615136 615136 615136 615136]
parb_stencil-0,TITANV-SEP_RW-PAE-CONCURRENT-MIG_20_MEM,commit_846e7_modified_0,1003309,8210832,0,3891976,1.0000,0.8632,87716,0,5576344,3547704,27399,537192,2212850,129008647,0,1299.9723,40,20,[[] [496158] [] ],[[] [644994210] [] ],[[] [431.5795] [] ],[[] [1740] [] ],[[] [986] [] ],[[] [10] [] ],[[] [231] [] ],[0.693 0.6918 0.6886 0.6875 0.6889 0.687 0.6858 0.6862 0.6866 0.686 0.6842 0.6827 0.6901 0.6885 0.6866 0.6849 0.6922 0.69 0.6872 0.6886],[0.6831 0.6823 0.679 0.6771 0.6795 0.6772 0.6764 0.6768 0.6772 0.6771 0.6752 0.6733 0.6806 0.6789 0.6775 0.6757 0.6825 0.6802 0.678 0.6793],[0.053272 0.054129 0.053042 0.053245 0.054457 0.051720 0.053783 0.053001 0.055343 0.054111 0.053863 0.054635 0.053853 0.054031 0.054584 0.056523 0.053217 0.053916 0.054496 0.053960],[5600 5567 5516 5837 5362 5778 5515 5605 5494 5274 5304 5492 5488 5717 5402 5443 5404 5826 5466 5424],[351446 351446 351446 351446 351446 351446 351446 351446 351446 351446 351446 351446 351446 351446 351446 351446 351446 351446 351446 351446 351446 351446 351446 351446 351446 351446 351446 351446 351446 351446 351446 351446 351446 351446 351446 351446 351446 351446 351446 351446]
parb_stencil-0,TITANV-SEP_RW-PAE-CONCURRENT-MIG_8_MEM,commit_846e7_modified_0,1003306,14558297,0,3891976,1.0000,0.9330,186112,0,5576344,3547704,44400,459473,4964316,380052739,0,500.4246,40,8,[[] [1288892] [] ],[[] [644994210] [] ],[[] [166.1362] [] ],[[] [7879] [] ],[[] [6871] [] ],[[] [7] [] ],[[] [222] [] ],[0.7118 0.7126 0.7093 0.711 0.7121 0.713 0.7159 0.7174],[0.7082 0.7092 0.7061 0.7083 0.7089 0.7104 0.713 0.7146],[0.054693 0.053180 0.053539 0.053932 0.051916 0.052056 0.052093 0.052849],[5687 5017 5277 4063 4814 3573 4197 3829],[912966 912966 912966 912966 912966 912966 912966 912966 912966 912966 912966 912966 912966 912966 912966 912966]
parb_stencil-0,TITANV-SEP_RW-PAE-CONCURRENT-MIG_16_MEM,commit_846e7_modified_0,1003308,10171709,0,3891976,1.0000,0.8704,27181,0,5576344,3547704,19787,514960,2937073,173461416,0,1015.9102,40,16,[[] [634891] [] ],[[] [644994210] [] ],[[] [337.2730] [] ],[[] [2699] [] ],[[] [1914] [] ],[[] [9] [] ],[[] [223] [] ],[0.6711 0.671 0.6709 0.6721 0.6732 0.6726 0.6851 0.685 0.6715 0.6707 0.6721 0.6726 0.6732 0.6736 0.6855 0.6852],[0.665 0.6657 0.665 0.6663 0.6675 0.6673 0.6796 0.6801 0.6656 0.6656 0.666 0.6667 0.6674 0.6677 0.6802 0.6804],[0.055074 0.053785 0.054878 0.052653 0.051996 0.050692 0.047816 0.048028 0.052238 0.053103 0.054131 0.052699 0.052921 0.052768 0.047945 0.047699],[4970 4328 4635 4431 4534 4103 4038 4022 4751 4283 4842 4499 4586 4478 4087 3941],[449716 449716 449716 449716 449716 449716 449716 449716 449716 449716 449716 449716 449716 449716 449716 449716 449716 449716 449716 449716 449716 449716 449716 449716 449716 449716 449716 449716 449716 449716 449716 449716]
parb_stencil-0,TITANV-SEP_RW-PAE-CONCURRENT-MIG_24_MEM,commit_846e7_modified_0,1003310,4902794,0,3891976,1.0000,0.8265,11447,0,5576344,3547704,76882,568900,2038664,96885218,0,1629.8723,40,24,[[] [395731] [] ],[[] [644994210] [] ],[[] [541.1039] [] ],[[] [1125] [] ],[[] [557] [] ],[[] [12] [] ],[[] [214] [] ],[0.6977 0.6963 0.6814 0.6833 0.6763 0.6774 0.6828 0.6825 0.7081 0.7062 0.6958 0.6952 0.6913 0.6932 0.6957 0.6979 0.6982 0.7027 0.684 0.6864 0.6816 0.6829 0.6853 0.6873],[0.683 0.6816 0.6669 0.6692 0.6633 0.6644 0.6707 0.6698 0.6932 0.6924 0.6819 0.6813 0.6783 0.6797 0.6833 0.6849 0.6836 0.6883 0.6703 0.6727 0.6677 0.6698 0.6722 0.6748],[0.062124 0.060567 0.069780 0.068747 0.072894 0.069920 0.069751 0.066030 0.055399 0.057688 0.059275 0.059625 0.064094 0.061670 0.059411 0.057056 0.060266 0.058150 0.070566 0.068227 0.070715 0.069368 0.069459 0.064290],[6703 6823 6552 6424 6157 6227 5861 6128 6634 6303 6207 6153 6029 6329 5902 6123 6662 6620 6231 6217 6559 6205 6078 6011],[280311 280311 280311 280311 280311 280311 280311 280311 280311 280311 280311 280311 280311 280311 280311 280311 280311 280311 280311 280311 280311 280311 280311 280311 280311 280311 280311 280311 280311 280311 280311 280311 280311 280311 280311 280311 280311 280311 280311 280311 280311 280311 280311 280311 280311 280311 280311 280311]
parb_stencil-0,TITANV-SEP_RW-PAE-CONCURRENT-MIG_4_MEM,commit_846e7_modified_0,1003305,12314953,0,3891976,1.0000,0.9762,421933,0,5576344,3547704,32067,448637,13341351,817878121,0,239.4711,40,4,[[] [2693410] [] ],[[] [644994210] [] ],[[] [79.5020] [] ],[[] [16335] [] ],[[] [15422] [] ],[[] [7] [] ],[[] [203] [] ],[0.7248 0.7222 0.7247 0.7133],[0.7124 0.7115 0.7132 0.7118],[0.061643 0.062947 0.062216 0.071292],[38733 34449 36063 4176],[1907833 1907833 1907833 1907833 1907833 1907833 1907833 1907833]
parb_lbm-0,TITANV-SEP_RW-PAE-CONCURRENT-MIG_12_MEM,commit_846e7_modified_0,1003313,19693076,0,8487448,1.0000,0.9996,188562,0,11254960,5400000,294030,3365564,11762424,510495912,0,252.2332,40,12,[[] [1695963] [] ],[[] [427778603] [] ],[[] [254.8348] [] ],[[] [23969] [] ],[[] [23228] [] ],[[] [30] [] ],[[] [217] [] ],[0.7519 0.7511 0.7512 0.751 0.7493 0.7426 0.7516 0.7511 0.7512 0.7511 0.7522 0.752],[0.7409 0.741 0.7408 0.7407 0.7405 0.7405 0.7408 0.7408 0.7408 0.7407 0.7409 0.7408],[0.063972 0.064495 0.064445 0.064812 0.077307 0.094994 0.065817 0.066147 0.065726 0.065640 0.064591 0.064771],[21988 20665 20741 21130 17226 3776 21757 20936 20895 20958 22341 22240],[1201308 1201308 1201308 1201308 1201308 1201308 1201308 1201308 1201308 1201308 1201308 1201308 1201308 1201308 1201308 1201308 1201308 1201308 1201308 1201308 1201308 1201308 1201308 1201308]
parb_lbm-0,TITANV-SEP_RW-PAE-CONCURRENT-MIG_20_MEM,commit_846e7_modified_0,1003315,25022733,0,8487448,1.0000,0.9996,202805,0,11254960,5400000,78115,3435530,5139446,270982191,0,462.2944,40,20,[[] [925336] [] ],[[] [427778603] [] ],[[] [467.0633] [] ],[[] [20169] [] ],[[] [19042] [] ],[[] [307] [] ],[[] [220] [] ],[0.8162 0.8168 0.8159 0.8165 0.8158 0.8162 0.817 0.8169 0.813 0.8145 0.8134 0.8136 0.8152 0.8154 0.8154 0.816 0.8169 0.8145 0.8163 0.8162],[0.8084 0.8084 0.8085 0.8085 0.8085 0.8085 0.8085 0.8086 0.8081 0.8082 0.8082 0.8082 0.8086 0.8085 0.8086 0.8086 0.8084 0.8084 0.8084 0.8084],[0.085242 0.085261 0.083586 0.083781 0.084318 0.085402 0.084128 0.084368 0.078412 0.079153 0.080562 0.080436 0.081428 0.081078 0.082276 0.083492 0.081088 0.082933 0.083761 0.082632],[7300 7627 6885 7553 6924 7062 7652 7561 4702 5816 5008 5122 6118 6317 6173 6764 7764 5780 7226 6981],[655448 655448 655448 655448 655448 655448 655448 655448 655448 655448 655448 655448 655448 655448 655448 655448 655448 655448 655448 655448 655448 655448 655448 655448 655448 655448 655448 655448 655448 655448 655448 655448 655448 655448 655448 655448 655448 655448 655448 655448]
parb_lbm-0,TITANV-SEP_RW-PAE-CONCURRENT-MIG_8_MEM,commit_846e7_modified_0,1003312,19546132,0,8487448,1.0000,0.9996,360217,0,11254960,5400000,322783,3328002,27916221,759648824,0,169.2326,40,8,[[] [2527753] [] ],[[] [427778603] [] ],[[] [170.9781] [] ],[[] [43312] [] ],[[] [42608] [] ],[[] [10] [] ],[[] [205] [] ],[0.7642 0.7645 0.7602 0.7487 0.766 0.7654 0.7665 0.7655],[0.7467 0.7466 0.7467 0.7467 0.7471 0.7471 0.7471 0.7471],[0.069040 0.067605 0.074545 0.087552 0.063518 0.064934 0.063254 0.064826],[48962 50441 37764 5019 52339 51704 54315 51839],[1790493 1790493 1790493 1790493 1790493 1790493 1790493 1790493 1790493 1790493 1790493 1790493 1790493 1790493 1790493 1790493]
parb_lbm-0,TITANV-SEP_RW-PAE-CONCURRENT-MIG_16_MEM,commit_846e7_modified_0,1003314,25529828,0,8487448,1.0000,0.9996,184180,0,11254960,5400000,198294,3373420,7242827,351459533,0,361.3993,40,16,[[] [1183671] [] ],[[] [427778603] [] ],[[] [365.1272] [] ],[[] [23534] [] ],[[] [22530] [] ],[[] [171] [] ],[[] [217] [] ],[0.7963 0.8018 0.8028 0.8027 0.8026 0.8023 0.803 0.8033 0.8031 0.803 0.8023 0.8024 0.8027 0.8024 0.8031 0.8029],[0.7919 0.7919 0.7919 0.7919 0.7918 0.7918 0.7919 0.7919 0.7918 0.7919 0.7918 0.7918 0.7919 0.7919 0.792 0.792],[0.099547 0.085009 0.076754 0.076043 0.075800 0.076478 0.077090 0.075963 0.077814 0.077556 0.080800 0.081025 0.075565 0.077451 0.077121 0.077449],[5597 12273 13941 14098 13988 13454 14050 14778 14476 14283 13215 13288 13792 13792 13763 13544],[838435 838435 838435 838435 838435 838435 838435 838435 838435 838435 838435 838435 838435 838435 838435 838435 838435 838435 838435 838435 838435 838435 838435 838435 838435 838435 838435 838435 838435 838435 838435 838435]
parb_lbm-0,TITANV-SEP_RW-PAE-CONCURRENT-MIG_24_MEM,commit_846e7_modified_0,1003316,26433411,0,8487448,1.0000,0.9996,176188,0,11254960,5400000,66946,3441942,4045093,233731937,0,531.8235,40,24,[[] [804360] [] ],[[] [427778603] [] ],[[] [537.3098] [] ],[[] [17926] [] ],[[] [16469] [] ],[[] [587] [] ],[[] [243] [] ],[0.7802 0.7786 0.7808 0.7798 0.781 0.7812 0.7814 0.7816 0.779 0.7795 0.7777 0.7778 0.7809 0.7786 0.7784 0.781 0.7808 0.7822 0.7815 0.7803 0.7822 0.781 0.7798 0.7802],[0.774 0.774 0.774 0.774 0.774 0.774 0.774 0.7741 0.774 0.7741 0.7741 0.7741 0.774 0.7741 0.7741 0.774 0.774 0.774 0.774 0.774 0.774 0.774 0.7739 0.7739],[0.093289 0.093899 0.092195 0.094889 0.094080 0.092688 0.093442 0.093916 0.086658 0.085593 0.086283 0.087525 0.085932 0.087977 0.088227 0.086816 0.093750 0.092924 0.093884 0.093890 0.093827 0.093123 0.093716 0.095193],[5222 3860 5799 4801 5881 6047 6117 6226 4325 4539 3274 3324 6041 3879 3811 5904 5732 6906 6316 5292 6790 5791 4926 5336],[569756 569756 569756 569756 569756 569756 569756 569756 569756 569756 569756 569756 569756 569756 569756 569756 569756 569756 569756 569756 569756 569756 569756 569756 569756 569756 569756 569756 569756 569756 569756 569756 569756 569756 569756 569756 569756 569756 569756 569756 569756 569756 569756 569756 569756 569756 569756 569756]
parb_lbm-0,TITANV-SEP_RW-PAE-CONCURRENT-MIG_4_MEM,commit_846e7_modified_0,1003311,17864247,0,8487448,1.0000,0.9996,567581,0,11254960,5400000,373630,3316007,74845821,1523656440,0,84.3379,40,4,[[] [5072196] [] ],[[] [427778603] [] ],[[] [85.2078] [] ],[[] [107964] [] ],[[] [107286] [] ],[[] [7] [] ],[[] [211] [] ],[0.7611 0.7611 0.7556 0.7454],[0.7442 0.7442 0.7442 0.7442],[0.068311 0.068879 0.074585 0.087826],[95858 96962 65982 6144],[3592807 3592807 3592807 3592807 3592807 3592807 3592807 3592807]
nvd_sobol-0,TITANV-SEP_RW-PAE-CONCURRENT-MIG_12_MEM,commit_846e7_modified_0,1003385,1101181,0,1136548,0.9929,0.9730,0,136101,1285076,31716,141927,7924807,5131813,12496753,0,4563.4834,40,12,[[] [151321] [] ],[[] [690560000] [] ],[[] [326.1075] [] ],[[] [865] [] ],[[] [616] [] ],[[] [8] [] ],[[] [319] [] ],[0.9609 0.9664 0.9624 0.9669 0.9658 0.9641 0.9709 0.9673 0.971 0.9714 0.9674 0.969],[0.91 0.9147 0.9114 0.9147 0.9137 0.9125 0.9148 0.9148 0.9149 0.9149 0.9138 0.9141],[0.115301 0.112080 0.112115 0.115504 0.102713 0.103055 0.102739 0.102616 0.113081 0.108720 0.115116 0.111935],[5940 6009 5982 6110 5998 5985 6443 6111 6446 6428 6151 6272],[107187 107187 107187 107187 107187 107187 107187 107187 107187 107187 107187 107187 107187 107187 107187 107187 107187 107187 107187 107187 107187 107187 107187 107187]
nvd_sobol-0,TITANV-SEP_RW-PAE-CONCURRENT-MIG_20_MEM,commit_846e7_modified_0,1003387,19558,0,1136548,0.9114,0.9728,0,10260,1285280,31920,47785,10888123,488022,2438454,0,6057.9160,40,20,[[] [113991] [] ],[[] [690560000] [] ],[[] [432.9706] [] ],[[] [176] [] ],[[] [39] [] ],[[] [7] [] ],[[] [12] [] ],[0.7781 0.7788 0.7788 0.7793 0.7783 0.7777 0.7791 0.7792 0.7782 0.7776 0.7781 0.7782 0.7789 0.7783 0.778 0.7785 0.7791 0.7786 0.7778 0.7793],[0.6978 0.6977 0.6979 0.6978 0.6975 0.6973 0.6978 0.6977 0.698 0.6978 0.6979 0.6978 0.6977 0.6978 0.698 0.6974 0.6979 0.6977 0.6975 0.6978],[0.645353 0.639302 0.644811 0.646321 0.597461 0.597446 0.599348 0.592881 0.433218 0.438404 0.435981 0.430222 0.612171 0.601305 0.609186 0.603221 0.641575 0.642518 0.652495 0.642639],[9335 9241 9366 9230 8994 8977 9144 8986 8681 8731 8776 8770 9088 9091 9082 9038 9431 9273 9193 9355],[80745 80745 80745 80745 80745 80745 80745 80745 80745 80745 80745 80745 80745 80745 80745 80745 80745 80745 80745 80745 80745 80745 80745 80745 80745 80745 80745 80745 80745 80745 80745 80745 80745 80745 80745 80745 80745 80745 80745 80745]
nvd_sobol-0,TITANV-SEP_RW-PAE-CONCURRENT-MIG_8_MEM,commit_846e7_modified_0,1003384,1720991,0,1136548,0.9994,0.9731,0,242332,1284956,31596,156051,4803495,15809810,28882772,0,3052.1045,40,8,[[] [226255] [] ],[[] [690560000] [] ],[[] [218.0827] [] ],[[] [2316] [] ],[[] [2014] [] ],[[] [8] [] ],[[] [329] [] ],[0.9763 0.9762 0.9754 0.9744 0.9737 0.9809 0.975 0.9806],[0.937 0.9369 0.9369 0.9355 0.9353 0.9369 0.9369 0.9369],[0.154206 0.151453 0.144484 0.150622 0.154322 0.152393 0.155899 0.156039],[6853 6799 6598 6666 6537 7446 6488 7443],[160265 160265 160265 160265 160265 160265 160265 160265 160265 160265 160265 160265 160265 160265 160265 160265]
nvd_sobol-0,TITANV-SEP_RW-PAE-CONCURRENT-MIG_16_MEM,commit_846e7_modified_0,1003386,82696,0,1136548,0.9576,0.9729,0,38014,1285236,31876,33039,10985028,544513,2547332,0,6011.1421,40,16,[[] [114878] [] ],[[] [690560000] [] ],[[] [429.6128] [] ],[[] [224] [] ],[[] [77] [] ],[[] [8] [] ],[[] [188] [] ],[0.9854 0.9843 0.9826 0.9809 0.9826 0.9848 0.9835 0.9832 0.9802 0.9817 0.9837 0.9821 0.9824 0.9828 0.9827 0.9818],[0.8816 0.8808 0.8798 0.8783 0.8782 0.8803 0.8786 0.8788 0.8781 0.8785 0.8807 0.8804 0.8786 0.8803 0.8793 0.8788],[0.409511 0.304811 0.377238 0.407989 0.263396 0.341102 0.268131 0.284238 0.321303 0.353940 0.336639 0.308233 0.384001 0.356474 0.328293 0.350221],[8803 8745 8740 8772 8958 8845 8922 8930 8774 8846 8713 8720 8859 8738 8784 8845],[81373 81373 81373 81373 81373 81373 81373 81373 81373 81373 81373 81373 81373 81373 81373 81373 81373 81373 81373 81373 81373 81373 81373 81373 81373 81373 81373 81373 81373 81373 81373 81373]
nvd_sobol-0,TITANV-SEP_RW-PAE-CONCURRENT-MIG_24_MEM,commit_846e7_modified_0,1003388,5242,0,1136548,0.9019,0.9729,0,4628,1285284,31924,42296,10859872,476171,2456261,0,6062.4365,40,24,[[] [113906] [] ],[[] [690560000] [] ],[[] [433.2950] [] ],[[] [168] [] ],[[] [33] [] ],[[] [7] [] ],[[] [6] [] ],[0.6523 0.6522 0.6532 0.6538 0.6532 0.6532 0.6531 0.6531 0.645 0.6464 0.6459 0.6454 0.6441 0.6454 0.6453 0.6449 0.6533 0.654 0.6536 0.6515 0.6524 0.6519 0.6516 0.6527],[0.5695 0.5695 0.5695 0.5695 0.5696 0.5696 0.5696 0.5695 0.5697 0.5697 0.5697 0.5697 0.5694 0.5696 0.5696 0.5695 0.5695 0.5695 0.5695 0.5695 0.5695 0.5695 0.5695 0.5695],[0.754912 0.760435 0.761043 0.758174 0.760688 0.757299 0.759559 0.759739 0.610305 0.601964 0.609500 0.611791 0.610681 0.606503 0.608359 0.604053 0.762812 0.757439 0.764312 0.767183 0.761702 0.759680 0.762659 0.762659],[14102 14083 14131 13997 14051 14097 14197 14036 12272 12257 12198 12060 12083 12222 12069 11837 14081 14105 14445 13942 14330 14056 14037 14240],[80685 80685 80685 80685 80685 80685 80685 80685 80685 80685 80685 80685 80685 80685 80685 80685 80685 80685 80685 80685 80685 80685 80685 80685 80685 80685 80685 80685 80685 80685 80685 80685 80685 80685 80685 80685 80685 80685 80685 80685 80685 80685 80685 80685 80685 80685 80685 80685]
nvd_sobol-0,TITANV-SEP_RW-PAE-CONCURRENT-MIG_4_MEM,commit_846e7_modified_0,1003383,2143253,0,1136548,0.9995,0.9740,0,415906,1283860,30500,169568,4375711,51839326,63832995,0,1542.8750,40,4,[[] [447578] [] ],[[] [690560000] [] ],[[] [110.1489] [] ],[[] [7293] [] ],[[] [6948] [] ],[[] [7] [] ],[[] [337] [] ],[0.9848 0.9858 0.9844 0.9842],[0.9667 0.9666 0.9667 0.9663],[0.106238 0.100404 0.106297 0.106336],[5978 6288 5864 5873],[317036 317036 317036 317036 317036 317036 317036 317036]
rod_heartwall-0,TITANV-SEP_RW-PAE-CONCURRENT-MIG_12_MEM,commit_846e7_modified_0,1003325,3360,0,35030,0.8279,0.4931,0,167,43701,18819,306,0,985735,1066119,0,373.2626,40,12,[[] [10833] [] ],[[] [4044300] [] ],[[] [154.9080] [] ],[[] [163] [] ],[[] [29] [] ],[[] [7] [] ],[[] [9] [] ],[0.1006 0.09168 0.1096 0.1133 0.1083 0.09212 0.08349 0.1232 0.08229 0.1071 0.07662 0.1],[0.008078 0.005603 0.01042 0.01446 0.0116 0.009902 0.01134 0.009772 0.005993 0.007036 0.005081 0.004691],[0.629032 0.790698 0.575000 0.513514 0.651685 0.526316 0.643678 0.546667 0.565217 0.462963 0.512821 0.583333],[7402 7501 7314 7140 7336 7268 7218 7391 7426 7417 7440 7508],[7675 7675 7675 7675 7675 7675 7675 7675 7675 7675 7675 7675 7675 7675 7675 7675 7675 7675 7675 7675 7675 7675 7675 7675]
rod_heartwall-0,TITANV-SEP_RW-PAE-CONCURRENT-MIG_20_MEM,commit_846e7_modified_0,1003327,3399,0,35030,0.8286,0.4801,0,0,43701,18819,306,0,1023868,1027134,0,373.1937,40,20,[[] [10835] [] ],[[] [4044300] [] ],[[] [154.8794] [] ],[[] [156] [] ],[[] [25] [] ],[[] [7] [] ],[[] [11] [] ],[0.07477 0.08421 0.1 0.07273 0.1101 0.07273 0.1 0.1091 0.1081 0.1327 0.07347 0.09322 0.1241 0.09524 0.1111 0.09524 0.1 0.1091 0.07273 0.1091],[0.001042 0.001042 0.001042 0.0005211 0.001563 0.001042 0.001042 0.001563 0.002606 0.003387 0.002345 0.002866 0.002345 0.001563 0.001824 0.001563 0.0005211 0.0007817 0.0005211 0.0007817],[0.625000 0.750000 0.750000 1.000000 0.666667 1.000000 0.500000 0.666667 0.800000 0.653846 0.555556 0.454545 0.611111 0.666667 0.571429 0.666667 0.500000 0.666667 1.000000 0.666667],[7627 7639 7642 7658 7632 7640 7638 7632 7599 7591 7554 7549 7609 7620 7616 7620 7657 7654 7658 7654],[7676 7676 7676 7676 7676 7676 7676 7676 7676 7676 7676 7676 7676 7676 7676 7676 7676 7676 7676 7676 7676 7676 7676 7676 7676 7676 7676 7676 7676 7676 7676 7676 7676 7676 7676 7676 7676 7676 7676 7676]
rod_heartwall-0,TITANV-SEP_RW-PAE-CONCURRENT-MIG_8_MEM,commit_846e7_modified_0,1003324,3505,0,35030,0.8264,0.5261,0,135,43701,18819,1592,0,982832,1122836,0,354.5454,40,8,[[] [11405] [] ],[[] [4044300] [] ],[[] [147.1388] [] ],[[] [172] [] ],[[] [31] [] ],[[] [8] [] ],[[] [10] [] ],[0.1076 0.1243 0.124 0.1413 0.1181 0.1455 0.1153 0.1232],[0.02834 0.02946 0.038 0.04084 0.03861 0.03354 0.03366 0.03441],[0.633188 0.550420 0.563518 0.566667 0.567308 0.549815 0.555147 0.586331],[6953 7008 6502 6670 6550 6984 6562 6774],[8080 8080 8080 8080 8080 8080 8080 8080 8080 8080 8080 8080 8080 8080 8080 8080]
rod_heartwall-0,TITANV-SEP_RW-PAE-CONCURRENT-MIG_16_MEM,commit_846e7_modified_0,1003326,3415,0,35030,0.8286,0.4801,0,0,43701,18819,306,0,1018010,1028908,0,373.9183,40,16,[[] [10814] [] ],[[] [4044300] [] ],[[] [155.1802] [] ],[[] [156] [] ],[[] [25] [] ],[[] [7] [] ],[[] [11] [] ],[0.1143 0.1159 0.08602 0.1446 0.09211 0.08696 0.1099 0.09259 0.1017 0.1017 0.07273 0.1104 0.1117 0.1023 0.1011 0.09938],[0.001044 0.002089 0.001044 0.001566 0.001827 0.001044 0.001305 0.001305 0.00235 0.00235 0.002089 0.00235 0.002872 0.00235 0.00235 0.002089],[0.750000 0.812500 1.000000 0.750000 0.642857 0.750000 0.600000 0.800000 0.666667 0.666667 0.375000 0.555556 0.681818 0.666667 0.666667 0.625000],[7636 7611 7628 7629 7590 7624 7620 7621 7583 7583 7538 7582 7576 7583 7583 7586],[7661 7661 7661 7661 7661 7661 7661 7661 7661 7661 7661 7661 7661 7661 7661 7661 7661 7661 7661 7661 7661 7661 7661 7661 7661 7661 7661 7661 7661 7661 7661 7661]
rod_heartwall-0,TITANV-SEP_RW-PAE-CONCURRENT-MIG_24_MEM,commit_846e7_modified_0,1003328,3399,0,35030,0.8286,0.4801,0,0,43701,18819,306,0,1021301,1022561,0,374.4029,40,24,[[] [10800] [] ],[[] [4044300] [] ],[[] [155.3813] [] ],[[] [156] [] ],[[] [25] [] ],[[] [7] [] ],[[] [11] [] ],[0.1099 0.1239 0.1053 0.1412 0.09091 0.09091 0.08421 0.1053 0.09524 0.1111 0.06122 0.1081 0.1084 0.09524 0.1111 0.09524 0.1 0.1091 0.07273 0.1091 0.08421 0.1 0.1091 0.07273],[0.001307 0.00183 0.001046 0.001568 0.001307 0.001307 0.001046 0.001307 0.001568 0.00183 0.001568 0.001568 0.002353 0.001568 0.00183 0.001568 0.0005228 0.0007842 0.0005228 0.0007842 0.001046 0.0005228 0.0007842 0.0005228],[0.800000 0.928571 0.750000 0.666667 0.800000 0.800000 0.750000 0.600000 0.666667 0.571429 0.333333 0.500000 0.500000 0.666667 0.571429 0.666667 0.500000 0.666667 1.000000 0.666667 0.625000 0.500000 0.666667 1.000000],[7611 7605 7614 7611 7611 7611 7614 7610 7595 7591 7547 7594 7572 7595 7591 7595 7632 7629 7633 7629 7614 7632 7629 7633],[7651 7651 7651 7651 7651 7651 7651 7651 7651 7651 7651 7651 7651 7651 7651 7651 7651 7651 7651 7651 7651 7651 7651 7651 7651 7651 7651 7651 7651 7651 7651 7651 7651 7651 7651 7651 7651 7651 7651 7651 7651 7651 7651 7651 7651 7651 7651 7651]
rod_heartwall-0,TITANV-SEP_RW-PAE-CONCURRENT-MIG_4_MEM,commit_846e7_modified_0,1003323,4614,0,35030,0.8239,0.7173,0,558,43701,18819,28868,0,1003137,1560519,0,282.1670,40,4,[[] [14331] [] ],[[] [4044300] [] ],[[] [117.0971] [] ],[[] [255] [] ],[[] [47] [] ],[[] [9] [] ],[[] [71] [] ],[0.5458 0.5476 0.5041 0.5501],[0.3324 0.3567 0.3177 0.3559],[0.170053 0.181271 0.172734 0.152406],[4337 3947 4320 4012],[10152 10152 10152 10152 10152 10152 10152 10152]
cut_sgemm-1,TITANV-SEP_RW-PAE-CONCURRENT-MIG_12_MEM,commit_846e7_modified_0,1003289,790330,0,7364710,1.0000,0.3088,1792,168242,9487744,8388608,29239,74624702,9095017,69866454,0,5333.9702,40,12,[[] [1233615] [] ],[[] [6580076544] [] ],[[] [295.3347] [] ],[[] [882] [] ],[[] [640] [] ],[[] [59] [] ],[[] [66] [] ],[0.4609 0.4608 0.4615 0.4621 0.4598 0.4601 0.4637 0.4634 0.4619 0.4609 0.4614 0.4616],[0.2736 0.2736 0.2737 0.2738 0.2735 0.2736 0.2737 0.2738 0.2735 0.2734 0.274 0.274],[0.430549 0.432717 0.427255 0.428274 0.432898 0.429856 0.425999 0.427791 0.433654 0.430876 0.429754 0.430936],[445452 447301 445824 445527 444858 445339 445876 446119 446561 446253 445537 445411],[873812 873812 873812 873812 873812 873812 873812 873812 873812 873812 873812 873812 873812 873812 873812 873812 873812 873812 873812 873812 873812 873812 873812 873812]
cut_sgemm-1,TITANV-SEP_RW-PAE-CONCURRENT-MIG_20_MEM,commit_846e7_modified_0,1003291,158028,0,7364710,1.0000,0.2983,0,122590,9487744,8388608,9991,74578509,8924773,60303867,0,5473.3672,40,20,[[] [1202197] [] ],[[] [6580076544] [] ],[[] [303.0530] [] ],[[] [602] [] ],[[] [372] [] ],[[] [69] [] ],[[] [35] [] ],[0.3566 0.3575 0.3574 0.3568 0.3566 0.3568 0.3574 0.3557 0.3538 0.3552 0.3554 0.3541 0.3576 0.3586 0.3564 0.3556 0.3543 0.3559 0.3568 0.3567],[0.162 0.162 0.1621 0.162 0.1619 0.162 0.1621 0.1621 0.1627 0.1626 0.1625 0.1625 0.1617 0.1618 0.162 0.162 0.1616 0.1616 0.1616 0.1616],[0.476249 0.469515 0.466448 0.468229 0.471989 0.470819 0.468743 0.468381 0.465375 0.461193 0.459667 0.460432 0.474386 0.472226 0.466470 0.466959 0.469140 0.467403 0.463786 0.466279],[543225 543598 544157 544305 544902 544426 546362 544175 538146 539209 539313 538371 546481 547705 544603 543708 543489 543820 543726 543681],[851557 851557 851557 851557 851557 851557 851557 851557 851557 851557 851557 851557 851557 851557 851557 851557 851557 851557 851557 851557 851557 851557 851557 851557 851557 851557 851557 851557 851557 851557 851557 851557 851557 851557 851557 851557 851557 851557 851557 851557]
cut_sgemm-1,TITANV-SEP_RW-PAE-CONCURRENT-MIG_8_MEM,commit_846e7_modified_0,1003288,1647494,0,7364710,0.9988,0.3164,13425,52278,9475456,8376320,123498,74899770,10658648,93238068,0,4991.7666,40,8,[[] [1318184] [] ],[[] [6580076544] [] ],[[] [276.0294] [] ],[[] [1758] [] ],[[] [1494] [] ],[[] [46] [] ],[[] [101] [] ],[0.5913 0.5896 0.5938 0.5908 0.5938 0.5932 0.5918 0.5892],[0.3945 0.3945 0.3948 0.3949 0.3947 0.3947 0.3952 0.3954],[0.301440 0.302270 0.303838 0.307380 0.303355 0.300537 0.301576 0.304225],[389205 387126 392471 388588 393056 391663 391626 390290],[933715 933715 933715 933715 933715 933715 933715 933715 933715 933715 933715 933715 933715 933715 933715 933715]
cut_sgemm-1,TITANV-SEP_RW-PAE-CONCURRENT-MIG_16_MEM,commit_846e7_modified_0,1003290,361706,0,7364710,1.0000,0.3039,1445,70518,9487744,8388608,9952,74584281,8321039,63107220,0,5441.0791,40,16,[[] [1209331] [] ],[[] [6580076544] [] ],[[] [301.2652] [] ],[[] [746] [] ],[[] [521] [] ],[[] [47] [] ],[[] [63] [] ],[0.5649 0.5615 0.5602 0.5589 0.5663 0.5661 0.5662 0.5626 0.5661 0.5648 0.5615 0.565 0.5639 0.5655 0.5616 0.5612],[0.2067 0.2066 0.2053 0.2054 0.2049 0.2049 0.2064 0.2063 0.2045 0.2046 0.2058 0.2057 0.2057 0.2057 0.2053 0.2052],[0.228789 0.236694 0.229196 0.224990 0.227896 0.227740 0.229440 0.229377 0.231971 0.229056 0.225150 0.229614 0.224960 0.225506 0.237415 0.237519],[580726 580370 583468 582166 585756 584329 581775 581007 585797 584370 580551 583584 583469 583674 584004 584143],[856611 856611 856611 856611 856611 856611 856611 856611 856611 856611 856611 856611 856611 856611 856611 856611 856611 856611 856611 856611 856611 856611 856611 856611 856611 856611 856611 856611 856611 856611 856611 856611]
cut_sgemm-1,TITANV-SEP_RW-PAE-CONCURRENT-MIG_24_MEM,commit_846e7_modified_0,1003292,49548,0,7364710,1.0000,0.2932,0,44160,9487744,8388608,6889,74489382,8576803,58624766,0,5505.4463,40,24,[[] [1195192] [] ],[[] [6580076544] [] ],[[] [304.8292] [] ],[[] [570] [] ],[[] [355] [] ],[[] [60] [] ],[[] [30] [] ],[0.3599 0.3615 0.3654 0.364 0.3606 0.3606 0.3631 0.3662 0.3625 0.3637 0.3626 0.3627 0.3609 0.3631 0.3643 0.3661 0.3604 0.365 0.3654 0.3638 0.364 0.3632 0.3645 0.3651],[0.1335 0.1335 0.133 0.1331 0.1329 0.1329 0.1336 0.1336 0.1338 0.1338 0.1338 0.1338 0.1337 0.1337 0.1339 0.1339 0.1326 0.1326 0.1329 0.1328 0.1328 0.1328 0.1326 0.1326],[0.400526 0.398640 0.399985 0.398108 0.396698 0.397912 0.399651 0.399746 0.399354 0.400752 0.400224 0.395866 0.401837 0.395322 0.399793 0.398295 0.397270 0.404708 0.399998 0.398270 0.396259 0.403301 0.404448 0.405086],[587727 587878 591217 590708 587698 587696 588502 589597 590347 591288 590042 589612 588693 590430 591847 591997 588613 592394 591827 590684 591081 590105 592974 592510],[846596 846596 846596 846596 846596 846596 846596 846596 846596 846596 846596 846596 846596 846596 846596 846596 846596 846596 846596 846596 846596 846596 846596 846596 846596 846596 846596 846596 846596 846596 846596 846596 846596 846596 846596 846596 846596 846596 846596 846596 846596 846596 846596 846596 846596 846596 846596 846596]
cut_sgemm-1,TITANV-SEP_RW-PAE-CONCURRENT-MIG_4_MEM,commit_846e7_modified_0,1003287,4853107,0,7364710,0.9491,0.4561,59168,48178,8872084,7772948,326660,75448817,75284423,220779792,0,3361.3320,40,4,[[] [1957578] [] ],[[] [6580076544] [] ],[[] [174.0355] [] ],[[] [4806] [] ],[[] [4396] [] ],[[] [48] [] ],[[] [142] [] ],[0.7739 0.7744 0.7741 0.7759],[0.724 0.7239 0.7254 0.7253],[0.137140 0.138693 0.136932 0.135265],[112450 113141 109331 112543],[1386619 1386619 1386619 1386619 1386619 1386619 1386619 1386619]
