pair_str,config,gpusim_version,jobId,1_grid_x,1_grid_y,1_grid_z,1_block_x,1_block_y,1_block_z,1_ctas/SM,1_runtime,1_instructions,1_avg_mem_lat,1_avg_core_to_l2,1_avg_l2_to_core,1_avg_mrq_latency,2_grid_x,2_grid_y,2_grid_z,2_block_x,2_block_y,2_block_z,2_ctas/SM,2_runtime,2_instructions,2_avg_mem_lat,2_avg_core_to_l2,2_avg_l2_to_core,2_avg_mrq_latency,stall_icnt_to_l2,stall_l2_to_icnt,stall_core_ldst,l1D_miss_rate,l2_miss_rate,runtime,l2_rshr_entry_fail,l2_rshr_merge_fail,dram_bw
cut_sgemm-1-parb_spmv-0,TITANV-PAE-CONCURRENT-SEP_RW-LSRR-CAP_6516060_CYCLE-INTER_0:32:48_SM,commit_7b896_modified_0,118,32,16,1,256,1,1,0,2894436,6580076544,1230,883,68,119,1147,1,1,128,1,1,0,83083,52720795,720,314,49,71,16489113,0,78709149,0.5842,0.8024,2918404,4762,933971,[0.756630 0.757179 0.755742 0.755994 0.756796 0.756356 0.755651 0.755955 0.757964 0.757833 0.757732 0.757561 0.758137 0.757614 0.757568 0.758017 0.756512 0.755942 0.755944 0.755873 0.756497 0.756193 0.755601 0.755718]
parb_lbm-0-rod_heartwall-0,TITANV-PAE-CONCURRENT-SEP_RW-LSRR-CAP_2026487_CYCLE-INTER_0:56:24_SM,commit_7b896_modified_0,162,120,150,1,120,1,1,0,803749,427778603,8268,6837,587,234,51,1,1,256,1,1,0,19124,4044300,399,120,15,88,24784251,0,9523957,0.9468,0.9880,807058,152824,46244,[0.756996 0.757472 0.756757 0.757323 0.758149 0.755976 0.757173 0.756827 0.757507 0.758721 0.758665 0.757897 0.759489 0.756197 0.758887 0.759092 0.755861 0.756352 0.756447 0.756596 0.758320 0.755448 0.756048 0.756101]
nvd_binomial-0-nvd_blackscholes-0,TITANV-PAE-CONCURRENT-SEP_RW-LSRR-CAP_6382150_CYCLE-INTER_0:40:40_SM,commit_7b896_modified_0,127,1024,1,1,128,1,1,0,2973112,6133492736,420,125,55,113,15625,1,1,128,1,1,0,184934,292000000,1290,554,159,172,47654070,0,38226135,1.0000,0.9997,3076114,2344,0,[0.811374 0.811370 0.811368 0.811359 0.811334 0.811355 0.811381 0.811347 0.811274 0.811282 0.811281 0.811270 0.811274 0.811292 0.811278 0.811289 0.811413 0.811426 0.811432 0.811428 0.811358 0.811362 0.811384 0.811381]
parb_stencil-0-rod_pathfinder-0,TITANV-PAE-CONCURRENT-SEP_RW-LSRR-CAP_1090130_CYCLE-INTER_0:40:40_SM,commit_7b896_modified_0,158,8,128,1,32,4,1,0,509371,644994210,804,349,26,189,463,1,1,256,1,1,0,70924,126061000,629,78,46,121,4494650,0,6269728,0.9980,0.8218,557674,1036,0,[0.688271 0.688828 0.686805 0.686418 0.691582 0.691268 0.689562 0.687977 0.694673 0.692676 0.691691 0.692038 0.695136 0.696055 0.693367 0.694817 0.681142 0.681484 0.682200 0.682124 0.684271 0.684532 0.682575 0.682666]
rod_heartwall-0-rod_hotspot-0,TITANV-PAE-CONCURRENT-SEP_RW-LSRR-CAP_50927_CYCLE-INTER_0:16:64_SM,commit_7b896_modified_0,102,51,1,1,256,1,1,0,12466,4044300,277,140,13,11,43,43,1,16,1,1,0,24837,89989280,498,316,24,9,1926,0,356308,0.8638,0.4391,28983,0,0,[0.112621 0.110380 0.111842 0.111501 0.114472 0.113254 0.109650 0.108773 0.153247 0.150080 0.154513 0.152906 0.148473 0.147060 0.153490 0.151103 0.110916 0.110088 0.113595 0.114375 0.116664 0.111403 0.113449 0.115495]
parb_spmv-0-rod_streamcluster-0,TITANV-PAE-CONCURRENT-SEP_RW-LSRR-CAP_387200_CYCLE-INTER_0:32:48_SM,commit_7b896_modified_0,99,1147,1,1,128,1,1,0,147537,52720795,910,254,10,109,128,1,1,512,1,1,0,277239,133834562,980,308,9,95,5297697,0,6691484,0.6365,0.9294,288194,8014,129731,[0.872306 0.872742 0.872840 0.872610 0.872179 0.872257 0.872321 0.872581 0.873898 0.873134 0.873350 0.872865 0.873502 0.874099 0.873075 0.872982 0.872551 0.872145 0.872208 0.871959 0.872297 0.872561 0.872194 0.872052]
rod_lavamd-0-rod_streamcluster-0,TITANV-PAE-CONCURRENT-SEP_RW-LSRR-CAP_23962027_CYCLE-INTER_0:32:48_SM,commit_7b896_modified_0,115,1000,1,1,128,1,1,0,9840173,13474724576,1109,803,33,149,128,1,1,512,1,1,0,161920,133834562,549,157,27,61,25683950,0,138153008,0.7867,0.9668,9942798,86422,3601012,[0.810467 0.810109 0.810293 0.810260 0.810120 0.809816 0.810257 0.810255 0.810410 0.810424 0.810044 0.810225 0.810448 0.809829 0.809938 0.810063 0.809974 0.809789 0.810010 0.810571 0.810669 0.809876 0.810239 0.809818]
cut_wmma-0-rod_pathfinder-0,TITANV-PAE-CONCURRENT-SEP_RW-LSRR-CAP_159797_CYCLE-INTER_0:32:48_SM,commit_7b896_modified_0,138,16,8,1,64,1,1,0,69473,36372480,572,298,98,35,463,1,1,256,1,1,0,56623,126061000,403,72,65,14,81229,0,1397268,0.9935,0.6464,102379,0,283471,[0.366723 0.366612 0.367247 0.367164 0.366654 0.366640 0.367192 0.367109 0.362834 0.363041 0.364075 0.363923 0.362793 0.362931 0.363937 0.364034 0.366419 0.366406 0.367316 0.367205 0.366599 0.366571 0.367109 0.367178]
nvd_interval-0-nvd_sobol-0,TITANV-PAE-CONCURRENT-SEP_RW-LSRR-CAP_467915_CYCLE-INTER_0:32:48_SM,commit_7b896_modified_0,169,1024,1,1,64,1,1,0,77665,97138283,233,84,10,70,512,100,1,64,1,1,0,192139,690560000,201,64,9,16,12032,0,2297294,0.6752,0.9684,221596,0,10138,[0.357126 0.356974 0.357318 0.357197 0.356566 0.356923 0.357082 0.356566 0.356954 0.356540 0.356821 0.356744 0.357139 0.356706 0.356795 0.356719 0.357050 0.356719 0.356916 0.356668 0.357076 0.356591 0.357203 0.356935]
rod_heartwall-0-rod_pathfinder-0,TITANV-PAE-CONCURRENT-SEP_RW-LSRR-CAP_101310_CYCLE-INTER_0:24:56_SM,commit_7b896_modified_0,105,51,1,1,256,1,1,0,11410,4044300,208,69,13,16,463,1,1,256,1,1,0,46905,126061000,342,72,15,23,3479,0,571327,0.9063,0.6861,48846,0,493,[0.353478 0.348652 0.350299 0.351513 0.348045 0.348334 0.349866 0.346773 0.362698 0.362409 0.364837 0.363508 0.365097 0.360560 0.367236 0.364259 0.348131 0.348825 0.352438 0.351455 0.355155 0.349143 0.347264 0.350790]
cut_sgemm-1-rod_pathfinder-0,TITANV-PAE-CONCURRENT-SEP_RW-LSRR-CAP_3362722_CYCLE-INTER_0:64:16_SM,commit_7b896_modified_0,123,32,16,1,256,1,1,0,1460642,6580076544,1040,829,56,45,463,1,1,256,1,1,0,116196,126061000,301,43,17,10,113590,0,11449104,0.9994,0.5086,1546109,0,109819,[0.229450 0.229461 0.229447 0.229442 0.229452 0.229462 0.229454 0.229491 0.228707 0.228735 0.228723 0.228700 0.228608 0.228665 0.228695 0.228641 0.229439 0.229420 0.229395 0.229449 0.229412 0.229390 0.229409 0.229420]
nvd_binomial-0-nvd_interval-0,TITANV-PAE-CONCURRENT-SEP_RW-LSRR-CAP_5471860_CYCLE-INTER_0:48:32_SM,commit_5c787_modified_0,180,1024,1,1,128,1,1,0,2653928,6133492736,197,22,8,10,1024,1,1,64,1,1,0,79735,97138283,235,100,8,3,10375,0,17810331,0.3102,0.8241,2674550,0,0,[0.002086 0.000509 0.002025 0.000564 0.002022 0.000697 0.002043 0.000706 0.003285 0.000896 0.003151 0.000761 0.003004 0.001101 0.003353 0.000868 0.001273 0.000406 0.001409 0.000444 0.001583 0.000471 0.001178 0.000575]
rod_hotspot-0-rod_lavamd-0,TITANV-PAE-CONCURRENT-SEP_RW-LSRR-CAP_16459942_CYCLE-INTER_0:32:48_SM,commit_7b896_modified_0,110,43,43,1,16,16,1,0,41958,89989280,316,117,27,12,1000,1,1,128,1,1,0,6702531,13474724576,1091,892,33,38,39095,0,62282936,0.9457,0.3680,6719100,901,196,[0.104431 0.104464 0.104377 0.104945 0.104612 0.104682 0.105216 0.104303 0.143682 0.143726 0.143930 0.144090 0.144490 0.144795 0.144621 0.144339 0.103958 0.103881 0.103662 0.103994 0.104346 0.104268 0.104553 0.104375]
parb_spmv-0-rod_hotspot3d-0,TITANV-PAE-CONCURRENT-SEP_RW-LSRR-CAP_233115_CYCLE-INTER_0:48:32_SM,commit_7b896_modified_0,98,1147,1,1,128,1,1,0,139191,52720795,1218,440,13,130,8,128,1,64,4,1,0,133166,83099648,921,309,15,164,2913956,0,5508928,0.5447,0.8387,215194,404,10751,[0.688222 0.688688 0.688635 0.688635 0.688616 0.688222 0.687887 0.688465 0.688898 0.689259 0.689049 0.688970 0.688996 0.689147 0.688996 0.689528 0.688215 0.688222 0.688583 0.688111 0.688445 0.688530 0.688491 0.688458]
nvd_blackscholes-0-rod_heartwall-0,TITANV-PAE-CONCURRENT-SEP_RW-LSRR-CAP_457290_CYCLE-INTER_0:48:32_SM,commit_7b896_modified_0,135,15625,1,1,128,1,1,0,181150,292000000,1485,680,94,174,51,1,1,256,1,1,0,12001,4044300,189,38,12,17,4220891,0,2578485,0.9272,0.9759,181833,411,15251,[0.780501 0.777784 0.777528 0.779608 0.780921 0.777349 0.778149 0.778545 0.782326 0.779212 0.781565 0.777473 0.779934 0.777155 0.781487 0.779639 0.779438 0.777543 0.780144 0.776433 0.780121 0.778164 0.780641 0.777629]
parb_stencil-0-rod_streamcluster-0,TITANV-PAE-CONCURRENT-SEP_RW-LSRR-CAP_1306897_CYCLE-INTER_0:32:48_SM,commit_7b896_modified_0,157,8,128,1,32,4,1,0,831316,644994210,1034,477,11,201,128,1,1,512,1,1,0,329963,133834562,1156,340,12,137,13274469,0,9604472,0.8618,0.9087,881731,32123,291526,[0.765777 0.765782 0.763902 0.764354 0.759736 0.760029 0.760700 0.761055 0.769125 0.769368 0.766976 0.767021 0.763649 0.764310 0.764962 0.764005 0.764322 0.765234 0.763728 0.761734 0.760176 0.758710 0.759155 0.760417]
cut_sgemm-1-nvd_sobol-0,TITANV-PAE-CONCURRENT-SEP_RW-LSRR-CAP_3362722_CYCLE-INTER_0:64:16_SM,commit_7b896_modified_0,129,32,16,1,256,1,1,0,1465011,6580076544,1000,764,69,71,512,100,1,64,1,1,0,590577,690560000,288,137,24,34,452642,0,10619210,0.9702,0.5192,1709276,0,283062,[0.200692 0.200691 0.200690 0.200698 0.200691 0.200696 0.200684 0.200687 0.200691 0.200668 0.200689 0.200674 0.200692 0.200681 0.200701 0.200691 0.200724 0.200707 0.200726 0.200708 0.200707 0.200705 0.200723 0.200709]
cut_wmma-0-rod_streamcluster-0,TITANV-PAE-CONCURRENT-SEP_RW-LSRR-CAP_387200_CYCLE-INTER_0:32:48_SM,commit_7b896_modified_0,137,16,8,1,64,1,1,0,80037,36372480,595,316,53,139,128,1,1,512,1,1,0,207466,133834562,685,197,47,75,1853570,0,4853281,0.8162,0.6849,238987,889,1989232,[0.653909 0.653667 0.654281 0.654441 0.654127 0.653974 0.653927 0.653956 0.652556 0.652284 0.652237 0.652769 0.652627 0.652154 0.652296 0.652798 0.653761 0.654275 0.653702 0.654062 0.653803 0.653549 0.654411 0.653927]
cut_wmma-0-nvd_blackscholes-0,TITANV-PAE-CONCURRENT-SEP_RW-LSRR-CAP_454792_CYCLE-INTER_0:40:40_SM,commit_7b896_modified_0,141,16,8,1,64,1,1,0,92808,36372480,770,369,125,126,15625,1,1,128,1,1,0,225895,292000000,1728,1129,103,151,3687552,0,5148901,0.9683,0.6573,261827,17,2520683,[0.633373 0.633395 0.633470 0.633589 0.633211 0.633211 0.633772 0.633761 0.633330 0.633082 0.633265 0.633416 0.633006 0.633136 0.633513 0.633384 0.633438 0.633254 0.633459 0.633621 0.633524 0.633287 0.633653 0.633697]
parb_spmv-0-rod_pathfinder-0,TITANV-PAE-CONCURRENT-SEP_RW-LSRR-CAP_233115_CYCLE-INTER_0:48:32_SM,commit_7b896_modified_0,100,1147,1,1,128,1,1,0,95602,52720795,812,207,18,98,463,1,1,256,1,1,0,72737,126061000,718,123,16,100,1265601,0,3026124,0.6532,0.8777,132075,127,6896,[0.676526 0.676312 0.676836 0.676868 0.676761 0.676494 0.676675 0.677349 0.679305 0.678931 0.678450 0.678952 0.678941 0.678856 0.679348 0.679027 0.675852 0.676098 0.675638 0.676290 0.676130 0.676152 0.676643 0.676376]
cut_wmma-0-nvd_sobol-0,TITANV-PAE-CONCURRENT-SEP_RW-LSRR-CAP_467915_CYCLE-INTER_0:32:48_SM,commit_7b896_modified_0,144,16,8,1,64,1,1,0,67306,36372480,487,236,96,38,512,100,1,64,1,1,0,195866,690560000,332,93,83,32,699150,0,4047220,0.8490,0.5891,213776,0,1153942,[0.417331 0.417265 0.416658 0.416803 0.417358 0.417305 0.416724 0.416737 0.416526 0.416592 0.416235 0.415931 0.416631 0.416645 0.416248 0.416077 0.417715 0.417563 0.417094 0.416922 0.417569 0.417556 0.417014 0.416922]
cut_wmma-0-rod_lavamd-0,TITANV-PAE-CONCURRENT-SEP_RW-LSRR-CAP_16459942_CYCLE-INTER_0:32:48_SM,commit_7b896_modified_0,139,16,8,1,64,1,1,0,68369,36372480,516,219,140,13,1000,1,1,128,1,1,0,6836862,13474724576,1376,1109,95,39,878182,0,135042817,0.8866,0.3411,6864025,0,8786143,[0.117583 0.116914 0.117115 0.117610 0.117181 0.117389 0.117310 0.116952 0.143019 0.142916 0.143053 0.143010 0.143197 0.143102 0.143230 0.143295 0.117320 0.116632 0.116719 0.117061 0.116857 0.117381 0.117157 0.117077]
cut_wmma-0-parb_lbm-0,TITANV-PAE-CONCURRENT-SEP_RW-LSRR-CAP_2032177_CYCLE-INTER_0:40:40_SM,commit_7b896_modified_0,132,16,8,1,64,1,1,0,157175,36372480,1576,716,491,153,120,150,1,120,1,1,0,1012267,427778603,5708,4555,565,211,25117709,0,18591166,0.9787,0.7056,1043952,9536,12942734,[0.687934 0.688018 0.688080 0.688114 0.688061 0.688007 0.687957 0.688558 0.687986 0.688084 0.688041 0.687973 0.688003 0.688011 0.688040 0.687999 0.687846 0.687871 0.688317 0.687919 0.687960 0.687955 0.687872 0.687783]
parb_spmv-0-rod_lavamd-0,TITANV-PAE-CONCURRENT-SEP_RW-LSRR-CAP_23962027_CYCLE-INTER_0:48:32_SM,commit_7b896_modified_0,101,1147,1,1,128,1,1,0,79230,52720795,668,246,55,73,1000,1,1,128,1,1,0,9779032,13474724576,1189,859,44,161,50823532,0,264016010,0.5648,0.8791,9785692,8205,2936098,[0.767913 0.767261 0.766609 0.766993 0.767865 0.767617 0.766812 0.766407 0.769625 0.769245 0.769208 0.768886 0.769066 0.768599 0.768610 0.768728 0.767639 0.767366 0.766496 0.767417 0.768237 0.767771 0.767548 0.767663]
parb_cutcp-0-rod_pathfinder-0,TITANV-PAE-CONCURRENT-SEP_RW-LSRR-CAP_1918187_CYCLE-INTER_0:8:72_SM,commit_7b896_modified_0,152,11,11,1,8,2,8,0,798855,469895962,276,78,14,55,463,1,1,256,1,1,0,29154,126061000,328,59,14,17,3207,0,8985482,0.9911,0.8617,800608,0,5118,[0.581685 0.581564 0.581486 0.581664 0.581652 0.581807 0.581777 0.581535 0.581761 0.581862 0.581807 0.581752 0.581523 0.581594 0.581805 0.581823 0.581918 0.582019 0.581911 0.581945 0.581962 0.582168 0.581920 0.581929]
nvd_binomial-0-parb_cutcp-0,TITANV-PAE-CONCURRENT-SEP_RW-LSRR-CAP_4113000_CYCLE-INTER_0:64:16_SM,commit_7b896_modified_0,117,1024,1,1,128,1,1,0,2094987,6133492736,205,44,7,10,11,11,1,8,2,8,0,647760,469895962,175,44,7,10,8577,0,1072350,0.5876,0.0795,2464498,0,0,[0.000023 0.000023 0.000023 0.000023 0.000023 0.000023 0.000024 0.000027 0.000023 0.000023 0.000023 0.000023 0.000027 0.000027 0.000025 0.000023 0.000027 0.000027 0.000027 0.000027 0.000027 0.000027 0.000026 0.000024]
nvd_interval-0-rod_hotspot-0,TITANV-PAE-CONCURRENT-SEP_RW-LSRR-CAP_193412_CYCLE-INTER_0:32:48_SM,commit_7b896_modified_0,164,1024,1,1,64,1,1,0,77970,97138283,229,86,15,24,43,43,1,16,1,1,0,29062,89989280,364,208,23,10,3975,0,945358,0.7708,0.4135,78980,0,0,[0.117135 0.115401 0.116617 0.114400 0.115723 0.114114 0.115401 0.114293 0.178840 0.177034 0.177696 0.175694 0.177624 0.176015 0.177946 0.176820 0.116116 0.114418 0.115812 0.113703 0.115812 0.113739 0.115937 0.114186]
nvd_sobol-0-rod_pathfinder-0,TITANV-PAE-CONCURRENT-SEP_RW-LSRR-CAP_560502_CYCLE-INTER_0:40:40_SM,commit_7b896_modified_0,178,512,100,1,64,1,1,0,226699,690560000,164,29,9,95,463,1,1,256,1,1,0,53676,126061000,346,56,14,45,21136,0,2620066,0.9563,0.9345,253475,0,17828,[0.585569 0.585541 0.585703 0.585630 0.585959 0.585753 0.585524 0.585630 0.584522 0.584511 0.584622 0.584461 0.583987 0.584199 0.584138 0.583954 0.585686 0.585597 0.585797 0.585747 0.585591 0.585831 0.585820 0.585703]
nvd_binomial-0-rod_heartwall-0,TITANV-PAE-CONCURRENT-SEP_RW-LSRR-CAP_4113000_CYCLE-INTER_0:64:16_SM,commit_7b896_modified_0,121,1024,1,1,128,1,1,0,1976975,6133492736,201,41,7,5,51,1,1,256,1,1,0,11735,4044300,237,103,9,10,7780,0,10219643,0.7863,0.2142,1979013,0,0,[0.000031 0.000033 0.000031 0.000034 0.000033 0.000031 0.000033 0.000031 0.000031 0.000033 0.000037 0.000039 0.000034 0.000031 0.000033 0.000031 0.000030 0.000029 0.000030 0.000030 0.000031 0.000029 0.000033 0.000030]
parb_stencil-0-rod_hotspot3d-0,TITANV-PAE-CONCURRENT-SEP_RW-LSRR-CAP_1090130_CYCLE-INTER_0:40:40_SM,commit_7b896_modified_0,156,8,128,1,32,4,1,0,754172,644994210,1072,484,13,205,8,128,1,64,4,1,0,137830,83099648,1078,436,19,203,11407847,0,12911620,0.6909,0.8335,807003,37392,0,[0.680738 0.681621 0.688781 0.690013 0.680396 0.679114 0.678603 0.677284 0.687126 0.686612 0.695478 0.694402 0.685279 0.685277 0.682825 0.682237 0.679634 0.678756 0.688089 0.685900 0.678635 0.678514 0.677220 0.677055]
parb_cutcp-0-rod_heartwall-0,TITANV-PAE-CONCURRENT-SEP_RW-LSRR-CAP_1571862_CYCLE-INTER_0:48:32_SM,commit_7b896_modified_0,148,11,11,1,8,2,8,0,629901,469895962,161,29,8,10,51,1,1,256,1,1,0,10509,4044300,170,37,8,10,6216,0,4023549,0.7807,0.2129,634824,0,66,[0.000449 0.000476 0.000463 0.000500 0.000385 0.000480 0.000471 0.000340 0.001027 0.001025 0.000976 0.000923 0.000874 0.000754 0.000898 0.000816 0.000454 0.000420 0.000483 0.000451 0.000589 0.000471 0.000443 0.000440]
nvd_blackscholes-0-nvd_sobol-0,TITANV-PAE-CONCURRENT-SEP_RW-LSRR-CAP_560502_CYCLE-INTER_0:40:40_SM,commit_7b896_modified_0,143,15625,1,1,128,1,1,0,279985,292000000,1917,978,22,251,512,100,1,64,1,1,0,257826,690560000,635,299,22,230,6398080,0,4440128,0.9600,0.9955,481878,8445,93514,[0.578490 0.578525 0.578396 0.578232 0.578314 0.578185 0.578338 0.578490 0.579181 0.579533 0.579463 0.578642 0.578827 0.578387 0.579041 0.579038 0.578396 0.578385 0.578326 0.578408 0.578338 0.578458 0.578549 0.578332]
parb_cutcp-0-parb_lbm-0,TITANV-PAE-CONCURRENT-SEP_RW-LSRR-CAP_2032177_CYCLE-INTER_0:40:40_SM,commit_7b896_modified_0,146,11,11,1,8,2,8,0,664835,469895962,969,142,414,237,120,150,1,120,1,1,0,819147,427778603,5770,4136,795,237,24069732,0,8868168,0.9909,0.9835,1500139,31538,66941,[0.417737 0.417831 0.417830 0.417739 0.417692 0.417828 0.417892 0.417797 0.417619 0.417868 0.417943 0.417705 0.417733 0.417898 0.417865 0.417685 0.417671 0.417812 0.417770 0.417631 0.417700 0.417816 0.417821 0.417660]
cut_sgemm-1-nvd_fdtd3d-0,TITANV-PAE-CONCURRENT-SEP_RW-LSRR-CAP_28083760_CYCLE-INTER_0:64:16_SM,commit_7b896_modified_0,127,32,16,1,256,1,1,0,1458833,6580076544,1024,800,64,53,12,24,1,32,1,1,0,9728615,3172739184,334,85,24,42,619547,0,67960282,0.9633,0.4778,9931599,0,1011552,[0.213815 0.213823 0.213823 0.213812 0.213803 0.213806 0.213796 0.213814 0.202505 0.202482 0.202510 0.202504 0.202493 0.202542 0.202500 0.202488 0.208670 0.208658 0.208681 0.208665 0.208666 0.208644 0.208674 0.208696]
parb_lbm-0-parb_stencil-0,TITANV-PAE-CONCURRENT-SEP_RW-LSRR-CAP_2032177_CYCLE-INTER_0:40:40_SM,commit_7b896_modified_0,160,120,150,1,120,1,1,0,1470676,427778603,10277,9284,90,251,8,128,1,32,4,1,0,987373,644994210,2237,1249,64,248,46460859,0,16205332,0.9979,0.9188,1667818,228540,0,[0.702086 0.701876 0.701351 0.702102 0.701539 0.701502 0.702398 0.701776 0.705834 0.706172 0.705810 0.705868 0.705358 0.705314 0.705699 0.706039 0.701472 0.701625 0.700908 0.701981 0.701112 0.701648 0.702119 0.701815]
cut_sgemm-1-nvd_blackscholes-0,TITANV-PAE-CONCURRENT-SEP_RW-LSRR-CAP_5333635_CYCLE-INTER_0:40:40_SM,commit_7b896_modified_0,126,32,16,1,256,1,1,0,2608945,6580076544,1595,1039,119,177,15625,1,1,128,1,1,0,193779,292000000,1405,761,171,163,44523682,0,37960976,0.9998,0.8869,2735778,20984,1100348,[0.816398 0.816388 0.816504 0.816512 0.816534 0.816518 0.816438 0.816444 0.816503 0.816479 0.816522 0.816512 0.816483 0.816444 0.816450 0.816444 0.816405 0.816398 0.816483 0.816471 0.816493 0.816524 0.816449 0.816449]
nvd_binomial-0-nvd_sobol-0,TITANV-PAE-CONCURRENT-SEP_RW-LSRR-CAP_7733772_CYCLE-INTER_0:32:48_SM,commit_7b896_modified_0,130,1024,1,1,128,1,1,0,4023097,6133492736,199,12,7,23,512,100,1,64,1,1,0,191441,690560000,191,54,9,8,81473,0,24493605,0.8808,0.9952,4111528,0,70792,[0.391440 0.391432 0.391436 0.391432 0.391442 0.391438 0.391449 0.391440 0.391429 0.391440 0.391436 0.391436 0.391497 0.391491 0.391499 0.391490 0.391497 0.391490 0.391486 0.391502 0.391487 0.391501 0.391494 0.391489]
parb_cutcp-0-parb_spmv-0,TITANV-PAE-CONCURRENT-SEP_RW-LSRR-CAP_1612755_CYCLE-INTER_0:16:64_SM,commit_7b896_modified_0,147,11,11,1,8,2,8,0,659408,469895962,391,96,25,122,1147,1,1,128,1,1,0,75153,52720795,767,275,30,79,8419434,0,23563187,0.5323,0.8605,717777,940,195754,[0.721762 0.722000 0.722207 0.721888 0.722132 0.721776 0.722885 0.721926 0.723855 0.724282 0.724065 0.723639 0.722710 0.723721 0.724463 0.723377 0.722051 0.721833 0.722671 0.721353 0.722112 0.722272 0.723291 0.722266]
rod_heartwall-0-rod_hotspot3d-0,TITANV-PAE-CONCURRENT-SEP_RW-LSRR-CAP_155995_CYCLE-INTER_0:24:56_SM,commit_7b896_modified_0,103,51,1,1,256,1,1,0,13106,4044300,255,66,52,82,8,128,1,64,4,1,0,66741,83099648,682,257,49,132,267002,0,1778339,0.5654,0.7882,72047,0,1162,[0.622715 0.620912 0.624576 0.621931 0.621715 0.619129 0.621480 0.619148 0.619070 0.621206 0.623165 0.620834 0.621637 0.617483 0.622009 0.621813 0.620540 0.619599 0.620461 0.617385 0.622538 0.624028 0.619246 0.618502]
nvd_binomial-0-rod_hotspot3d-0,TITANV-PAE-CONCURRENT-SEP_RW-LSRR-CAP_6382150_CYCLE-INTER_0:40:40_SM,commit_7b896_modified_0,123,1024,1,1,128,1,1,0,2954401,6133492736,232,31,39,68,8,128,1,64,4,1,0,77867,83099648,586,285,59,90,13593,0,59020957,0.5556,0.8126,2976281,0,0,[0.606847 0.606862 0.606830 0.606828 0.606813 0.606839 0.606877 0.606826 0.606611 0.606612 0.606606 0.606623 0.606625 0.606626 0.606634 0.606610 0.606196 0.606199 0.606208 0.606201 0.606192 0.606205 0.606197 0.606210]
parb_spmv-0-rod_hotspot-0,TITANV-PAE-CONCURRENT-SEP_RW-LSRR-CAP_233115_CYCLE-INTER_0:48:32_SM,commit_7b896_modified_0,97,1147,1,1,128,1,1,0,89667,52720795,765,228,26,98,43,43,1,16,1,1,0,46209,89989280,558,182,41,192,649728,0,3032977,0.6384,0.7315,123889,12,5681,[0.578321 0.578504 0.577740 0.578150 0.578082 0.578025 0.576612 0.577911 0.581216 0.581273 0.581523 0.580589 0.580942 0.581387 0.580805 0.580566 0.578150 0.578173 0.577615 0.576817 0.577888 0.577740 0.577512 0.578469]
nvd_sobol-0-rod_hotspot-0,TITANV-PAE-CONCURRENT-SEP_RW-LSRR-CAP_560502_CYCLE-INTER_0:40:40_SM,commit_7b896_modified_0,175,512,100,1,64,1,1,0,226310,690560000,174,34,14,37,43,43,1,16,1,1,0,33955,89989280,372,197,15,40,15062,0,2569464,0.9525,0.6662,245328,0,11786,[0.429558 0.429736 0.429598 0.429690 0.429506 0.429564 0.429564 0.429558 0.412766 0.412691 0.412599 0.412593 0.412150 0.412501 0.412075 0.412415 0.429431 0.429489 0.429546 0.429472 0.429080 0.428959 0.428977 0.429103]
parb_cutcp-0-rod_hotspot3d-0,TITANV-PAE-CONCURRENT-SEP_RW-LSRR-CAP_1593710_CYCLE-INTER_0:24:56_SM,commit_7b896_modified_0,150,11,11,1,8,2,8,0,652047,469895962,399,79,40,149,8,128,1,64,4,1,0,66075,83099648,683,243,41,135,7392399,0,16735798,0.5450,0.8046,707547,41,21265,[0.717035 0.716502 0.716736 0.716868 0.716582 0.716854 0.717043 0.716768 0.716969 0.717550 0.717039 0.717151 0.717029 0.717195 0.717349 0.717019 0.716566 0.716911 0.717127 0.716564 0.716786 0.716826 0.716999 0.716728]
nvd_sobol-0-rod_streamcluster-0,TITANV-PAE-CONCURRENT-SEP_RW-LSRR-CAP_699535_CYCLE-INTER_0:32:48_SM,commit_7b896_modified_0,177,512,100,1,64,1,1,0,302531,690560000,334,122,15,336,128,1,1,512,1,1,0,238275,133834562,823,124,14,142,2304416,0,4952864,0.8127,0.9717,420059,2495,226508,[0.804001 0.803500 0.803332 0.803668 0.803608 0.803792 0.803584 0.803742 0.804602 0.803782 0.804518 0.804223 0.804414 0.804418 0.804219 0.804260 0.803510 0.803839 0.803823 0.803567 0.803429 0.803826 0.803645 0.803745]
nvd_sobol-0-parb_spmv-0,TITANV-PAE-CONCURRENT-SEP_RW-LSRR-CAP_699535_CYCLE-INTER_0:32:48_SM,commit_7b896_modified_0,173,512,100,1,64,1,1,0,305598,690560000,431,168,18,336,1147,1,1,128,1,1,0,113330,52720795,975,254,17,142,4942503,0,8225434,0.6099,0.9072,342755,1875,130848,[0.713306 0.712832 0.712375 0.712857 0.712643 0.712857 0.712523 0.712972 0.714204 0.714538 0.713858 0.714150 0.714167 0.713854 0.714052 0.714060 0.712560 0.712157 0.712215 0.712803 0.713257 0.713285 0.712853 0.713528]
nvd_interval-0-rod_pathfinder-0,TITANV-PAE-CONCURRENT-SEP_RW-LSRR-CAP_193412_CYCLE-INTER_0:32:48_SM,commit_7b896_modified_0,167,1024,1,1,64,1,1,0,80350,97138283,242,101,11,90,463,1,1,256,1,1,0,50583,126061000,326,60,14,19,4626,0,1018058,0.7941,0.8809,95708,0,0,[0.387341 0.386102 0.386780 0.385984 0.386795 0.385881 0.386485 0.385482 0.386987 0.385468 0.386869 0.385763 0.386795 0.385291 0.386338 0.385320 0.386869 0.385984 0.386707 0.385895 0.387297 0.386279 0.387695 0.386235]
cut_sgemm-1-rod_hotspot-0,TITANV-PAE-CONCURRENT-SEP_RW-LSRR-CAP_5333635_CYCLE-INTER_0:40:40_SM,commit_7b896_modified_0,120,32,16,1,256,1,1,0,2500915,6580076544,995,773,54,34,43,43,1,16,1,1,0,34859,89989280,371,168,27,3,55971,0,22301115,0.9961,0.3062,2529030,0,63844,[0.154655 0.154669 0.154357 0.154435 0.154277 0.154167 0.154529 0.154487 0.213430 0.213382 0.213474 0.213421 0.213370 0.213290 0.213161 0.213087 0.154416 0.154421 0.154673 0.154631 0.154561 0.154624 0.154412 0.154547]
cut_sgemm-1-rod_streamcluster-0,TITANV-PAE-CONCURRENT-SEP_RW-LSRR-CAP_6516060_CYCLE-INTER_0:32:48_SM,commit_7b896_modified_0,122,32,16,1,256,1,1,0,2884651,6580076544,1009,683,53,126,128,1,1,512,1,1,0,166801,133834562,550,134,37,68,6520301,0,39570796,0.8067,0.8899,2994887,19401,1160981,[0.836502 0.836401 0.836198 0.836297 0.836310 0.836484 0.836242 0.836170 0.836918 0.836435 0.836836 0.836742 0.836809 0.836157 0.837027 0.837005 0.836015 0.835692 0.835428 0.836392 0.836093 0.835660 0.835823 0.835876]
cut_sgemm-1-nvd_binomial-0,TITANV-PAE-CONCURRENT-SEP_RW-LSRR-CAP_14959175_CYCLE-INTER_0:64:16_SM,commit_7b896_modified_0,125,32,16,1,256,1,1,0,1452797,6580076544,923,710,61,30,1024,1,1,128,1,1,0,6270481,6133492736,191,9,12,16,328881,0,36763801,0.9995,0.2887,7094212,0,519915,[0.091194 0.091193 0.091192 0.091194 0.091193 0.091192 0.091196 0.091194 0.091235 0.091235 0.091235 0.091236 0.091235 0.091239 0.091235 0.091235 0.091219 0.091219 0.091219 0.091219 0.091221 0.091221 0.091220 0.091219]
nvd_blackscholes-0-parb_stencil-0,TITANV-PAE-CONCURRENT-SEP_RW-LSRR-CAP_1090130_CYCLE-INTER_0:40:40_SM,commit_7b896_modified_0,132,15625,1,1,128,1,1,0,364915,292000000,2594,1825,18,207,8,128,1,32,4,1,0,830617,644994210,1406,720,16,210,19272725,0,10479304,0.9985,0.9280,933494,35834,0,[0.758831 0.758258 0.755768 0.755327 0.754073 0.753718 0.754955 0.755198 0.759501 0.759914 0.757326 0.757167 0.756178 0.756207 0.756732 0.756582 0.753459 0.754258 0.751504 0.752003 0.749891 0.750649 0.750955 0.750465]
nvd_binomial-0-rod_lavamd-0,TITANV-PAE-CONCURRENT-SEP_RW-LSRR-CAP_16459942_CYCLE-INTER_0:32:48_SM,commit_7b896_modified_0,126,1024,1,1,128,1,1,0,3925054,6133492736,197,10,10,16,1000,1,1,128,1,1,0,6634319,13474724576,811,671,14,22,10253,0,30753680,0.8736,0.0263,8128141,0,0,[0.002305 0.002186 0.002230 0.002301 0.002190 0.002329 0.002258 0.002238 0.002744 0.002758 0.002811 0.002740 0.002763 0.002791 0.002735 0.002774 0.002347 0.002311 0.002245 0.002306 0.002309 0.002324 0.002250 0.002326]
rod_hotspot3d-0-rod_streamcluster-0,TITANV-PAE-CONCURRENT-SEP_RW-LSRR-CAP_387200_CYCLE-INTER_0:32:48_SM,commit_7b896_modified_0,111,8,128,1,64,4,1,0,134855,83099648,765,213,12,164,128,1,1,512,1,1,0,285447,133834562,1004,237,35,121,4383671,0,6462992,0.6262,0.8813,359468,11679,105608,[0.753518 0.753907 0.753832 0.753522 0.753624 0.754138 0.753926 0.753812 0.754150 0.753852 0.754021 0.753974 0.753911 0.753926 0.754040 0.753954 0.753820 0.753934 0.753797 0.753604 0.753750 0.753899 0.753777 0.753695]
cut_wmma-0-rod_hotspot3d-0,TITANV-PAE-CONCURRENT-SEP_RW-LSRR-CAP_190460_CYCLE-INTER_0:40:40_SM,commit_7b896_modified_0,136,16,8,1,64,1,1,0,72570,36372480,643,331,129,91,8,128,1,64,4,1,0,96585,83099648,724,336,95,99,396424,0,3023556,0.7038,0.5109,120133,0,511921,[0.442499 0.442334 0.442522 0.442616 0.442264 0.442511 0.442334 0.442428 0.436882 0.437375 0.438926 0.437563 0.437187 0.438010 0.438386 0.438515 0.441488 0.442393 0.442992 0.442452 0.441582 0.442029 0.442123 0.442005]
parb_lbm-0-rod_pathfinder-0,TITANV-PAE-CONCURRENT-SEP_RW-LSRR-CAP_2032177_CYCLE-INTER_0:40:40_SM,commit_7b896_modified_0,93,120,150,1,120,1,1,0,1004419,427778603,6759,5455,497,223,463,1,1,256,1,1,0,124971,126061000,1238,209,303,137,30724677,0,11163278,1.0000,0.9789,1016451,197116,0,[0.758483 0.758509 0.758368 0.758416 0.758426 0.758465 0.758463 0.758544 0.759001 0.758974 0.758934 0.758976 0.759043 0.758977 0.759009 0.759029 0.758294 0.758638 0.758345 0.758443 0.758111 0.758434 0.758481 0.758666]
parb_cutcp-0-rod_streamcluster-0,TITANV-PAE-CONCURRENT-SEP_RW-LSRR-CAP_1612755_CYCLE-INTER_0:16:64_SM,commit_7b896_modified_0,151,11,11,1,8,2,8,0,656761,469895962,323,75,16,123,128,1,1,512,1,1,0,144508,133834562,478,53,23,67,1338191,0,9722842,0.7798,0.9593,766951,3747,325754,[0.876753 0.876046 0.876986 0.876421 0.876407 0.876252 0.876823 0.876813 0.877053 0.876948 0.877277 0.876635 0.876528 0.876972 0.876968 0.877001 0.876513 0.876493 0.876874 0.876394 0.876048 0.877143 0.876828 0.876210]
nvd_sobol-0-parb_lbm-0,TITANV-PAE-CONCURRENT-SEP_RW-LSRR-CAP_2032177_CYCLE-INTER_0:40:40_SM,commit_7b896_modified_0,172,512,100,1,64,1,1,0,286516,690560000,1084,470,220,227,120,150,1,120,1,1,0,1276354,427778603,9210,8015,107,327,41282526,0,15058876,0.9600,0.9979,1470449,79973,254672,[0.722668 0.722665 0.722678 0.722666 0.722647 0.722628 0.722669 0.722646 0.722724 0.722736 0.722728 0.722746 0.722731 0.722732 0.722748 0.722753 0.722768 0.722780 0.722783 0.722766 0.722773 0.722764 0.722741 0.722737]
cut_sgemm-1-rod_hotspot3d-0,TITANV-PAE-CONCURRENT-SEP_RW-LSRR-CAP_5333635_CYCLE-INTER_0:40:40_SM,commit_7b896_modified_0,121,32,16,1,256,1,1,0,2540937,6580076544,1124,824,77,115,8,128,1,64,4,1,0,83766,83099648,639,325,67,90,3170483,0,53808556,0.6141,0.7222,2551868,66,270107,[0.632237 0.632213 0.632205 0.632206 0.632265 0.632252 0.632229 0.632275 0.632030 0.632047 0.632081 0.632133 0.632178 0.632162 0.632080 0.632063 0.632479 0.632506 0.632457 0.632492 0.632507 0.632480 0.632571 0.632523]
nvd_blackscholes-0-parb_lbm-0,TITANV-PAE-CONCURRENT-SEP_RW-LSRR-CAP_2032177_CYCLE-INTER_0:40:40_SM,commit_7b896_modified_0,133,15625,1,1,128,1,1,0,372561,292000000,3016,2045,55,217,120,150,1,120,1,1,0,1634689,427778603,11550,10679,38,218,53804161,0,19449776,1.0000,0.9998,1749335,165360,0,[0.778144 0.778202 0.778170 0.778155 0.778145 0.778109 0.778140 0.778177 0.778176 0.778215 0.778185 0.778202 0.778127 0.778141 0.778147 0.778128 0.778191 0.778213 0.778157 0.778181 0.778144 0.778185 0.778156 0.778179]
nvd_sobol-0-rod_heartwall-0,TITANV-PAE-CONCURRENT-SEP_RW-LSRR-CAP_353272_CYCLE-INTER_0:64:16_SM,commit_7b896_modified_0,174,512,100,1,64,1,1,0,144862,690560000,192,56,9,17,51,1,1,256,1,1,0,12140,4044300,256,122,10,7,16371,0,1725645,0.8146,0.8867,147300,0,16110,[0.356834 0.359776 0.362268 0.368249 0.358185 0.364942 0.350729 0.361291 0.312392 0.319513 0.308673 0.327180 0.315737 0.319053 0.319561 0.321832 0.356403 0.364243 0.359134 0.360735 0.357438 0.357946 0.357917 0.360016]
nvd_binomial-0-parb_spmv-0,TITANV-PAE-CONCURRENT-SEP_RW-LSRR-CAP_7733772_CYCLE-INTER_0:32:48_SM,commit_7b896_modified_0,120,1024,1,1,128,1,1,0,4422204,6133492736,298,21,70,71,1147,1,1,128,1,1,0,79769,52720795,683,280,46,69,13883299,0,116596509,0.5331,0.8697,4483113,1995,1019902,[0.755236 0.755018 0.755577 0.755587 0.755514 0.754852 0.756139 0.756801 0.757286 0.756650 0.757161 0.757821 0.756729 0.756672 0.757373 0.757863 0.755795 0.755554 0.756032 0.757104 0.755623 0.755780 0.755976 0.756067]
nvd_blackscholes-0-rod_pathfinder-0,TITANV-PAE-CONCURRENT-SEP_RW-LSRR-CAP_454792_CYCLE-INTER_0:40:40_SM,commit_7b896_modified_0,139,15625,1,1,128,1,1,0,233501,292000000,1653,877,50,172,463,1,1,256,1,1,0,87815,126061000,982,186,58,127,5876515,0,3152162,0.9999,0.9706,248306,14129,0,[0.772866 0.772889 0.772900 0.773037 0.772718 0.772661 0.772639 0.772639 0.773156 0.772701 0.772923 0.773082 0.773037 0.773406 0.773173 0.773418 0.772957 0.772940 0.773082 0.773054 0.772951 0.773241 0.772417 0.772849]
parb_spmv-0-parb_stencil-0,TITANV-PAE-CONCURRENT-SEP_RW-LSRR-CAP_1090130_CYCLE-INTER_0:40:40_SM,commit_7b896_modified_0,95,1147,1,1,128,1,1,0,168887,52720795,1217,427,20,139,8,128,1,32,4,1,0,715650,644994210,1269,693,18,202,12863110,0,17068669,0.6877,0.8587,800104,64823,119353,[0.699111 0.699802 0.697703 0.696575 0.698050 0.699135 0.701869 0.702079 0.704545 0.706013 0.704208 0.703123 0.705660 0.704018 0.707598 0.707804 0.698190 0.696589 0.695887 0.696487 0.697394 0.697230 0.699921 0.700480]
nvd_blackscholes-0-rod_hotspot3d-0,TITANV-PAE-CONCURRENT-SEP_RW-LSRR-CAP_454792_CYCLE-INTER_0:40:40_SM,commit_7b896_modified_0,137,15625,1,1,128,1,1,0,302360,292000000,2203,1404,26,179,8,128,1,64,4,1,0,159489,83099648,1202,458,30,198,8413962,0,5256048,0.7251,0.9188,306501,452,0,[0.769692 0.769968 0.769471 0.769558 0.769434 0.769738 0.769480 0.769872 0.769890 0.770065 0.770061 0.769628 0.769973 0.769743 0.770028 0.770286 0.769701 0.769554 0.769605 0.769757 0.769466 0.769439 0.769572 0.769816]
cut_wmma-0-nvd_fdtd3d-0,TITANV-PAE-CONCURRENT-SEP_RW-LSRR-CAP_10192017_CYCLE-INTER_0:32:48_SM,commit_7b896_modified_0,142,16,8,1,64,1,1,0,67614,36372480,501,240,103,22,12,24,1,32,1,1,0,4270041,3172739184,407,105,66,59,6007757,0,81705303,0.8672,0.4930,4277877,0,15050980,[0.357726 0.357738 0.357555 0.357631 0.357278 0.357619 0.357461 0.357426 0.350688 0.350874 0.350609 0.350488 0.350704 0.350535 0.350395 0.350385 0.345257 0.345036 0.345182 0.345111 0.345368 0.345534 0.345041 0.344974]
parb_lbm-0-parb_spmv-0,TITANV-PAE-CONCURRENT-SEP_RW-LSRR-CAP_2289420_CYCLE-INTER_0:32:48_SM,commit_7b896_modified_0,161,120,150,1,120,1,1,0,1199314,427778603,8759,6565,1514,214,1147,1,1,128,1,1,0,316240,52720795,2070,661,469,163,32094326,0,21572753,0.7703,0.9629,1269876,144660,156921,[0.727427 0.727644 0.727503 0.727643 0.727390 0.727540 0.727172 0.727449 0.728077 0.728150 0.728368 0.727974 0.728142 0.727933 0.728080 0.728224 0.727478 0.727278 0.727572 0.727759 0.727344 0.727347 0.727280 0.727633]
parb_lbm-0-rod_hotspot3d-0,TITANV-PAE-CONCURRENT-SEP_RW-LSRR-CAP_2032177_CYCLE-INTER_0:40:40_SM,commit_7b896_modified_0,91,120,150,1,120,1,1,0,1215730,427778603,9889,8725,280,228,8,128,1,64,4,1,0,237637,83099648,1712,548,348,229,39863905,0,19006228,0.7526,0.9319,1276968,209126,0,[0.746790 0.747197 0.747151 0.747028 0.746976 0.747005 0.746972 0.747198 0.748235 0.748193 0.748135 0.748249 0.748291 0.748216 0.748233 0.748198 0.746992 0.747144 0.746997 0.747250 0.747003 0.747219 0.747291 0.747198]
nvd_interval-0-rod_lavamd-0,TITANV-PAE-CONCURRENT-SEP_RW-LSRR-CAP_16459942_CYCLE-INTER_0:32:48_SM,commit_7b896_modified_0,168,1024,1,1,64,1,1,0,79475,97138283,227,85,15,88,1000,1,1,128,1,1,0,6708200,13474724576,1011,815,37,34,25624,0,66105458,0.5599,0.7753,6759940,19,507,[0.063659 0.063441 0.063448 0.064459 0.063298 0.063601 0.064335 0.063270 0.082164 0.082437 0.081930 0.082666 0.082082 0.082401 0.082157 0.082388 0.063606 0.063822 0.063677 0.063868 0.063010 0.064136 0.063248 0.063952]
rod_hotspot-0-rod_pathfinder-0,TITANV-PAE-CONCURRENT-SEP_RW-LSRR-CAP_123122_CYCLE-INTER_0:40:40_SM,commit_7b896_modified_0,109,43,43,1,16,16,1,0,35134,89989280,373,156,23,39,463,1,1,256,1,1,0,59639,126061000,327,53,19,25,2456,0,720338,0.9976,0.6510,65924,0,0,[0.382110 0.382067 0.381703 0.381746 0.381125 0.381039 0.381060 0.381810 0.373758 0.373822 0.373522 0.373544 0.373008 0.372709 0.372987 0.373201 0.381660 0.381510 0.381103 0.380953 0.380996 0.381018 0.380825 0.381382]
cut_wmma-0-parb_spmv-0,TITANV-PAE-CONCURRENT-SEP_RW-LSRR-CAP_233115_CYCLE-INTER_0:32:48_SM,commit_7b896_modified_0,133,16,8,1,64,1,1,0,78787,36372480,630,335,68,118,1147,1,1,128,1,1,0,92646,52720795,788,340,63,76,545010,0,3814740,0.6738,0.6249,126319,375,735195,[0.524688 0.524956 0.524386 0.524867 0.524990 0.524264 0.525627 0.525325 0.524453 0.524699 0.524711 0.525213 0.525102 0.524107 0.524968 0.525459 0.524990 0.524532 0.525258 0.525728 0.524923 0.524901 0.524956 0.525638]
nvd_fdtd3d-0-parb_cutcp-0,TITANV-PAE-CONCURRENT-SEP_RW-LSRR-CAP_8018435_CYCLE-INTER_0:64:16_SM,commit_7b896_modified_0,144,12,24,1,32,16,1,0,2576929,3172739184,311,86,12,56,11,11,1,8,2,8,0,649632,469895962,220,48,18,40,13630,0,17744480,0.8596,0.8271,3568611,0,22013,[0.288535 0.288461 0.288568 0.288368 0.288495 0.288429 0.288499 0.288578 0.277396 0.277496 0.277276 0.277396 0.277081 0.277696 0.277625 0.277107 0.262431 0.262691 0.262515 0.262230 0.262413 0.262219 0.262537 0.262635]
nvd_binomial-0-parb_stencil-0,TITANV-PAE-CONCURRENT-SEP_RW-LSRR-CAP_6382150_CYCLE-INTER_0:40:40_SM,commit_7b896_modified_0,118,1024,1,1,128,1,1,0,2954060,6133492736,256,34,36,91,8,128,1,32,4,1,0,449630,644994210,1240,957,62,91,2125349,0,27578681,0.9965,0.7845,3089643,0,0,[0.577851 0.577476 0.577576 0.578025 0.577882 0.577716 0.577693 0.577649 0.582320 0.582323 0.582655 0.581607 0.582539 0.582401 0.582235 0.582778 0.577843 0.577598 0.577473 0.577710 0.577245 0.577907 0.578049 0.577697]
nvd_sobol-0-rod_lavamd-0,TITANV-PAE-CONCURRENT-SEP_RW-LSRR-CAP_16459942_CYCLE-INTER_0:32:48_SM,commit_7b896_modified_0,179,512,100,1,64,1,1,0,285142,690560000,189,38,9,26,1000,1,1,128,1,1,0,6699983,13474724576,840,624,19,55,881576,0,56262800,0.8747,0.9832,6709724,17,96297,[0.317714 0.317344 0.317375 0.317555 0.317414 0.317640 0.317305 0.317344 0.317305 0.317224 0.317238 0.317225 0.317055 0.317248 0.317451 0.317395 0.317681 0.317519 0.317627 0.317601 0.317410 0.317710 0.317507 0.317555]
parb_cutcp-0-rod_lavamd-0,TITANV-PAE-CONCURRENT-SEP_RW-LSRR-CAP_13130112_CYCLE-INTER_0:16:64_SM,commit_7b896_modified_0,153,11,11,1,8,2,8,0,649200,469895962,209,46,21,17,1000,1,1,128,1,1,0,5801488,13474724576,1240,1055,48,30,9930,0,31317666,0.8741,0.2150,6902110,0,22378,[0.012973 0.011943 0.012226 0.012026 0.011603 0.012770 0.012240 0.012164 0.021765 0.020587 0.021213 0.021087 0.019888 0.021139 0.020821 0.020288 0.012224 0.011486 0.011924 0.011763 0.011629 0.012302 0.011897 0.011721]
parb_cutcp-0-parb_stencil-0,TITANV-PAE-CONCURRENT-SEP_RW-LSRR-CAP_1576027_CYCLE-INTER_0:32:48_SM,commit_7b896_modified_0,145,11,11,1,8,2,8,0,638304,469895962,337,45,42,155,8,128,1,32,4,1,0,449777,644994210,863,469,36,157,2840426,0,7940330,0.9932,0.7883,880791,1658,26213,[0.584698 0.585604 0.583844 0.583206 0.582791 0.583108 0.583276 0.583473 0.593246 0.593009 0.591193 0.591771 0.590699 0.591230 0.591954 0.592268 0.582754 0.582975 0.581736 0.582166 0.580404 0.580144 0.581717 0.581185]
parb_stencil-0-rod_hotspot-0,TITANV-PAE-CONCURRENT-SEP_RW-LSRR-CAP_1090130_CYCLE-INTER_0:40:40_SM,commit_7b896_modified_0,155,8,128,1,32,4,1,0,489186,644994210,935,506,33,195,43,43,1,16,1,1,0,36832,89989280,506,229,53,83,2362267,0,6380844,0.9976,0.6955,512615,289,0,[0.651514 0.651784 0.652285 0.652786 0.654015 0.652489 0.652213 0.653100 0.659641 0.658661 0.658727 0.659112 0.660010 0.659842 0.659726 0.659498 0.652453 0.651908 0.652076 0.651872 0.652406 0.653062 0.652442 0.652062]
nvd_blackscholes-0-rod_streamcluster-0,TITANV-PAE-CONCURRENT-SEP_RW-LSRR-CAP_519330_CYCLE-INTER_0:32:48_SM,commit_7b896_modified_0,138,15625,1,1,128,1,1,0,337865,292000000,1719,979,19,178,128,1,1,512,1,1,0,353747,133834562,1259,338,20,134,8991353,0,6109924,0.9162,0.9889,519330,15932,106365,[0.787454 0.787476 0.787402 0.787375 0.787560 0.787457 0.787541 0.787443 0.787421 0.787386 0.787511 0.787438 0.787364 0.787253 0.787405 0.787253 0.787554 0.787516 0.787516 0.787503 0.787446 0.787443 0.787525 0.787351]
cut_sgemm-1-cut_wmma-0,TITANV-PAE-CONCURRENT-SEP_RW-LSRR-CAP_4547445_CYCLE-INTER_0:48:32_SM,commit_7b896_modified_0,114,32,16,1,256,1,1,0,2166491,6580076544,991,714,107,45,16,8,1,64,1,1,0,67369,36372480,505,237,113,11,688176,0,40435205,0.9141,0.2820,2190647,0,3341510,[0.166188 0.166232 0.165616 0.165376 0.166150 0.166243 0.166317 0.166116 0.180477 0.180526 0.180521 0.180421 0.180405 0.180472 0.180694 0.180637 0.166704 0.166686 0.165797 0.165552 0.165511 0.165725 0.165739 0.165641]
nvd_blackscholes-0-nvd_interval-0,TITANV-PAE-CONCURRENT-SEP_RW-LSRR-CAP_454792_CYCLE-INTER_0:40:40_SM,commit_5c787_modified_0,181,15625,1,1,128,1,1,0,204835,292000000,1410,639,73,187,1024,1,1,64,1,1,0,79923,97138283,644,281,69,252,3963429,0,3594650,0.7524,0.9865,218937,1645,0,[0.728714 0.728379 0.728611 0.728276 0.728759 0.728360 0.728411 0.727973 0.729565 0.729282 0.729888 0.729488 0.729501 0.729572 0.729933 0.728979 0.730217 0.729765 0.729262 0.729591 0.729133 0.728843 0.729520 0.729482]
cut_wmma-0-parb_stencil-0,TITANV-PAE-CONCURRENT-SEP_RW-LSRR-CAP_1090130_CYCLE-INTER_0:40:40_SM,commit_7b896_modified_0,131,16,8,1,64,1,1,0,73299,36372480,627,302,142,96,8,128,1,32,4,1,0,553176,644994210,1244,796,103,150,4983956,0,11121796,0.9647,0.5341,561032,0,4943129,[0.577616 0.578107 0.578646 0.578301 0.576640 0.577045 0.577163 0.576995 0.583648 0.583510 0.584733 0.583814 0.583477 0.583527 0.583510 0.583427 0.577131 0.576985 0.577043 0.577730 0.576955 0.574987 0.576439 0.577317]
nvd_sobol-0-rod_hotspot3d-0,TITANV-PAE-CONCURRENT-SEP_RW-LSRR-CAP_560502_CYCLE-INTER_0:40:40_SM,commit_7b896_modified_0,176,512,100,1,64,1,1,0,235977,690560000,349,118,17,204,8,128,1,64,4,1,0,101359,83099648,797,191,25,223,2556559,0,5658936,0.6255,0.8656,294488,4,62633,[0.695458 0.695458 0.695635 0.695467 0.695477 0.695247 0.695170 0.695654 0.695161 0.695391 0.695180 0.695300 0.694940 0.694863 0.695122 0.694954 0.695156 0.695151 0.695434 0.694897 0.695630 0.695937 0.695228 0.695347]
nvd_binomial-0-parb_lbm-0,TITANV-PAE-CONCURRENT-SEP_RW-LSRR-CAP_6382150_CYCLE-INTER_0:40:40_SM,commit_7b896_modified_0,119,1024,1,1,128,1,1,0,2881759,6133492736,952,171,456,60,120,150,1,120,1,1,0,812069,427778603,5937,4306,779,237,107965811,0,35672936,1.0000,0.9997,3388580,314503,0,[0.741786 0.741818 0.741817 0.741845 0.741800 0.741803 0.741796 0.741807 0.741733 0.741739 0.741740 0.741722 0.741739 0.741739 0.741697 0.741707 0.741855 0.741856 0.741839 0.741864 0.741844 0.741852 0.741851 0.741857]
nvd_blackscholes-0-parb_cutcp-0,TITANV-PAE-CONCURRENT-SEP_RW-LSRR-CAP_1570890_CYCLE-INTER_0:40:40_SM,commit_7b896_modified_0,131,15625,1,1,128,1,1,0,184760,292000000,1227,504,158,169,11,11,1,8,2,8,0,648357,469895962,483,70,123,178,9062925,0,8998298,0.9989,0.9872,722879,1099,19732,[0.807899 0.808048 0.807868 0.807618 0.807938 0.808079 0.808134 0.808134 0.807977 0.807985 0.807892 0.807759 0.807829 0.808282 0.808079 0.808235 0.808181 0.808313 0.808040 0.808110 0.808220 0.808347 0.808474 0.808239]
nvd_fdtd3d-0-rod_heartwall-0,TITANV-PAE-CONCURRENT-SEP_RW-LSRR-CAP_8018435_CYCLE-INTER_0:64:16_SM,commit_7b896_modified_0,148,12,24,1,32,16,1,0,2693790,3172739184,334,98,13,64,51,1,1,256,1,1,0,12644,4044300,240,98,14,12,12534,0,28139638,0.8226,0.7356,2695780,0,23033,[0.393207 0.393292 0.390316 0.391826 0.393530 0.390503 0.392264 0.387910 0.407173 0.408050 0.411025 0.406217 0.409819 0.402755 0.412662 0.405583 0.378623 0.378703 0.383699 0.380709 0.383077 0.383228 0.380114 0.378627]
parb_lbm-0-rod_hotspot-0,TITANV-PAE-CONCURRENT-SEP_RW-LSRR-CAP_2032177_CYCLE-INTER_0:40:40_SM,commit_7b896_modified_0,163,120,150,1,120,1,1,0,953433,427778603,6577,5328,440,231,43,43,1,16,1,1,0,39585,89989280,487,210,29,54,27249793,0,11680284,0.9996,0.8766,969967,106689,0,[0.751632 0.751629 0.751582 0.751597 0.751667 0.751522 0.751514 0.751482 0.752349 0.752362 0.752381 0.752397 0.752204 0.752177 0.752272 0.752215 0.751537 0.751621 0.751528 0.751744 0.751528 0.751627 0.751530 0.751506]
nvd_sobol-0-parb_cutcp-0,TITANV-PAE-CONCURRENT-SEP_RW-LSRR-CAP_1612755_CYCLE-INTER_0:64:16_SM,commit_7b896_modified_0,170,512,100,1,64,1,1,0,144216,690560000,183,46,8,12,11,11,1,8,2,8,0,649202,469895962,251,45,9,190,98471,0,5697386,0.8984,0.9798,708089,0,63865,[0.502246 0.502055 0.501999 0.502102 0.502278 0.502039 0.502055 0.502310 0.502629 0.502270 0.502142 0.502517 0.502709 0.502358 0.502166 0.502501 0.502413 0.502270 0.502134 0.502318 0.502405 0.502214 0.502354 0.502378]
parb_lbm-0-rod_lavamd-0,TITANV-PAE-CONCURRENT-SEP_RW-LSRR-CAP_19420377_CYCLE-INTER_0:40:40_SM,commit_7b896_modified_0,94,120,150,1,120,1,1,0,869857,427778603,7064,5378,825,238,1000,1,1,128,1,1,0,8153858,13474724576,1942,777,493,237,286918521,0,114495660,0.9772,0.9967,9022609,1164570,1890,[0.740360 0.740400 0.740347 0.740499 0.740261 0.740306 0.740559 0.740489 0.740406 0.740409 0.740401 0.740480 0.740408 0.740488 0.740459 0.740302 0.740454 0.740451 0.740277 0.740333 0.740500 0.740425 0.740420 0.740360]
cut_sgemm-1-nvd_interval-0,TITANV-PAE-CONCURRENT-SEP_RW-LSRR-CAP_4547445_CYCLE-INTER_0:48:32_SM,commit_5c787_modified_0,182,32,16,1,256,1,1,0,2149004,6580076544,952,715,69,39,1024,1,1,64,1,1,0,79779,97138283,256,109,18,17,70303,0,21461750,0.5631,0.5650,2195389,0,99705,[0.113374 0.112699 0.113590 0.112812 0.113223 0.112496 0.113540 0.112459 0.126324 0.126050 0.126490 0.126137 0.126388 0.126056 0.126331 0.125955 0.113317 0.112096 0.113124 0.112398 0.113356 0.112088 0.113288 0.112265]
rod_heartwall-0-rod_lavamd-0,TITANV-PAE-CONCURRENT-SEP_RW-LSRR-CAP_13130112_CYCLE-INTER_0:16:64_SM,commit_7b896_modified_0,106,51,1,1,256,1,1,0,14593,4044300,312,100,34,64,1000,1,1,128,1,1,0,5800877,13474724576,1382,1171,42,42,273395,0,57356237,0.8150,0.3802,5803307,2640,6125,[0.047170 0.046647 0.046738 0.046951 0.046464 0.046786 0.046355 0.046071 0.050825 0.050671 0.050680 0.050241 0.050267 0.049947 0.051018 0.050248 0.046855 0.046793 0.047597 0.047180 0.047389 0.046965 0.046964 0.046995]
parb_spmv-0-rod_heartwall-0,TITANV-PAE-CONCURRENT-SEP_RW-LSRR-CAP_210802_CYCLE-INTER_0:56:24_SM,commit_7b896_modified_0,96,1147,1,1,128,1,1,0,86094,52720795,797,217,17,101,51,1,1,256,1,1,0,14545,4044300,230,60,30,277,884379,0,2616826,0.5549,0.8270,89434,336,16571,[0.690192 0.688993 0.686562 0.690256 0.690761 0.689435 0.688630 0.687998 0.695370 0.695512 0.698085 0.696254 0.694170 0.694612 0.695560 0.694076 0.690650 0.689009 0.687035 0.689672 0.693081 0.689198 0.690003 0.688709]
cut_wmma-0-nvd_binomial-0,TITANV-PAE-CONCURRENT-SEP_RW-LSRR-CAP_5471860_CYCLE-INTER_0:32:48_SM,commit_7b896_modified_0,140,16,8,1,64,1,1,0,64804,36372480,410,214,66,7,1024,1,1,128,1,1,0,3144528,6133492736,243,19,56,9,58957,0,48696982,0.8927,0.2266,3152564,0,2414746,[0.042873 0.042911 0.042692 0.042800 0.043028 0.042845 0.042718 0.042729 0.086577 0.086256 0.085377 0.085316 0.085848 0.085663 0.084834 0.085296 0.043538 0.043128 0.042637 0.042521 0.042988 0.042911 0.042225 0.042726]
cut_sgemm-1-parb_stencil-0,TITANV-PAE-CONCURRENT-SEP_RW-LSRR-CAP_5333635_CYCLE-INTER_0:40:40_SM,commit_7b896_modified_0,116,32,16,1,256,1,1,0,2542333,6580076544,1008,668,72,152,8,128,1,32,4,1,0,490612,644994210,1245,909,73,124,5554970,0,30421239,0.9907,0.7203,2788702,232,446045,[0.624154 0.624451 0.624449 0.624210 0.624202 0.624414 0.624324 0.624146 0.630791 0.631262 0.631513 0.631327 0.631324 0.630680 0.630528 0.631051 0.624020 0.623741 0.623673 0.624376 0.623820 0.623586 0.623617 0.623362]
nvd_blackscholes-0-parb_spmv-0,TITANV-PAE-CONCURRENT-SEP_RW-LSRR-CAP_454792_CYCLE-INTER_0:40:40_SM,commit_7b896_modified_0,134,15625,1,1,128,1,1,0,331903,292000000,2587,1808,34,179,1147,1,1,128,1,1,0,173095,52720795,1456,556,22,136,9676544,0,8135951,0.7028,0.9476,341099,10454,47304,[0.769825 0.770239 0.769850 0.769937 0.770057 0.770777 0.770227 0.770040 0.771659 0.770910 0.771013 0.771435 0.771274 0.770508 0.771725 0.771555 0.769953 0.770276 0.769991 0.770343 0.769958 0.769548 0.770131 0.769614]
parb_stencil-0-rod_lavamd-0,TITANV-PAE-CONCURRENT-SEP_RW-LSRR-CAP_19420377_CYCLE-INTER_0:40:40_SM,commit_7b896_modified_0,159,8,128,1,32,4,1,0,454411,644994210,1113,768,69,127,1000,1,1,128,1,1,0,8081915,13474724576,931,618,50,157,9958024,0,103159692,0.9726,0.8070,8335902,46,1779,[0.628980 0.628846 0.628970 0.629213 0.629183 0.629129 0.629286 0.629304 0.633565 0.633501 0.633560 0.633397 0.633628 0.634019 0.633743 0.633691 0.628901 0.628981 0.628938 0.628941 0.629062 0.628923 0.628840 0.628924]
cut_wmma-0-parb_cutcp-0,TITANV-PAE-CONCURRENT-SEP_RW-LSRR-CAP_1576027_CYCLE-INTER_0:48:32_SM,commit_7b896_modified_0,130,16,8,1,64,1,1,0,57956,36372480,381,174,68,9,11,11,1,8,2,8,0,635118,469895962,224,38,49,19,153576,0,12489538,0.8610,0.2096,663835,0,1349308,[0.061231 0.061240 0.061015 0.061121 0.060891 0.060823 0.060874 0.061299 0.116113 0.116330 0.115309 0.115696 0.115117 0.115011 0.115921 0.116172 0.062120 0.062584 0.061763 0.062163 0.061959 0.061691 0.062116 0.062303]
cut_sgemm-1-rod_heartwall-0,TITANV-PAE-CONCURRENT-SEP_RW-LSRR-CAP_3362722_CYCLE-INTER_0:64:16_SM,commit_7b896_modified_0,119,32,16,1,256,1,1,0,1458182,6580076544,1051,846,54,23,51,1,1,256,1,1,0,12757,4044300,301,148,26,11,69731,0,13825172,0.8922,0.2614,1461858,0,80017,[0.079653 0.079202 0.079346 0.079835 0.079656 0.079432 0.079649 0.079629 0.079604 0.079411 0.079512 0.079634 0.079790 0.079490 0.079572 0.079426 0.079792 0.079500 0.079841 0.079547 0.079846 0.079329 0.079572 0.079197]
cut_wmma-0-rod_hotspot-0,TITANV-PAE-CONCURRENT-SEP_RW-LSRR-CAP_159797_CYCLE-INTER_0:32:48_SM,commit_7b896_modified_0,135,16,8,1,64,1,1,0,68576,36372480,545,300,96,16,43,43,1,16,1,1,0,30632,89989280,435,232,70,12,19152,0,1328533,0.9893,0.2786,81995,0,95072,[0.133488 0.133695 0.133747 0.133678 0.132834 0.133178 0.132800 0.133161 0.164962 0.165616 0.164583 0.164291 0.165134 0.165255 0.164480 0.164532 0.134039 0.133643 0.134211 0.134263 0.132404 0.132576 0.132955 0.133419]
cut_wmma-0-nvd_interval-0,TITANV-PAE-CONCURRENT-SEP_RW-LSRR-CAP_193412_CYCLE-INTER_0:48:32_SM,commit_5c787_modified_0,183,16,8,1,64,1,1,0,57855,36372480,384,160,72,14,1024,1,1,64,1,1,0,79340,97138283,315,117,54,15,122959,0,1983550,0.7475,0.3554,96860,0,537727,[0.106721 0.105832 0.107697 0.106327 0.106954 0.106939 0.108513 0.106662 0.121529 0.120917 0.121369 0.120072 0.122112 0.120932 0.121325 0.120043 0.107347 0.105176 0.106750 0.105147 0.106517 0.104826 0.107508 0.106283]
rod_heartwall-0-rod_streamcluster-0,TITANV-PAE-CONCURRENT-SEP_RW-LSRR-CAP_363495_CYCLE-INTER_0:24:56_SM,commit_7b896_modified_0,104,51,1,1,256,1,1,0,16056,4044300,258,61,13,205,128,1,1,512,1,1,0,178874,133834562,597,80,22,98,616101,0,2468151,0.7775,0.8909,180424,2495,75848,[0.787817 0.789491 0.784961 0.787629 0.792253 0.789945 0.786792 0.785790 0.784695 0.788349 0.788286 0.785681 0.784961 0.783271 0.785657 0.781103 0.790344 0.789444 0.789554 0.787128 0.794765 0.792183 0.788505 0.785720]
rod_hotspot3d-0-rod_pathfinder-0,TITANV-PAE-CONCURRENT-SEP_RW-LSRR-CAP_190460_CYCLE-INTER_0:40:40_SM,commit_7b896_modified_0,112,8,128,1,64,4,1,0,87763,83099648,602,141,32,154,463,1,1,256,1,1,0,67981,126061000,637,83,27,115,521856,0,2165720,0.6694,0.8411,121267,0,0,[0.627705 0.628311 0.628078 0.627833 0.628113 0.628148 0.628252 0.628241 0.628660 0.628218 0.628415 0.628043 0.628509 0.628450 0.629009 0.628613 0.628078 0.628078 0.628613 0.628474 0.628974 0.628741 0.628136 0.628357]
nvd_sobol-0-parb_stencil-0,TITANV-PAE-CONCURRENT-SEP_RW-LSRR-CAP_1090130_CYCLE-INTER_0:40:40_SM,commit_7b896_modified_0,171,512,100,1,64,1,1,0,238947,690560000,345,126,17,230,8,128,1,32,4,1,0,685130,644994210,872,269,14,318,3937044,0,7190104,0.9596,0.8985,690800,952,118926,[0.694758 0.694633 0.701070 0.701653 0.697277 0.697770 0.694811 0.693443 0.703429 0.702340 0.708007 0.707629 0.704146 0.704394 0.702568 0.702462 0.698638 0.699985 0.706106 0.705383 0.701745 0.700535 0.698305 0.698708]
parb_stencil-0-rod_heartwall-0,TITANV-PAE-CONCURRENT-SEP_RW-LSRR-CAP_1074375_CYCLE-INTER_0:48:32_SM,commit_7b896_modified_0,154,8,128,1,32,4,1,0,472305,644994210,885,521,29,151,51,1,1,256,1,1,0,12194,4044300,202,40,32,20,1073170,0,5393495,0.9295,0.7699,478038,1441,4061,[0.572242 0.571333 0.557314 0.559301 0.562715 0.558179 0.559886 0.558282 0.581489 0.581471 0.575216 0.569871 0.572671 0.567213 0.578837 0.571525 0.563327 0.558513 0.554992 0.555645 0.555580 0.554529 0.552798 0.549479]
parb_lbm-0-rod_streamcluster-0,TITANV-PAE-CONCURRENT-SEP_RW-LSRR-CAP_2289420_CYCLE-INTER_0:32:48_SM,commit_7b896_modified_0,92,120,150,1,120,1,1,0,1354545,427778603,6135,5081,276,223,128,1,1,512,1,1,0,498080,133834562,1729,486,191,167,41893711,0,14199944,0.9020,0.9877,1370229,402411,423242,[0.752168 0.752278 0.751973 0.752311 0.752411 0.752229 0.752110 0.752126 0.752195 0.752096 0.752213 0.752013 0.752123 0.752246 0.752315 0.752557 0.752191 0.752107 0.752104 0.752149 0.752189 0.752329 0.752116 0.752040]
rod_hotspot-0-rod_streamcluster-0,TITANV-PAE-CONCURRENT-SEP_RW-LSRR-CAP_387200_CYCLE-INTER_0:32:48_SM,commit_7b896_modified_0,108,43,43,1,16,16,1,0,49947,89989280,503,145,15,221,128,1,1,512,1,1,0,194971,133834562,652,101,17,101,967832,0,2845544,0.8316,0.8221,224470,1083,63021,[0.713124 0.712986 0.713130 0.712495 0.712583 0.712898 0.712973 0.712979 0.713703 0.713633 0.713438 0.713784 0.713413 0.713904 0.713772 0.713816 0.713074 0.712715 0.712677 0.713262 0.712942 0.712539 0.712633 0.712652]
cut_sgemm-1-parb_lbm-0,TITANV-PAE-CONCURRENT-SEP_RW-LSRR-CAP_5333635_CYCLE-INTER_0:40:40_SM,commit_7b896_modified_0,117,32,16,1,256,1,1,0,2682538,6580076544,2105,1092,402,226,120,150,1,120,1,1,0,887720,427778603,5877,4373,743,234,82018269,0,32635712,0.9959,0.8813,2754628,298165,799639,[0.749969 0.750029 0.750009 0.750002 0.749915 0.749932 0.749938 0.749982 0.750566 0.750484 0.750654 0.750699 0.750510 0.750512 0.750549 0.750461 0.750148 0.750138 0.750087 0.750155 0.750021 0.749974 0.750200 0.750233]
cut_sgemm-1-parb_cutcp-0,TITANV-PAE-CONCURRENT-SEP_RW-LSRR-CAP_3362722_CYCLE-INTER_0:64:16_SM,commit_7b896_modified_0,115,32,16,1,256,1,1,0,1455039,6580076544,930,711,66,34,11,11,1,8,2,8,0,648225,469895962,214,54,20,13,65317,0,7695456,0.9854,0.2850,1477155,0,102164,[0.084399 0.084387 0.084410 0.084395 0.084464 0.084406 0.084370 0.084395 0.084605 0.084582 0.084586 0.084621 0.084617 0.084601 0.084590 0.084563 0.084426 0.084429 0.084441 0.084445 0.084514 0.084456 0.084414 0.084439]
rod_hotspot-0-rod_hotspot3d-0,TITANV-PAE-CONCURRENT-SEP_RW-LSRR-CAP_190460_CYCLE-INTER_0:40:40_SM,commit_7b896_modified_0,107,43,43,1,16,16,1,0,37268,89989280,451,165,39,96,8,128,1,64,4,1,0,86754,83099648,675,271,44,140,213922,0,2097540,0.6550,0.6892,107350,0,0,[0.550454 0.549876 0.550560 0.549928 0.550349 0.550231 0.549573 0.550402 0.550717 0.549981 0.549784 0.550402 0.549074 0.550612 0.549521 0.550612 0.549297 0.548561 0.549034 0.549139 0.549100 0.549494 0.549455 0.550034]
nvd_interval-0-rod_hotspot3d-0,TITANV-PAE-CONCURRENT-SEP_RW-LSRR-CAP_190460_CYCLE-INTER_0:40:40_SM,commit_7b896_modified_0,165,1024,1,1,64,1,1,0,76877,97138283,302,108,40,228,8,128,1,64,4,1,0,79986,83099648,612,227,46,138,74525,0,2326804,0.5018,0.8344,142468,0,0,[0.352970 0.352851 0.353436 0.353030 0.353634 0.353208 0.352871 0.352257 0.350007 0.348680 0.349859 0.348888 0.349879 0.348739 0.349720 0.348412 0.352653 0.352663 0.353178 0.353456 0.353634 0.353149 0.352088 0.351811]
nvd_blackscholes-0-rod_hotspot-0,TITANV-PAE-CONCURRENT-SEP_RW-LSRR-CAP_454792_CYCLE-INTER_0:40:40_SM,commit_7b896_modified_0,136,15625,1,1,128,1,1,0,220015,292000000,1559,822,60,179,43,43,1,16,1,1,0,43771,89989280,807,285,77,140,4580101,0,3313880,0.9994,0.8345,248331,1808,0,[0.707170 0.706852 0.706761 0.706852 0.707057 0.707148 0.706943 0.707080 0.706898 0.706829 0.707034 0.707170 0.706898 0.707102 0.706716 0.706875 0.707352 0.707216 0.707125 0.707148 0.706898 0.707193 0.706898 0.706898]
nvd_binomial-0-rod_streamcluster-0,TITANV-PAE-CONCURRENT-SEP_RW-LSRR-CAP_7733772_CYCLE-INTER_0:32:48_SM,commit_7b896_modified_0,124,1024,1,1,128,1,1,0,4324149,6133492736,218,24,13,85,128,1,1,512,1,1,0,154650,133834562,513,126,27,64,2420643,0,53619921,0.7707,0.9667,4461923,8852,1581807,[0.844208 0.844785 0.844681 0.844499 0.844271 0.844746 0.844714 0.844442 0.844846 0.844329 0.844499 0.844529 0.844410 0.844331 0.844816 0.844566 0.844571 0.844539 0.844661 0.843905 0.844307 0.844786 0.844426 0.844002]
parb_cutcp-0-rod_hotspot-0,TITANV-PAE-CONCURRENT-SEP_RW-LSRR-CAP_1612755_CYCLE-INTER_0:16:64_SM,commit_7b896_modified_0,149,11,11,1,8,2,8,0,649739,469895962,207,62,10,15,43,43,1,16,1,1,0,24748,89989280,449,313,12,8,2528,0,6225670,0.9873,0.0418,659955,0,866,[0.015182 0.015370 0.015314 0.015539 0.014968 0.015355 0.016427 0.015047 0.024975 0.026256 0.026137 0.023572 0.023071 0.026143 0.025869 0.023219 0.015714 0.016981 0.016799 0.015096 0.014495 0.016660 0.016078 0.015426]
rod_hotspot3d-0-rod_lavamd-0,TITANV-PAE-CONCURRENT-SEP_RW-LSRR-CAP_16459942_CYCLE-INTER_0:32:48_SM,commit_7b896_modified_0,113,8,128,1,64,4,1,0,91085,83099648,485,188,61,59,1000,1,1,128,1,1,0,6730217,13474724576,1033,776,49,88,1028851,0,144009260,0.6056,0.8391,6774099,17,0,[0.577360 0.577293 0.577244 0.577444 0.577202 0.577242 0.577536 0.577476 0.577315 0.577339 0.577298 0.577411 0.577241 0.577349 0.577347 0.577090 0.577163 0.577186 0.577002 0.577129 0.577198 0.577106 0.577108 0.577089]
nvd_binomial-0-rod_hotspot-0,TITANV-PAE-CONCURRENT-SEP_RW-LSRR-CAP_6382150_CYCLE-INTER_0:40:40_SM,commit_7b896_modified_0,122,1024,1,1,128,1,1,0,2947033,6133492736,195,15,8,10,43,43,1,16,1,1,0,33142,89989280,304,169,11,6,8842,0,18973213,0.9935,0.0029,2970059,0,0,[0.000699 0.000653 0.000631 0.000650 0.000645 0.000624 0.000312 0.000314 0.000323 0.000358 0.000330 0.000325 0.000323 0.000328 0.000324 0.000319 0.000254 0.000254 0.000255 0.000254 0.000252 0.000254 0.000252 0.000243]
cut_sgemm-1-rod_lavamd-0,TITANV-PAE-CONCURRENT-SEP_RW-LSRR-CAP_16459942_CYCLE-INTER_0:32:48_SM,commit_7b896_modified_0,124,32,16,1,256,1,1,0,2842642,6580076544,812,571,68,28,1000,1,1,128,1,1,0,6826388,13474724576,1135,922,51,32,170262,0,51898593,0.9406,0.5489,8438312,486,260151,[0.101674 0.101694 0.101499 0.101715 0.101664 0.101639 0.101720 0.101645 0.100331 0.100414 0.100253 0.100415 0.100327 0.100337 0.100343 0.100239 0.101730 0.101805 0.101794 0.101839 0.101810 0.101768 0.102000 0.101825]
nvd_interval-0-rod_streamcluster-0,TITANV-PAE-CONCURRENT-SEP_RW-LSRR-CAP_387200_CYCLE-INTER_0:32:48_SM,commit_7b896_modified_0,166,1024,1,1,64,1,1,0,80290,97138283,283,94,15,494,128,1,1,512,1,1,0,185623,133834562,612,74,27,105,578014,0,3089190,0.6528,0.9611,221549,1351,70535,[0.658198 0.657306 0.657580 0.657057 0.657758 0.657554 0.657695 0.657338 0.658740 0.658147 0.658319 0.658644 0.659702 0.659020 0.659173 0.658115 0.657835 0.657726 0.657261 0.656630 0.658211 0.657720 0.656936 0.657268]
rod_pathfinder-0-rod_streamcluster-0,TITANV-PAE-CONCURRENT-SEP_RW-LSRR-CAP_387200_CYCLE-INTER_0:32:48_SM,commit_7b896_modified_0,114,463,1,1,256,1,1,0,85972,126061000,596,74,9,115,128,1,1,512,1,1,0,192116,133834562,648,97,17,92,1140379,0,2859818,0.8354,0.9454,239957,1810,63572,[0.760080 0.760233 0.760062 0.760080 0.759944 0.760409 0.760386 0.760256 0.759986 0.759756 0.760144 0.760374 0.760474 0.760039 0.760127 0.760709 0.760397 0.760874 0.760803 0.760480 0.760886 0.760698 0.760556 0.760915]
rod_lavamd-0-rod_pathfinder-0,TITANV-PAE-CONCURRENT-SEP_RW-LSRR-CAP_19420377_CYCLE-INTER_0:40:40_SM,commit_7b896_modified_0,116,1000,1,1,128,1,1,0,8073695,13474724576,819,618,21,44,463,1,1,256,1,1,0,54066,126061000,336,54,12,18,174267,0,79103936,0.9619,0.8943,8083010,17,0,[0.372944 0.373003 0.373175 0.373214 0.373098 0.373129 0.373298 0.373262 0.373734 0.373677 0.373600 0.373754 0.373818 0.373951 0.373871 0.373712 0.373026 0.372946 0.372849 0.372916 0.373070 0.372984 0.373055 0.372893]
nvd_binomial-0-rod_pathfinder-0,TITANV-PAE-CONCURRENT-SEP_RW-LSRR-CAP_6382150_CYCLE-INTER_0:40:40_SM,commit_7b896_modified_0,125,1024,1,1,128,1,1,0,2850296,6133492736,202,17,11,20,463,1,1,256,1,1,0,52981,126061000,305,50,13,10,9407,0,18020519,0.9999,0.8760,2857078,0,0,[0.328946 0.329051 0.329004 0.328970 0.329006 0.328956 0.329017 0.328995 0.330224 0.329951 0.329931 0.329949 0.330065 0.330097 0.330050 0.330150 0.329452 0.329549 0.329247 0.329391 0.329367 0.329290 0.329399 0.329424]
cut_wmma-0-rod_heartwall-0,TITANV-PAE-CONCURRENT-SEP_RW-LSRR-CAP_139407_CYCLE-INTER_0:48:32_SM,commit_7b896_modified_0,134,16,8,1,64,1,1,0,58619,36372480,414,178,85,13,51,1,1,256,1,1,0,11248,4044300,202,44,22,11,26705,0,1056452,0.8781,0.2618,62976,0,90414,[0.056940 0.059743 0.057635 0.057232 0.057389 0.058039 0.057568 0.057770 0.069203 0.071669 0.070951 0.069539 0.068754 0.071691 0.071198 0.069113 0.057254 0.060146 0.059384 0.058173 0.057591 0.059182 0.058936 0.058891]
