pair_str,config,gpusim_version,jobId,grid_x,grid_y,grid_z,block_x,block_y,block_z,ctas/SM,runtime,ipc,instructions,l2_parallelism,avg_mem_lat,avg_core_to_l2,avg_l2_to_core,avg_mrq_latency,stall_core_ldst,stall_icnt_to_l2,l2_BW,l2_rshr_entry_fail,l2_rshr_merge_fail,stall_l2_to_icnt,l1D_miss_rate,l2_miss_rate,l2_total_accesses,packet_lat_out,network_lat_out,inject_out,accepted_out,packet_lat_in,network_lat_in,inject_in,accepted_in,mem_subpartition_parallism,mem_subpartition_parallism_util,L2_reservation_fail,empty_warp,stall_warp,idle_warp,scoreboard_warp,tot_warp_insn,regs,smem,mem_count,sp_winsn,dp_winsn,int_winsn,tensor_winsn,sfu_winsn,mem_insn,sp_busy,dp_busy,int_busy,tensor_busy,sfu_busy,barrier_cycles,inst_empty_cycles,branch_cycles,scoreboard_cycles,stall_sp_cycles,stall_dp_cycles,stall_int_cycles,stall_tensor_cycles,stall_sfu_cycles,stall_mem_cycles,not_selected_cycles,cycles_per_issue,dram_eff,dram_bw,row_buffer_locality,mrqq,total_cmd,wasted_col,wasted_row,mem_idle,CCDLc,WTRc,RTWc,RCDc,RCDWRc
nvd_binomial-0,TITANV-SEP_RW-PAE,commit_85e27_modified_0,32,1024,1,1,128,1,1,13,1390286,4411.6704,6133492736,0.0046,197,64,7,8,467946,11052,0.5586,0,0,0,1.0000,0.0926,20224,5.53465,5.53311,0.000116235,9.68624e-05,5.09157,5.09157,0.000303055,0.000363666,0.0046,1.0813,6381,75394,41672047,53758052,113161355,228392960,32,516,0,168400896,0,17423360,0,66560,16799744,0.378521,0.000000,0.039163,0.000000,0.001047,1.68,0.63,0.00,4.27,0.84,0.00,0.01,0.00,0.00,0.00,3.05,11.48,[0.1429 0.1714 0.1538 0.1595 0.1605 0.1638 0.1702 0.1672 0.1639 0.1649 0.1633 0.1684 0.1693 0.1693 0.1509 0.1569 0.1846 0.1778 0.1592 0.1448 0.1633 0.1702 0.1951 0.2034],[4.062e-05 4.874e-05 4.874e-05 4.874e-05 4.874e-05 4.874e-05 4.874e-05 4.874e-05 4.062e-05 3.249e-05 3.249e-05 3.249e-05 3.249e-05 3.249e-05 3.249e-05 3.249e-05 2.437e-05 2.437e-05 3.249e-05 3.249e-05 2.437e-05 2.437e-05 2.437e-05 2.437e-05],[0.650000 0.583333 0.666667 0.750000 0.729167 0.708333 0.708333 0.604167 0.750000 0.687500 0.187500 0.562500 0.531250 0.500000 0.750000 0.625000 0.750000 0.833333 0.812500 0.687500 0.791667 0.833333 0.625000 0.500000],[0.000250816 0.000263001 0.000254877 0.000218321 0.000221368 0.000223399 0.000222383 0.000287372 0.000137085 0.000170595 0.000493508 0.000204105 0.000184812 0.000201059 0.00014724 0.000184812 9.24058e-05 5.99114e-05 0.000118807 0.000177703 5.58496e-05 6.09269e-05 9.84985e-05 0.000144194],[984787 984787 984787 984787 984787 984787 984787 984787 984787 984787 984787 984787 984787 984787 984787 984787 984787 984787 984787 984787 984787 984787 984787 984787 984787 984787 984787 984787 984787 984787 984787 984787 984787 984787 984787 984787 984787 984787 984787 984787 984787 984787 984787 984787 984787 984787 984787 984787],[75 79 81 79 80 80 79 83 61 58 64 59 60 60 57 58 39 39 55 57 39 38 40 42],[24 24 24 24 24 24 24 24 12 12 32 12 12 12 12 12 0 0 12 12 0 0 0 0],[984648 984636 984634 984636 984635 984635 984636 984632 984674 984685 984659 984684 984683 984683 984686 984685 984724 984724 984688 984686 984724 984725 984723 984721],[27 31 33 31 32 32 31 35 25 22 16 23 24 24 21 22 15 15 19 21 15 14 16 18],[0 0 0 0 0 0 0 0 0 0 0 0 0 0 0 0 0 0 0 0 0 0 0 0],[0 0 0 0 0 0 0 0 0 0 0 0 0 0 0 0 0 0 0 0 0 0 0 0],[48 48 48 48 48 48 48 48 36 36 58 36 36 36 36 36 24 24 36 36 24 24 24 24],[0 0 0 0 0 0 0 0 0 0 0 0 0 0 0 0 0 0 0 0 0 0 0 0]
rod_hotspot-0,TITANV-SEP_RW-PAE,commit_85e27_modified_0,27,43,43,1,16,16,1,8,17873,5034.3652,89989280,12.0347,387,254,11,8,222032,2100,468.6626,0,0,0,0.9933,0.1997,218160,243.808,193.526,0.300867,0.250723,10.2278,10.2278,0.254266,0.305119,12.0347,15.7863,1493,2679,1034334,300858,1094701,3145192,32,3072,170480,128140,351912,1843668,0,59168,481428,0.022402,0.184569,0.322320,0.000000,0.062064,4.30,4.48,0.02,9.78,0.01,0.12,1.66,0.00,0.03,0.83,2.73,24.97,[0.07273 -nan -nan -nan -nan -nan -nan -nan 0.1356 0.1356 0.1356 0.1356 -nan -nan 0.1356 0.1356 -nan -nan -nan -nan -nan -nan -nan -nan],[0.0003159 0 0 0 0 0 0 0 0.0006319 0.0006319 0.0006319 0.0006319 0 0 0.0006319 0.0006319 0 0 0 0 0 0 0 0],[1.000000 -nan -nan -nan -nan -nan -nan -nan 0.500000 0.500000 0.500000 0.500000 -nan -nan 0.500000 0.500000 -nan -nan -nan -nan -nan -nan -nan -nan],[0.000947792 0 0 0 0 0 0 0 0.00331727 0.00331727 0.00331727 0.00331727 0 0 0.00331727 0.00331727 0 0 0 0 0 0 0 0],[12661 12661 12661 12661 12661 12661 12661 12661 12661 12661 12661 12661 12661 12661 12661 12661 12661 12661 12661 12661 12661 12661 12661 12661 12661 12661 12661 12661 12661 12661 12661 12661 12661 12661 12661 12661 12661 12661 12661 12661 12661 12661 12661 12661 12661 12661 12661 12661],[14 0 0 0 0 0 0 0 18 18 18 18 0 0 18 18 0 0 0 0 0 0 0 0],[0 0 0 0 0 0 0 0 0 0 0 0 0 0 0 0 0 0 0 0 0 0 0 0],[12643 12661 12661 12661 12661 12661 12661 12661 12635 12635 12635 12635 12661 12661 12635 12635 12661 12661 12661 12661 12661 12661 12661 12661],[2 0 0 0 0 0 0 0 6 6 6 6 0 0 6 6 0 0 0 0 0 0 0 0],[0 0 0 0 0 0 0 0 0 0 0 0 0 0 0 0 0 0 0 0 0 0 0 0],[0 0 0 0 0 0 0 0 0 0 0 0 0 0 0 0 0 0 0 0 0 0 0 0],[12 0 0 0 0 0 0 0 12 12 12 12 0 0 12 12 0 0 0 0 0 0 0 0],[0 0 0 0 0 0 0 0 0 0 0 0 0 0 0 0 0 0 0 0 0 0 0 0]
parb_spmv-0,TITANV-SEP_RW-PAE,commit_85e27_modified_0,25,1147,1,1,128,1,1,15,74527,707.3864,52720795,15.2170,805,248,14,81,2688849,1035856,586.6139,0,0,0,0.5342,0.8582,1138535,86.6544,61.913,0.380425,0.317021,12.3823,12.3823,0.318258,0.38191,15.2170,16.0464,1624,184173,1007468,272122,19712906,1680259,30,0,1108657,113677,0,1001071,0,0,495991,0.004766,0.000000,0.041975,0.000000,0.000000,1.25,9.06,0.02,126.62,0.00,0.00,4.00,0.00,0.00,1.88,0.94,144.77,[0.8422 0.8421 0.8378 0.8396 0.8399 0.8396 0.8422 0.845 0.8395 0.84 0.8362 0.8441 0.8431 0.8394 0.84 0.8446 0.8427 0.8425 0.8407 0.8386 0.8365 0.8424 0.8397 0.8386],[0.7616 0.7625 0.7613 0.7624 0.7611 0.7612 0.7614 0.7623 0.7649 0.7639 0.7632 0.7638 0.7633 0.7639 0.7634 0.7636 0.7612 0.7606 0.7604 0.7602 0.7613 0.7614 0.7613 0.7611],[0.174087 0.177445 0.177289 0.171227 0.175913 0.173613 0.176014 0.172577 0.168977 0.170665 0.168501 0.173447 0.171400 0.173174 0.170721 0.168279 0.173407 0.174657 0.173999 0.176491 0.175845 0.179572 0.176618 0.174788],[40.5089 41.7855 41.6405 41.1434 40.7046 40.9506 41.8794 41.7017 40.8082 41.4385 41.6625 41.0436 40.091 39.2677 42.0633 41.4039 38.674 39.891 41.4994 42.3051 40.0605 40.19 42.2771 41.1747],[52791 52791 52791 52791 52791 52791 52791 52791 52791 52791 52791 52791 52791 52791 52791 52791 52791 52791 52791 52791 52791 52791 52791 52791 52791 52791 52791 52791 52791 52791 52791 52791 52791 52791 52791 52791 52791 52791 52791 52791 52791 52791 52791 52791 52791 52791 52791 52791],[5031 5158 5245 5041 5081 5142 4971 5007 5461 5279 5552 5533 5203 5334 5244 5233 5167 5170 4995 5152 5377 5122 5261 5080],[978 756 919 778 788 814 912 820 907 1028 961 705 1051 891 999 895 904 911 834 745 843 785 888 849],[6576 6623 6435 6722 6744 6649 6714 6721 6045 6156 5989 6231 6244 6239 6246 6351 6535 6557 6818 6763 6383 6688 6454 6685],[3722 4096 3938 3792 3871 3770 3769 3484 3689 3685 3891 3898 3651 3830 3666 3608 3836 3985 3711 3882 3951 3828 3978 3805],[924 966 795 713 714 881 655 628 750 617 619 693 722 653 954 826 660 626 524 709 853 527 844 686],[3684 3813 3732 4403 3795 3948 4250 4288 4326 4310 4697 4498 3057 3577 3870 3802 4087 3680 3833 4287 3667 3816 3653 3430],[4294 4494 4310 4143 4464 4501 4262 4266 4574 4446 4582 4785 4252 4612 4486 4309 4345 4340 4400 4681 4394 4422 4241 4534],[177 195 244 195 169 203 260 171 352 410 349 352 315 371 311 353 203 247 220 252 265 209 251 189]
rod_hotspot3d-0,TITANV-SEP_RW-PAE,commit_85e27_modified_0,28,8,128,1,64,4,1,8,57938,1434.2362,83099648,16.8025,791,245,25,152,1544680,862837,646.7530,0,0,0,0.5410,0.8046,975856,90.7597,84.1568,0.420062,0.350052,24.2618,24.2618,0.350886,0.421063,16.8025,17.3418,1296,111464,487314,375699,14695407,2605056,32,0,710512,655360,0,1302528,0,0,573440,0.035347,0.000000,0.070252,0.000000,0.000000,0.68,5.03,0.02,78.09,0.02,0.00,0.58,0.00,0.00,0.80,0.87,87.10,[0.7945 0.7888 0.7908 0.791 0.792 0.7894 0.7961 0.7993 0.79 0.7909 0.7945 0.7912 0.791 0.7928 0.796 0.7923 0.7916 0.7861 0.7887 0.7841 0.789 0.7868 0.7911 0.7947],[0.7404 0.7405 0.7398 0.739 0.7398 0.7397 0.7395 0.7412 0.7397 0.7402 0.7411 0.74 0.7391 0.7401 0.7393 0.7394 0.7416 0.7413 0.7417 0.741 0.742 0.7424 0.7406 0.7434],[0.121374 0.126586 0.125867 0.127862 0.132075 0.116859 0.114851 0.119466 0.122532 0.127992 0.125152 0.128154 0.125356 0.125507 0.123237 0.117044 0.122789 0.125240 0.127581 0.125443 0.119937 0.114488 0.117581 0.120838],[50.8959 51.3423 51.0573 50.7043 51.2901 51.6028 51.8346 50.9989 45.0171 47.1971 45.7719 46.1133 47.2906 48.2532 50.2735 45.6676 52.043 53.0231 52.6092 52.3166 50.9691 52.9564 52.9757 51.336],[41041 41041 41041 41041 41041 41041 41041 41041 41041 41041 41041 41041 41041 41041 41041 41041 41041 41041 41041 41041 41041 41041 41041 41041 41041 41041 41041 41041 41041 41041 41041 41041 41041 41041 41041 41041 41041 41041 41041 41041 41041 41041 41041 41041 41041 41041 41041 41041],[7488 7552 7527 7598 7598 7667 7445 7341 7512 7517 7373 7449 7404 7402 7276 7393 7679 7972 7842 7839 7655 7821 7717 7416],[153 214 281 203 176 173 102 114 292 223 223 231 264 211 196 233 124 103 124 166 188 175 121 160],[3012 2883 2869 2912 2903 2841 3145 3165 2877 2921 3029 2989 3040 3052 3228 3071 2802 2542 2635 2623 2744 2577 2808 2956],[4688 4867 4547 4806 4827 4768 4688 4702 4484 4488 4746 4662 4473 4598 4686 4605 5039 5112 4978 5120 4744 4910 4978 4494],[6538 6158 5849 7014 6291 6376 6492 7090 6727 7023 7404 6356 6993 7237 6407 7107 7310 7057 6505 6773 6536 7192 6281 6242],[33421 34802 33384 32986 34375 35544 32673 33535 34144 34916 33383 35762 34693 34783 36426 32925 34131 33869 34464 32668 32061 33703 35014 31851],[7099 7116 7061 7138 7351 7448 7197 6991 6970 7079 7028 6988 6955 6859 7078 7000 7407 7790 7645 7452 7492 7460 7659 7228],[2727 2707 2700 2714 2685 2644 2581 2611 2602 2645 2498 2289 2672 2399 2432 2417 2715 2763 2748 2699 2595 2854 2640 2731]
nvd_sobol-0,TITANV-SEP_RW-PAE,commit_85e27_modified_0,36,512,100,1,64,1,1,32,113906,6062.4365,690560000,11.2618,168,33,7,6,1136548,5242,433.2874,0,4628,0,0.9019,0.9729,1285284,24.2605,20.727,0.281544,0.23462,5.88678,5.88678,0.235073,0.282088,11.2618,11.5943,5871,42296,10859872,476171,2456261,22552800,23,128,31924,625000,0,17611100,0,0,2570600,0.017147,0.000000,0.483150,0.000000,0.000000,0.61,1.01,0.03,7.21,0.00,0.00,6.27,0.00,0.00,0.04,7.74,23.91,[0.6523 0.6522 0.6532 0.6538 0.6532 0.6532 0.6531 0.6531 0.645 0.6464 0.6459 0.6454 0.6441 0.6454 0.6453 0.6449 0.6533 0.654 0.6536 0.6515 0.6524 0.6519 0.6516 0.6527],[0.5695 0.5695 0.5695 0.5695 0.5696 0.5696 0.5696 0.5695 0.5697 0.5697 0.5697 0.5697 0.5694 0.5696 0.5696 0.5695 0.5695 0.5695 0.5695 0.5695 0.5695 0.5695 0.5695 0.5695],[0.754912 0.760435 0.761043 0.758174 0.760688 0.757299 0.759559 0.759739 0.610305 0.601964 0.609500 0.611791 0.610681 0.606503 0.608359 0.604053 0.762812 0.757439 0.764312 0.767183 0.761702 0.759680 0.762659 0.762659],[0.00783293 0.0126665 0.0171903 0.0108942 0.00977877 0.0137448 0.00954329 0.00664312 0.0103241 0.00581273 0.0182934 0.00847741 0.0152073 0.0120716 0.00731239 0.00644482 0.0076842 0.0020326 0.00381731 0.0040528 0.00509388 0.00521782 0.00267708 0.010981],[80685 80685 80685 80685 80685 80685 80685 80685 80685 80685 80685 80685 80685 80685 80685 80685 80685 80685 80685 80685 80685 80685 80685 80685 80685 80685 80685 80685 80685 80685 80685 80685 80685 80685 80685 80685 80685 80685 80685 80685 80685 80685 80685 80685 80685 80685 80685 80685],[15937 15712 16037 15651 15879 16047 15788 16061 17684 18065 17981 17711 17960 17869 17811 18082 16000 15972 15760 15711 15551 15626 15876 15635],[4692 4938 4565 5085 4795 4581 4744 4640 4765 4400 4542 4946 4703 4637 4845 4818 4656 4656 4528 5080 4852 5055 4820 4861],[14102 14083 14131 13997 14051 14097 14197 14036 12272 12257 12198 12060 12083 12222 12069 11837 14081 14105 14445 13942 14330 14056 14037 14240],[14151 13858 13970 13483 13895 13723 13526 13972 14169 14648 14497 14054 14633 14218 14177 14656 13895 13845 14084 13794 13901 13363 14356 13657],[49 56 129 58 62 83 47 30 43 39 83 56 58 54 43 49 39 20 24 18 17 26 17 44],[113 88 93 80 142 68 93 87 120 66 137 153 121 91 125 59 87 73 55 50 58 56 59 40],[23 20 20 8 26 33 22 10 26 37 40 46 18 21 24 19 11 13 11 2 0 10 15 8],[8623 8490 8582 8633 8606 8754 8709 8591 13840 14199 13976 13835 13829 13919 13928 13943 8716 8967 8550 8325 8508 8615 8462 8466]
cut_sgemm-0,TITANV-SEP_RW-PAE,commit_df238_modified_15,204,16,8,1,256,1,1,2,88621,2577.1296,228392960,5.5067,284,127,20,15,533596,34294,227.7820,0,16798,0,0.9414,0.5388,525696,113.017,70.9943,0.137666,0.114722,19.6215,19.6215,0.12358,0.148296,5.5067,10.2766,36999,2308,2653504,14826231,3396481,7274496,122,16400,212992,4260864,0,2191360,0,0,559104,0.150245,0.000000,0.077271,0.000000,0.000000,0,0,0,0,0,0,0,0,0,0,0,0,[0.4811 0.4812 0.4727 0.466 0.4699 0.4744 0.482 0.4757 0.4577 0.457 0.4605 0.4523 0.4559 0.4568 0.4567 0.4606 0.482 0.4689 0.4668 0.4679 0.4662 0.4594 0.4735 0.4847],[0.09364 0.09362 0.09333 0.09349 0.09346 0.09354 0.09373 0.0938 0.09418 0.09405 0.09437 0.09443 0.09434 0.09437 0.09432 0.09431 0.09335 0.09341 0.09361 0.09348 0.09302 0.09335 0.09346 0.09319],[0.423573 0.412983 0.404806 0.400924 0.387529 0.397229 0.408860 0.380996 0.383873 0.364165 0.371869 0.381985 0.389398 0.368193 0.375723 0.384578 0.413346 0.419564 0.399259 0.387859 0.394700 0.415814 0.399722 0.413185],[0.0376589 0.0411476 0.0329276 0.0416574 0.0348552 0.0409883 0.0340109 0.0417052 0.0284513 0.0407016 0.0359225 0.0323382 0.0270335 0.0329436 0.0377386 0.0295027 0.0338516 0.0373881 0.0447 0.0404785 0.0438239 0.0297257 0.0406697 0.0403511],[62774 62774 62774 62774 62774 62774 62774 62774 62774 62774 62774 62774 62774 62774 62774 62774 62774 62774 62774 62774 62774 62774 62774 62774 62774 62774 62774 62774 62774 62774 62774 62774 62774 62774 62774 62774 62774 62774 62774 62774 62774 62774 62774 62774 62774 62774 62774 62774],[3410 3453 3517 3581 3541 3545 3362 3543 4059 4078 3974 4043 3920 3978 4057 4088 3519 3628 3510 3591 3620 3685 3563 3468],[919 1068 990 905 847 954 1042 1000 1153 1257 1079 1223 1177 1159 1249 1328 1167 1035 1080 1155 1042 1150 1088 1143],[52567 52376 52408 52419 52519 52403 52486 52343 51650 51535 51797 51580 51755 51713 51547 51438 52228 52247 52308 52160 52273 52079 52256 52313],[2467 2685 2546 2747 2620 2694 2489 2794 2695 2680 2752 2601 2691 2720 2747 2849 2656 2733 2699 2589 2742 2660 2667 2558],[0 3 0 7 8 15 7 0 0 0 0 0 0 0 0 0 21 42 69 24 48 0 33 21],[29 15 3 0 55 27 43 0 0 0 0 0 0 0 0 0 31 37 58 129 66 0 68 40],[200 203 201 200 188 210 183 178 195 225 209 206 220 209 233 195 191 198 196 206 194 198 187 193],[3057 3151 3232 3214 3084 3202 3102 3176 3929 3881 3797 3850 3693 3745 3771 3995 3194 3266 3146 3212 3301 3257 3409 3143]
cut_wmma-2,TITANV-SEP_RW-PAE,commit_df238_modified_15,205,32,32,1,64,1,1,4,816033,1277.8972,1042808832,17.4436,982,340,495,25,21194603,47346,670.7056,0,125979,0,0.9409,0.1796,14253106,330.853,237.179,0.436091,0.363409,493.238,493.238,0.363881,0.436657,17.4436,17.7809,130023,4854187,16551545,9411198,170306730,33681408,255,10256,13703858,133120,0,25726976,2097152,0,3796992,0.000510,0.000000,0.098521,0.505955,0.000000,0,0,0,0,0,0,0,0,0,0,0,0,[0.2407 0.2395 0.2383 0.239 0.2395 0.2388 0.2373 0.2378 0.2614 0.26 0.2598 0.2598 0.2595 0.2601 0.2571 0.2578 0.2391 0.2389 0.2397 0.2401 0.2388 0.2388 0.2363 0.2367],[0.1744 0.1738 0.1722 0.1722 0.1726 0.1726 0.1731 0.1734 0.1983 0.197 0.1979 0.198 0.1977 0.1974 0.1958 0.1965 0.1738 0.1733 0.176 0.1762 0.1753 0.1754 0.1732 0.1732],[0.379915 0.379467 0.377670 0.375910 0.378015 0.381462 0.379087 0.377712 0.370033 0.369261 0.372780 0.369922 0.376618 0.373709 0.372480 0.369343 0.392038 0.388243 0.392020 0.393771 0.396299 0.394248 0.394517 0.389934],[2.30643 2.28349 2.29031 2.28981 2.23246 2.25814 2.27656 2.29768 2.89394 2.8753 2.90086 2.90098 2.85267 2.88813 2.85085 2.9168 2.28672 2.30636 2.3229 2.30891 2.2757 2.28211 2.22929 2.27804],[578025 578025 578025 578025 578025 578025 578025 578025 578025 578025 578025 578025 578025 578025 578025 578025 578025 578025 578025 578025 578025 578025 578025 578025 578025 578025 578025 578025 578025 578025 578025 578025 578025 578025 578025 578025 578025 578025 578025 578025 578025 578025 578025 578025 578025 578025 578025 578025],[183841 183212 181298 182624 183614 183838 185929 184544 198773 198305 198820 199545 198954 197470 198856 199405 184513 184410 185818 184910 185254 184414 184946 184923],[70223 71567 72561 71109 70346 70409 71967 72116 68782 68865 69345 68863 69501 69405 70109 70487 73092 72320 71714 71758 72164 72889 73303 73169],[223157 222792 224618 224744 224305 224008 220071 221163 195850 196993 195454 195143 195306 197028 195860 194559 219940 221119 218733 219531 219303 219358 219652 219839],[58404 57803 57418 57347 57435 58008 58133 58174 64292 63249 63941 64139 63856 63586 63965 63855 56976 56686 58287 57802 58104 57604 57638 57076],[23615 23711 22863 22716 22281 23014 22978 22256 27508 27249 25251 26863 25433 27353 25850 26120 22981 23359 23376 24008 23388 22992 23377 22339],[60422 57983 57446 59936 61420 58861 59000 58350 70000 72105 72572 72548 74066 70946 70935 69032 59762 58823 57916 59581 58737 61551 59610 60736],[158218 157601 155360 155504 156837 156257 158554 158725 187602 186616 186375 186566 186297 184784 186460 187077 159401 159264 159835 159972 158769 159005 158368 158747],[22756 22486 22881 23128 22902 22881 22626 22307 22424 22501 22408 22709 22397 22401 22546 22551 23119 23401 22742 22785 23075 23181 23548 23629]
nvd_interval-0,TITANV-SEP_RW-PAE,commit_85e27_modified_0,35,1024,1,1,64,1,1,12,67309,1443.1263,97138283,4.0441,279,146,9,10,424882,4151,158.6248,0,0,0,0.6082,0.7395,278052,136.378,82.3448,0.101102,0.084252,8.58038,8.58038,0.0860595,0.103271,4.0441,8.5210,2706,735220,1300313,2223545,6117629,3327613,80,0,0,0,1923813,666266,0,46062,75062,0.000000,0.267947,0.030932,0.000000,0.275865,0.10,4.99,0.11,12.22,0.00,0.48,0.10,0.00,0.21,0.04,0.37,19.62,[0.2067 0.176 0.2116 0.1907 0.1932 0.1898 0.2045 0.2051 0.2458 0.2552 0.2515 0.2597 0.2305 0.2608 0.242 0.2608 0.2114 0.2172 0.1838 0.198 0.2193 0.218 0.1863 0.2257],[0.01466 0.0147 0.01376 0.01426 0.01462 0.01462 0.01386 0.01426 0.02848 0.0292 0.02815 0.02903 0.02869 0.02936 0.02836 0.0297 0.0146 0.01527 0.01454 0.01493 0.01443 0.0151 0.01412 0.01546],[0.553922 0.502463 0.590909 0.549738 0.572864 0.482412 0.571429 0.569149 0.531507 0.564103 0.540845 0.555844 0.560976 0.529114 0.559889 0.535802 0.614583 0.590698 0.541667 0.502439 0.668449 0.571429 0.573034 0.610860],[0.00874617 0.0110743 0.00176182 0.00656487 0.00765552 0.0116825 0.00239104 0.00599857 0.0221696 0.0261546 0.0119342 0.0323629 0.0177231 0.0236168 0.0120601 0.018583 0.00717312 0.0098578 0.00838961 0.0131088 0.00159403 0.010529 0.00339779 0.0102353],[47678 47678 47678 47678 47678 47678 47678 47678 47678 47678 47678 47678 47678 47678 47678 47678 47678 47678 47678 47678 47678 47678 47678 47678 47678 47678 47678 47678 47678 47678 47678 47678 47678 47678 47678 47678 47678 47678 47678 47678 47678 47678 47678 47678 47678 47678 47678 47678],[1096 1224 983 1097 1129 1165 998 1037 1815 1804 1646 1781 1875 1812 1753 1902 1026 1097 1186 1179 1001 1075 1089 1124],[591 858 603 764 731 801 608 617 972 1009 1034 984 1182 1010 1123 938 575 576 791 626 528 559 736 548],[45292 44895 45436 45137 45121 45015 45411 45344 43533 43473 43656 43529 43253 43456 43450 43422 45381 45277 45008 45161 45461 45324 45180 45269],[598 578 578 601 650 618 601 649 938 955 902 957 1005 927 933 986 603 610 568 621 595 637 582 626],[16 9 0 9 6 18 18 8 29 103 17 123 15 93 36 28 12 15 4 19 0 36 0 12],[47 25 0 11 48 7 12 11 31 191 87 200 24 190 62 185 42 61 33 63 74 44 11 110],[45 81 24 43 46 66 30 32 83 62 81 30 70 80 60 103 31 75 36 72 12 48 24 76],[531 645 487 570 578 613 531 556 1045 1061 950 980 1058 1043 1032 1052 512 537 653 618 477 539 594 486]
rod_lavamd-0,TITANV-SEP_RW-PAE,commit_85e27_modified_0,31,1000,1,1,128,1,1,9,4547263,2963.2593,13474724576,3.0021,262,108,13,25,30076076,46369,115.3301,893,0,0,0.8975,0.3020,13657201,98.7149,35.1226,0.0750522,0.0625435,11.61,11.61,0.0625706,0.0750847,3.0021,4.2704,3850,49942,497229064,6857432,196491930,538974080,56,7200,4868401,17561600,289774400,171309792,0,0,46159200,0.012069,0.597422,0.117729,0.000000,0.000000,0.14,0.59,0.02,10.46,0.00,3.67,0.58,0.00,0.00,0.07,1.79,18.34,[0.2004 0.2034 0.2042 0.2008 0.2002 0.2049 0.205 0.1995 0.222 0.2268 0.2249 0.2233 0.223 0.2234 0.2263 0.223 0.1995 0.1997 0.201 0.2011 0.2001 0.1982 0.2019 0.1963],[0.02265 0.02264 0.02249 0.02268 0.02279 0.02242 0.02299 0.02246 0.03669 0.03726 0.03763 0.0371 0.03747 0.03722 0.03718 0.03713 0.02228 0.02271 0.0225 0.02192 0.02286 0.02228 0.02235 0.02273],[0.284073 0.278995 0.274550 0.288504 0.284469 0.279737 0.278125 0.291571 0.284014 0.279279 0.272208 0.286833 0.285234 0.272120 0.272253 0.289399 0.282212 0.273281 0.269675 0.291130 0.279982 0.276417 0.276933 0.280343],[0.280595 0.288308 0.283079 0.279173 0.284467 0.292193 0.281523 0.266708 0.438021 0.440794 0.452574 0.433961 0.4346 0.452598 0.449116 0.435425 0.276792 0.291242 0.280808 0.262037 0.292343 0.280861 0.283906 0.28859],[3220979 3220979 3220979 3220979 3220979 3220979 3220979 3220979 3220979 3220979 3220979 3220979 3220979 3220979 3220979 3220979 3220979 3220979 3220979 3220979 3220979 3220979 3220979 3220979 3220979 3220979 3220979 3220979 3220979 3220979 3220979 3220979 3220979 3220979 3220979 3220979 3220979 3220979 3220979 3220979 3220979 3220979 3220979 3220979 3220979 3220979 3220979 3220979],[127938 127157 125986 128450 129051 124966 128781 127435 198585 198264 202542 199819 203539 200867 198585 200855 126486 129027 128059 123338 130259 127096 126643 130989],[65877 64312 63650 65547 65340 62977 64533 65530 91949 90212 93057 92448 92724 93473 91715 92358 65399 66530 66226 62894 67633 66279 65563 68174],[2954194 2956592 2958902 2953929 2953192 2960807 2953609 2955670 2812263 2812485 2804175 2809215 2804025 2806751 2810935 2808186 2957335 2952266 2954223 2964136 2949449 2955829 2956789 2948598],[53509 53919 53524 54114 53907 53475 54956 53121 83334 84934 86326 84682 85390 84991 84753 84727 52818 53864 52924 51256 54138 53015 53095 53972],[4699 4543 4616 4668 4921 4491 4890 4445 12345 12404 12136 12982 13062 12029 12645 12439 4679 4899 4919 4345 4868 4519 4520 4999],[17772 17245 16547 17838 17194 15805 17458 16993 41753 40321 42200 40068 41453 39565 40174 41997 16227 17225 17061 17165 17076 16868 16457 17024],[50168 49474 48932 50229 50923 49108 50414 49905 76379 75383 77428 76138 78068 77106 76073 77049 49403 51486 51218 48375 51931 49797 49762 51942],[24191 23933 23293 23480 24316 22276 23661 23915 40449 39452 41236 40280 41334 40948 40209 40491 23940 24252 24113 22928 24290 24538 23141 25110]
rod_pathfinder-0,TITANV-SEP_RW-PAE,commit_85e27_modified_0,30,463,1,1,256,1,1,6,28147,4478.3472,126061000,11.0919,315,43,10,19,343526,1863,428.6561,0,0,0,0.9995,0.8856,314225,33.4947,23.1371,0.277297,0.231081,9.09512,9.09512,0.232561,0.279073,11.0919,12.3840,1070,2986,1247843,567823,2431476,4318864,16,2048,295764,0,0,3237296,0,0,551896,0.000000,0.000000,0.359393,0.000000,0.000000,2.26,2.59,0.02,11.98,0.00,0.00,0.92,0.00,0.00,0.20,1.22,20.19,[0.6641 0.6738 0.6703 0.674 0.6729 0.6732 0.672 0.6681 0.6799 0.6737 0.6806 0.6798 0.676 0.6699 0.6743 0.6717 0.6705 0.6678 0.6736 0.6705 0.6741 0.6746 0.6657 0.6724],[0.5482 0.5481 0.5481 0.5481 0.5481 0.5483 0.5485 0.5485 0.5485 0.5485 0.5485 0.5485 0.5485 0.5485 0.5481 0.5481 0.5493 0.5493 0.5493 0.5493 0.5493 0.5493 0.5493 0.5493],[0.410887 0.408492 0.407577 0.406296 0.428258 0.417947 0.400512 0.415508 0.399689 0.391734 0.415051 0.410113 0.408010 0.407827 0.415813 0.398701 0.400201 0.399470 0.420106 0.413806 0.412619 0.399744 0.399836 0.411158],[6.76694 7.55128 7.09328 7.2304 6.36872 6.77446 7.20327 6.81905 6.90732 7.0015 6.82722 7.06625 6.91228 7.22689 7.15472 7.73499 7.33096 7.39119 6.57821 7.00497 6.77812 7.14409 7.11731 6.76664],[19939 19939 19939 19939 19939 19939 19939 19939 19939 19939 19939 19939 19939 19939 19939 19939 19939 19939 19939 19939 19939 19939 19939 19939 19939 19939 19939 19939 19939 19939 19939 19939 19939 19939 19939 19939 19939 19939 19939 19939 19939 19939 19939 19939 19939 19939 19939 19939],[3594 3401 3326 3420 3450 3347 3340 3573 3285 3404 3178 3229 3467 3348 3346 3365 3305 3467 3497 3534 3537 3401 3373 3301],[840 808 807 772 885 875 973 876 734 814 789 855 799 936 806 832 828 818 709 825 788 866 1002 981],[4575 4802 4878 4819 4676 4785 4690 4554 4984 4785 5036 4919 4737 4719 4859 4814 4854 4702 4781 4628 4662 4720 4612 4705],[3063 2897 2860 2733 2838 2681 2864 2973 2794 3008 2715 2850 2883 2727 2779 2843 2825 2906 2972 2891 2841 2796 2725 2634],[0 0 0 0 0 0 0 0 0 0 0 0 0 0 0 0 0 0 0 0 0 0 0 0],[0 0 0 0 0 0 0 0 0 0 0 0 0 0 0 0 0 0 0 0 0 0 0 0],[2169 2084 2158 2232 2070 2121 2037 2139 1989 2019 2027 1982 2099 2149 2130 2137 2085 2128 2111 2252 2218 2217 2084 2162],[0 0 0 0 0 0 0 0 0 0 0 0 0 0 0 0 0 0 0 0 0 0 0 0]
cut_wmma-0,TITANV-SEP_RW-PAE,commit_85e27_modified_0,21,16,8,1,64,1,1,2,53746,676.7225,36372480,9.2655,311,122,59,7,830166,12226,368.9967,0,3553,0,0.9541,0.1602,516480,111.685,64.5643,0.231637,0.19303,56.4358,56.4358,0.200193,0.240232,9.2655,12.4597,12563,3407494,383017,6627550,5456603,1175040,255,10256,425984,16640,0,893440,65536,0,130560,0.000967,0.000000,0.051946,0.240054,0.000000,0.12,5.52,0.01,4.67,0.00,0.00,0.22,0.00,0.00,0.07,0.00,11.61,[0.1071 0.1028 0.109 0.1045 0.1079 0.1017 0.1072 0.105 0.1532 0.1492 0.16 0.1538 0.1537 0.1496 0.1583 0.1551 0.1117 0.1051 0.1105 0.1053 0.1116 0.1056 0.1111 0.1061],[0.01455 0.0135 0.01555 0.01408 0.01439 0.01334 0.01544 0.01418 0.02784 0.02795 0.02952 0.02742 0.02753 0.02774 0.02952 0.02732 0.01366 0.0146 0.01408 0.01345 0.01366 0.0146 0.01418 0.01345],[0.806859 0.776265 0.758446 0.796642 0.799270 0.767717 0.751701 0.796296 0.830189 0.783835 0.779359 0.793103 0.832061 0.783144 0.784698 0.799038 0.857692 0.793165 0.804105 0.789062 0.857692 0.794964 0.807407 0.781250],[0.0590213 0.0604922 0.0702635 0.0606236 0.0588637 0.0592052 0.0719708 0.0593102 0.101232 0.122508 0.119225 0.116414 0.0987366 0.121904 0.119619 0.112579 0.0438654 0.0619106 0.0484621 0.0585485 0.0435239 0.0630138 0.0488298 0.0576817],[38071 38071 38071 38071 38071 38071 38071 38071 38071 38071 38071 38071 38071 38071 38071 38071 38071 38071 38071 38071 38071 38071 38071 38071 38071 38071 38071 38071 38071 38071 38071 38071 38071 38071 38071 38071 38071 38071 38071 38071 38071 38071 38071 38071 38071 38071 38071 38071],[1147 1151 1276 1135 1148 1147 1298 1149 1731 1933 1814 1846 1716 1919 1808 1841 923 1188 1012 1082 915 1219 1008 1051],[812 876 847 793 822 842 892 815 1015 1156 1098 1087 991 1152 1101 1059 575 882 647 751 568 887 640 755],[35558 35530 35356 35607 35553 35574 35293 35567 34265 33918 34035 34094 34316 33944 34038 34131 36053 35445 35876 35726 36068 35409 35883 35753],[269 260 321 264 256 252 314 275 414 464 529 466 409 457 507 463 238 271 279 258 237 284 268 247],[0 0 0 0 0 0 0 0 0 0 0 0 0 0 0 0 0 0 0 0 0 0 0 0],[0 0 0 0 0 0 0 0 0 0 0 0 0 0 0 0 0 0 0 0 0 0 0 0],[928 954 1075 948 945 948 1097 935 1527 1772 1693 1654 1518 1765 1703 1657 724 981 798 879 721 998 800 869],[0 0 0 0 0 0 0 0 0 0 0 0 0 0 0 0 0 0 0 0 0 0 0 0]
rod_heartwall-0,TITANV-SEP_RW-PAE,commit_85e27_modified_0,26,51,1,1,256,1,1,1,10800,374.4029,4044300,3.7695,156,25,7,11,35030,3399,155.3526,0,0,0,0.8286,0.4801,43701,15.1138,8.83703,0.0942372,0.078531,5.44029,5.44029,0.0842842,0.101141,3.7695,6.3138,2618,306,0,1021301,1022561,130968,44,11872,18819,0,0,95523,0,8364,21726,0.000000,0.000000,0.027635,0.000000,0.016938,0.01,13.16,0.01,15.56,0.00,0.00,0.00,0.00,0.00,0.00,0.06,29.80,[0.1099 0.1239 0.1053 0.1412 0.09091 0.09091 0.08421 0.1053 0.09524 0.1111 0.06122 0.1081 0.1084 0.09524 0.1111 0.09524 0.1 0.1091 0.07273 0.1091 0.08421 0.1 0.1091 0.07273],[0.001307 0.00183 0.001046 0.001568 0.001307 0.001307 0.001046 0.001307 0.001568 0.00183 0.001568 0.001568 0.002353 0.001568 0.00183 0.001568 0.0005228 0.0007842 0.0005228 0.0007842 0.001046 0.0005228 0.0007842 0.0005228],[0.800000 0.928571 0.750000 0.666667 0.800000 0.800000 0.750000 0.600000 0.666667 0.571429 0.333333 0.500000 0.500000 0.666667 0.571429 0.666667 0.500000 0.666667 1.000000 0.666667 0.625000 0.500000 0.666667 1.000000],[0.0066658 0.00352895 0.0066658 0.0103254 0.0066658 0.0066658 0.0066658 0.0101947 0.0117632 0.0152921 0.0211737 0.0152921 0.0203895 0.0117632 0.0152921 0.0117632 0.00509737 0.00509737 0.00156842 0.00509737 0.0066658 0.00509737 0.00509737 0.00156842],[7651 7651 7651 7651 7651 7651 7651 7651 7651 7651 7651 7651 7651 7651 7651 7651 7651 7651 7651 7651 7651 7651 7651 7651 7651 7651 7651 7651 7651 7651 7651 7651 7651 7651 7651 7651 7651 7651 7651 7651 7651 7651 7651 7651 7651 7651 7651 7651],[30 32 29 28 30 30 29 31 32 34 56 33 49 32 34 32 15 16 14 16 29 15 16 14],[0 0 0 0 0 0 0 0 12 12 36 12 12 12 12 12 0 0 0 0 0 0 0 0],[7611 7605 7614 7611 7611 7611 7614 7610 7595 7591 7547 7594 7572 7595 7591 7595 7632 7629 7633 7629 7614 7632 7629 7633],[6 8 5 7 6 6 5 7 8 10 8 9 13 8 10 8 3 4 2 4 5 3 4 2],[0 0 0 0 0 0 0 0 0 0 0 0 0 0 0 0 0 0 0 0 0 0 0 0],[0 0 0 0 0 0 0 0 0 0 0 0 0 0 0 0 0 0 0 0 0 0 0 0],[24 24 24 22 24 24 24 24 24 24 48 24 36 24 24 24 12 12 12 12 24 12 12 12],[0 0 0 0 0 0 0 0 0 0 0 0 0 0 0 0 0 0 0 0 0 0 0 0]
nvd_blackscholes-0,TITANV-SEP_RW-PAE,commit_85e27_modified_0,33,15625,1,1,128,1,1,16,184062,1586.4048,292000000,13.5870,3231,2347,67,182,2232948,5587140,522.2587,9,0,0,1.0000,0.9987,2503360,226.467,182.775,0.339675,0.283063,65.0787,65.0787,0.283343,0.340012,13.5870,13.9841,1504,261245,953584,1332548,46626087,9187500,26,0,1500000,5750000,0,1250000,0,1250000,812500,0.097622,0.000000,0.021222,0.000000,0.106111,21.51,2.60,0.00,61.36,0.19,0.00,0.08,0.00,0.03,0.18,0.36,87.31,[0.8289 0.8287 0.828 0.8278 0.8269 0.8271 0.827 0.8273 0.8204 0.8251 0.8219 0.8243 0.8233 0.8166 0.8254 0.8223 0.8237 0.8272 0.8286 0.827 0.8277 0.8225 0.8285 0.8263],[0.7717 0.7721 0.7724 0.7727 0.7723 0.7724 0.7726 0.7723 0.7728 0.7728 0.7731 0.7731 0.7726 0.7728 0.7728 0.7725 0.7726 0.7728 0.7729 0.7738 0.7729 0.7733 0.7733 0.7729],[0.119346 0.125534 0.113984 0.115911 0.121444 0.116500 0.115849 0.113769 0.108273 0.107901 0.104082 0.106343 0.102962 0.112198 0.103832 0.107034 0.118005 0.116250 0.120920 0.116376 0.116591 0.115944 0.117001 0.111234],[54.678 54.5965 54.6924 54.8679 54.0875 54.4903 54.7973 54.7183 56.3117 55.7798 56.2585 55.8157 55.9441 56.3814 55.7159 56.2923 55.5491 54.6855 54.4234 54.6941 54.6901 55.1241 54.5527 55.0549],[130378 130378 130378 130378 130378 130378 130378 130378 130378 130378 130378 130378 130378 130378 130378 130378 130378 130378 130378 130378 130378 130378 130378 130378 130378 130378 130378 130378 130378 130378 130378 130378 130378 130378 130378 130378 130378 130378 130378 130378 130378 130378 130378 130378 130378 130378 130378 130378],[20136 20106 20345 20244 20123 20289 20245 20432 21712 20770 21560 20921 21189 22297 20880 21465 21005 20240 20212 20442 20162 20984 20108 20606],[217 372 221 318 455 338 450 266 187 297 129 335 232 259 193 199 291 392 337 328 409 401 333 292],[9407 9236 9108 9072 9104 9047 8947 8984 7719 8559 7889 8322 8221 7070 8545 7994 8346 8994 9061 8720 9039 8169 9121 8712],[13202 13743 13470 13830 13450 13598 13353 14039 13273 12109 13477 12637 12699 13329 12664 12662 13620 13199 13131 13232 12889 13548 12687 13611],[18121 19450 17898 18665 18222 18346 18337 18948 18134 17521 18632 17769 18318 18382 18279 17473 19402 18902 18362 19871 18068 19175 17716 19432],[90479 83567 91374 86851 83662 89656 88013 91317 92341 87381 87240 87261 86767 89569 84916 87223 87396 84483 85198 83652 85725 87872 83762 87644],[9476 9844 9825 9957 9357 10091 9802 9689 11771 10989 12068 11543 11444 11876 11181 11719 11019 10394 10104 10477 10151 10471 10183 9961],[6523 6493 6725 6612 6737 6519 6915 6881 8913 8665 8343 8335 8335 8852 8729 8765 7140 6963 6497 7147 6871 7151 6476 7060]
nvd_fdtd3d-0,TITANV-SEP_RW-PAE,commit_85e27_modified_0,34,12,24,1,32,16,1,1,2140304,1482.3763,3172739184,10.0297,317,89,12,67,17013576,10776,385.4464,0,0,0,0.8672,0.8289,21483680,79.851,32.6517,0.250744,0.208953,10.1573,10.1573,0.209118,0.250942,10.0297,10.3475,7923,15299,2389147,52132429,434354237,113877264,80,3840,13119776,43315200,0,18237456,0,0,41652480,0.063243,0.000000,0.026628,0.000000,0.000000,1.76,0.70,0.00,15.61,0.00,0.00,0.02,0.00,0.00,0.00,0.11,19.19,[0.4954 0.4955 0.4955 0.4958 0.4953 0.4956 0.4956 0.4952 0.4724 0.4721 0.4723 0.4721 0.4722 0.4723 0.4716 0.4725 0.4521 0.4527 0.4525 0.4519 0.4524 0.4521 0.4522 0.4521],[0.4737 0.4731 0.4732 0.4736 0.4733 0.4734 0.4737 0.4732 0.4508 0.4511 0.451 0.4509 0.4509 0.451 0.4509 0.4508 0.4306 0.4309 0.431 0.4305 0.431 0.4305 0.4304 0.4309],[0.125869 0.128678 0.126665 0.127356 0.128020 0.127783 0.126873 0.128431 0.135607 0.135435 0.136014 0.136293 0.136202 0.136946 0.135347 0.135435 0.139599 0.139831 0.139330 0.140459 0.140340 0.140069 0.140070 0.140326],[13.5359 13.29 13.5487 13.4113 13.4366 13.4172 13.4508 13.2961 11.1046 11.1507 11.2199 11.1076 11.1286 11.1031 11.074 11.0959 9.9661 9.90378 10.001 9.9177 9.92534 9.91045 9.87518 9.87988],[1516050 1516050 1516050 1516050 1516050 1516050 1516050 1516050 1516050 1516050 1516050 1516050 1516050 1516050 1516050 1516050 1516050 1516050 1516050 1516050 1516050 1516050 1516050 1516050 1516050 1516050 1516050 1516050 1516050 1516050 1516050 1516050 1516050 1516050 1516050 1516050 1516050 1516050 1516050 1516050 1516050 1516050 1516050 1516050 1516050 1516050 1516050 1516050],[673816 674186 675627 673768 673890 675290 674610 675749 697788 698314 698303 698000 699286 697579 698987 697545 709344 709872 710830 711811 711584 711195 708736 711019],[42279 41889 40499 41565 42108 40932 41550 41423 49186 49518 49131 50324 49090 50098 49509 49453 61547 59853 60616 60216 60268 60388 61070 60519],[81733 82753 82510 82665 82537 82166 81784 81483 85650 84361 84910 84108 84040 84583 84039 85675 92299 93062 91246 91301 90743 91782 93766 91301],[300689 300717 302129 302521 301336 300707 301584 301770 299092 298110 297404 298755 298925 299909 297528 297791 291183 291927 292507 292463 292220 291883 290526 291338],[337682 338337 341188 338648 340066 342475 334794 338615 332012 332059 331651 330916 330042 330058 331435 329475 321503 321077 322475 320777 318859 322473 321587 321229],[1267015 1256579 1277184 1266337 1259505 1272152 1272828 1263671 1162329 1165208 1172286 1156036 1167891 1166441 1158417 1168968 1096132 1079452 1090177 1086737 1091441 1093901 1079982 1089204],[595135 593880 595407 594910 594471 595187 594077 592605 574073 574968 576034 574592 575282 574804 576896 574287 565606 565979 568066 566431 567265 567009 565652 567712],[320912 321144 322162 321990 322130 323135 321906 321237 340781 341989 341003 341807 340925 342594 341728 341491 344885 344812 346062 345991 344520 344868 344979 345121]
parb_stencil-0,TITANV-SEP_RW-PAE,commit_85e27_modified_0,23,8,128,1,32,4,1,13,395731,1629.8723,644994210,14.0819,1125,557,12,214,3891976,4902794,541.1012,11447,0,0,1.0000,0.8265,5576344,41.9021,36.2136,0.352047,0.293372,10.8154,10.8154,0.293566,0.352279,14.0819,14.2849,13513,76882,568900,2038664,96885218,24669160,32,0,3547704,4047360,0,9255992,0,0,5063352,0.031961,0.000000,0.073092,0.000000,0.000000,15.81,1.65,0.13,42.99,0.00,0.00,0.08,0.00,0.00,0.05,0.25,61.96,[0.6977 0.6963 0.6814 0.6833 0.6763 0.6774 0.6828 0.6825 0.7081 0.7062 0.6958 0.6952 0.6913 0.6932 0.6957 0.6979 0.6982 0.7027 0.684 0.6864 0.6816 0.6829 0.6853 0.6873],[0.683 0.6816 0.6669 0.6692 0.6633 0.6644 0.6707 0.6698 0.6932 0.6924 0.6819 0.6813 0.6783 0.6797 0.6833 0.6849 0.6836 0.6883 0.6703 0.6727 0.6677 0.6698 0.6722 0.6748],[0.062124 0.060567 0.069780 0.068747 0.072894 0.069920 0.069751 0.066030 0.055399 0.057688 0.059275 0.059625 0.064094 0.061670 0.059411 0.057056 0.060266 0.058150 0.070566 0.068227 0.070715 0.069368 0.069459 0.064290],[56.342 56.239 47.4836 49.2481 43.8598 47.5995 49.6421 50.488 60.1109 60.2154 53.4924 55.1452 51.5839 54.2518 56.8124 58.9879 57.2054 59.8994 49.0156 50.5823 47.1061 49.0311 50.839 54.2607],[280311 280311 280311 280311 280311 280311 280311 280311 280311 280311 280311 280311 280311 280311 280311 280311 280311 280311 280311 280311 280311 280311 280311 280311 280311 280311 280311 280311 280311 280311 280311 280311 280311 280311 280311 280311 280311 280311 280311 280311 280311 280311 280311 280311 280311 280311 280311 280311],[81404 81404 85945 85599 87135 86745 85178 85246 78708 79221 82189 82333 83215 82409 81673 81159 80887 79920 85366 84689 85579 85311 84854 83864],[765 1018 866 694 1097 1092 1264 1172 663 712 772 850 923 1059 1186 1036 1129 830 828 850 1018 1037 967 1275],[6703 6823 6552 6424 6157 6227 5861 6128 6634 6303 6207 6153 6029 6329 5902 6123 6662 6620 6231 6217 6559 6205 6078 6011],[41213 41180 41082 41334 41823 41822 41982 41209 39979 40293 40390 40529 40411 40323 40441 40224 40846 41453 42397 41619 41440 41366 41828 41229],[80670 79102 80450 82517 83965 84439 84980 81833 76391 79562 83160 82498 82490 82088 79851 79766 78282 79351 82554 83392 85271 84912 82639 81839],[382084 380974 373584 369796 367604 373174 365360 374758 391337 383926 373296 378194 375757 379605 382834 383823 371363 383901 366901 371740 365464 367515 366177 371537],[124570 125709 121037 124221 121001 124709 121577 125648 124923 126474 123074 126152 122599 124924 123703 125997 124452 126158 121809 122768 120683 123018 122857 125500],[54524 54424 57388 56738 57413 57438 56380 55973 54561 54345 55838 56931 57043 55804 55735 55286 54381 53240 56663 55831 57021 55944 55467 55123]
parb_lbm-0,TITANV-SEP_RW-PAE,commit_85e27_modified_0,24,120,150,1,120,1,1,12,804360,531.8235,427778603,13.9878,17926,16469,587,243,8487448,26433411,537.3084,176188,0,0,1.0000,0.9996,11254960,3622.19,3234.72,0.349696,0.291413,585.655,585.655,0.291508,0.34981,13.9878,14.0170,178667,66946,3441942,4045093,233731937,15543906,40,0,5400000,10655064,0,1483533,0,197316,2952000,0.041396,0.000000,0.005764,0.000000,0.002300,94.02,4.63,0.02,118.16,0.12,0.00,0.05,0.00,0.00,0.38,0.20,218.58,[0.7802 0.7786 0.7808 0.7798 0.781 0.7812 0.7814 0.7816 0.779 0.7795 0.7777 0.7778 0.7809 0.7786 0.7784 0.781 0.7808 0.7822 0.7815 0.7803 0.7822 0.781 0.7798 0.7802],[0.774 0.774 0.774 0.774 0.774 0.774 0.774 0.7741 0.774 0.7741 0.7741 0.7741 0.774 0.7741 0.7741 0.774 0.774 0.774 0.774 0.774 0.774 0.774 0.7739 0.7739],[0.093289 0.093899 0.092195 0.094889 0.094080 0.092688 0.093442 0.093916 0.086658 0.085593 0.086283 0.087525 0.085932 0.087977 0.088227 0.086816 0.093750 0.092924 0.093884 0.093890 0.093827 0.093123 0.093716 0.095193],[58.1363 58.4883 58.2071 58.2187 57.9642 58.1425 57.8648 58.1351 59.2709 59.3202 59.221 59.1365 58.5651 59.2547 59.2216 58.8056 58.0756 57.8484 58.1758 58.271 58.0238 58.0053 58.2239 58.0796],[569756 569756 569756 569756 569756 569756 569756 569756 569756 569756 569756 569756 569756 569756 569756 569756 569756 569756 569756 569756 569756 569756 569756 569756 569756 569756 569756 569756 569756 569756 569756 569756 569756 569756 569756 569756 569756 569756 569756 569756 569756 569756 569756 569756 569756 569756 569756 569756],[121890 123103 121119 122291 121020 120922 120731 120608 122889 122575 123905 123803 120952 123407 123249 121019 121168 119979 120747 121824 120024 121161 122050 121324],[1679 1781 1834 1684 1886 1824 1895 1891 1547 1620 1549 1588 1777 1434 1673 1835 1891 1901 1729 1676 1944 1819 1821 2148],[5222 3860 5799 4801 5881 6047 6117 6226 4325 4539 3274 3324 6041 3879 3811 5904 5732 6906 6316 5292 6790 5791 4926 5336],[78948 78868 77950 79230 78368 78015 77477 77539 75418 75215 75947 76064 73969 75684 74828 73117 77396 77595 77710 78271 77900 77908 77542 79128],[112675 114276 111734 110597 110586 110545 108529 110878 107106 107124 111488 110703 107837 104626 105907 107200 110994 108014 110061 106870 107390 109176 110434 112122],[508894 510050 501520 506839 502968 505246 511263 502702 516666 520479 518169 520873 509451 527675 524329 514047 500813 508080 505879 519143 506423 504485 511897 502442],[108202 109121 107729 109002 107779 106465 106915 108059 111348 110523 112302 112290 109868 112196 111957 109769 108547 106326 107213 108365 106766 106657 108632 108563],[58915 60159 59786 59670 59034 59004 58878 58918 64731 64171 65986 65012 63484 63750 65647 63196 58925 59038 58789 58680 58180 59037 60569 59083]
rod_streamcluster-0,TITANV-SEP_RW-PAE,commit_85e27_modified_0,29,128,1,1,512,1,1,2,140778,950.6646,133834562,16.4260,478,54,19,73,1941628,104446,631.3025,36,52064,0,0.7951,0.9622,2314447,40.8847,31.3729,0.410649,0.342208,17.3062,17.3062,0.342504,0.411004,16.4260,16.7036,53457,592569,116659,568305,38621822,4224437,40,0,2246813,1060554,0,1927666,0,0,1088916,0.023542,0.000000,0.042790,0.000000,0.000000,0.42,1.51,0.03,61.36,0.00,0.00,0.03,0.00,0.00,0.09,0.08,64.52,[0.9553 0.957 0.9582 0.9579 0.9587 0.9595 0.9571 0.9562 0.9602 0.9626 0.9585 0.9588 0.9598 0.9582 0.9589 0.9587 0.9577 0.9593 0.9584 0.9584 0.958 0.9575 0.9584 0.958],[0.9328 0.9331 0.9333 0.9333 0.9332 0.9333 0.9331 0.9334 0.9358 0.9363 0.936 0.9361 0.9366 0.9368 0.9365 0.9364 0.9329 0.9336 0.9336 0.9332 0.9336 0.9335 0.9332 0.933],[0.112745 0.111029 0.111504 0.108712 0.106498 0.111724 0.108502 0.100856 0.106962 0.101524 0.108013 0.113247 0.106362 0.112484 0.111693 0.104581 0.108036 0.107706 0.109235 0.111663 0.112844 0.102133 0.105009 0.105728],[47.0663 45.3144 45.7506 47.2024 46.5612 46.0145 47.5295 49.1397 46.4507 49.4897 48.1983 47.1635 47.0434 46.5479 47.2605 48.0021 46.6001 48.7427 47.982 46.166 44.3703 48.5061 45.5051 48.132],[99719 99719 99719 99719 99719 99719 99719 99719 99719 99719 99719 99719 99719 99719 99719 99719 99719 99719 99719 99719 99719 99719 99719 99719 99719 99719 99719 99719 99719 99719 99719 99719 99719 99719 99719 99719 99719 99719 99719 99719 99719 99719 99719 99719 99719 99719 99719 99719],[3710 3651 3606 3640 3482 3473 3490 3635 3353 3187 3483 3454 3324 3628 3642 3523 3531 3438 3403 3473 3456 3555 3508 3555],[373 297 240 292 281 265 375 375 255 214 286 336 315 269 253 361 304 254 313 293 367 349 286 339],[2618 2722 2809 2719 2896 2913 2810 2627 2789 2947 2617 2585 2680 2409 2436 2455 2855 2928 2908 2891 2802 2726 2863 2788],[3377 3372 3502 3481 3436 3220 3276 3305 3045 3036 3170 3283 3006 3510 3420 3083 3309 3299 3435 3376 3287 3421 3262 3465],[586 749 671 554 732 510 552 563 625 729 590 825 797 791 633 684 600 690 581 511 552 668 638 568],[2185 2353 2560 3237 2987 2593 2750 3186 3819 4802 4641 3773 4378 4721 5837 4254 2501 2929 2538 2493 2822 2550 2748 3021],[4491 4245 4517 4455 4270 4170 4105 4163 3852 3801 3990 4062 3821 4332 4306 3933 4218 4414 4278 4366 4260 4336 4253 4242],[523 448 434 489 454 450 390 449 659 686 695 691 720 757 797 753 359 417 408 386 441 447 402 424]
parb_cutcp-0,TITANV-SEP_RW-PAE,commit_85e27_modified_0,22,11,11,1,8,2,8,2,630050,745.8051,469895962,0.2800,154,22,7,8,177870,7063,11.3194,0,0,0,1.0000,0.0428,185724,12.8495,7.937,0.00700117,0.00583431,5.58817,5.58817,0.00614116,0.00736939,0.2800,1.8372,5562,1935,8125,16650814,121372503,16524655,29,4116,162140,9181929,0,2821733,0,660921,1663568,0.045542,0.000000,0.013996,0.000000,0.022947,1.72,0.75,0.08,9.23,0.00,0.00,0.00,0.00,0.00,0.00,0.02,12.81,[0.05 0.09677 0.08759 0.1143 0.1081 0.09412 0.1143 0.1081 0.1026 0.1135 0.1103 0.1026 0.1135 0.1103 0.1026 0.1135 0.1081 0.05 -nan -nan -nan -nan -nan -nan],[4.481e-06 1.344e-05 2.689e-05 1.793e-05 1.793e-05 1.793e-05 1.793e-05 1.793e-05 3.585e-05 3.585e-05 3.585e-05 3.585e-05 3.585e-05 3.585e-05 3.585e-05 3.585e-05 1.793e-05 4.481e-06 0 0 0 0 0 0],[1.000000 1.000000 0.750000 0.750000 0.875000 1.000000 0.750000 0.875000 0.687500 0.562500 0.625000 0.687500 0.562500 0.625000 0.687500 0.562500 1.000000 1.000000 -nan -nan -nan -nan -nan -nan],[2.68885e-05 2.68885e-05 0.000194942 8.73877e-05 3.36107e-05 2.68885e-05 8.29063e-05 3.36107e-05 0.000147887 0.000262163 0.000154609 0.000147887 0.000262163 0.000154609 0.000147887 0.000262163 2.91292e-05 2.68885e-05 0 0 0 0 0 0],[446287 446287 446287 446287 446287 446287 446287 446287 446287 446287 446287 446287 446287 446287 446287 446287 446287 446287 446287 446287 446287 446287 446287 446287 446287 446287 446287 446287 446287 446287 446287 446287 446287 446287 446287 446287 446287 446287 446287 446287 446287 446287 446287 446287 446287 446287 446287 446287],[13 15 31 17 17 16 17 17 34 35 35 34 35 35 34 35 17 13 0 0 0 0 0 0],[0 0 12 0 0 0 0 0 12 12 12 12 12 12 12 12 0 0 0 0 0 0 0 0],[446272 446266 446232 446262 446262 446263 446262 446262 446225 446224 446224 446225 446224 446224 446225 446224 446262 446272 446287 446287 446287 446287 446287 446287],[1 3 7 5 5 4 5 5 10 11 11 10 11 11 10 11 5 1 0 0 0 0 0 0],[0 0 0 0 0 0 0 0 0 0 0 0 0 0 0 0 0 0 0 0 0 0 0 0],[0 0 0 0 0 0 0 0 0 0 0 0 0 0 0 0 0 0 0 0 0 0 0 0],[12 12 24 12 12 12 12 12 24 24 24 24 24 24 24 24 12 12 0 0 0 0 0 0],[0 0 0 0 0 0 0 0 0 0 0 0 0 0 0 0 0 0 0 0 0 0 0 0]
cut_sgemm-1,TITANV-SEP_RW-PAE,commit_85e27_modified_0,20,32,16,1,256,1,1,2,1195192,5505.4463,6580076544,7.9067,570,355,60,30,7364710,49548,304.8286,0,44160,0,1.0000,0.2932,9487744,344.752,254.941,0.197668,0.164723,58.2761,58.2761,0.16538,0.198456,7.9067,8.6211,61075,6889,74489382,8576803,58624766,208011264,122,16400,8388608,134483968,0,56246272,0,0,13246464,0.351627,0.000000,0.147064,0.000000,0.000000,0.73,0.75,0.00,2.14,0.87,0.00,0.02,0.00,0.00,0.01,0.80,6.32,[0.3599 0.3615 0.3654 0.364 0.3606 0.3606 0.3631 0.3662 0.3625 0.3637 0.3626 0.3627 0.3609 0.3631 0.3643 0.3661 0.3604 0.365 0.3654 0.3638 0.364 0.3632 0.3645 0.3651],[0.1335 0.1335 0.133 0.1331 0.1329 0.1329 0.1336 0.1336 0.1338 0.1338 0.1338 0.1338 0.1337 0.1337 0.1339 0.1339 0.1326 0.1326 0.1329 0.1328 0.1328 0.1328 0.1326 0.1326],[0.400526 0.398640 0.399985 0.398108 0.396698 0.397912 0.399651 0.399746 0.399354 0.400752 0.400224 0.395866 0.401837 0.395322 0.399793 0.398295 0.397270 0.404708 0.399998 0.398270 0.396259 0.403301 0.404448 0.405086],[1.38717 1.41815 1.49679 1.49473 1.4559 1.49406 1.45906 1.46256 1.63214 1.71477 1.64216 1.71575 1.63971 1.61647 1.69813 1.56737 1.43416 1.39662 1.45817 1.5118 1.41335 1.37878 1.42958 1.43827],[846596 846596 846596 846596 846596 846596 846596 846596 846596 846596 846596 846596 846596 846596 846596 846596 846596 846596 846596 846596 846596 846596 846596 846596 846596 846596 846596 846596 846596 846596 846596 846596 846596 846596 846596 846596 846596 846596 846596 846596 846596 846596 846596 846596 846596 846596 846596 846596],[110951 110694 109120 109733 110981 111555 110556 109927 106890 107079 107608 108358 108972 107636 106787 107395 111050 108599 109035 109769 109470 110529 108214 108320],[34880 34962 33627 33499 35373 34825 34398 33932 36047 34941 35646 35322 35703 35310 34606 33852 34701 33359 33254 33679 33589 33546 33128 33474],[587727 587878 591217 590708 587698 587696 588502 589597 590347 591288 590042 589612 588693 590430 591847 591997 588613 592394 591827 590684 591081 590105 592974 592510],[60841 60403 59740 60584 60390 61133 61470 61019 59127 59563 59274 59600 60244 60158 59892 59904 61135 59520 60029 60311 60655 60437 60222 59951],[11775 12052 12862 12567 11867 12534 12784 12499 10617 11460 11183 11560 10661 11426 11238 11509 11921 11581 12289 12610 12202 12104 12999 12344],[53316 54271 56062 55894 53767 53325 53664 55579 45127 48059 47197 46898 49441 46961 47241 48159 54068 53802 53091 53620 52258 53158 52658 53729],[29385 28958 28503 28846 29213 29139 28607 28966 29205 28961 28928 29056 28991 28761 28690 28267 29003 28407 28896 28756 28877 28852 28038 28402],[28491 29011 28406 28946 29098 29430 28684 28326 26823 27335 26984 27381 28036 27393 26869 26601 29067 28323 28379 29146 28777 29356 29043 28746]
